counter,scenario,L,p,m,pairs_per_m,shots,n_trials,p_correct,wilson_lo,wilson_hi,mae,bias,p_out_of_range,fn_t0,fp_t0,fn_t1,fp_t1,fn_tq,fp_tq,t_quarter,boot_lo,boot_hi,pair_sd,pairs_used,k,num_qubits,depth,cx,seed_pairs,seed_sim,elapsed_s
adder,S1,2,0.0,0,8,1024,8192,1.0,0.9995312917117791,1.0,0.0,0.0,0.0,0.0,nan,0.0,nan,0.0,nan,0,1.0,1.0,0.0,8,2,8,33,27,20260920,761,0.10050220001721755
adder,S1,2,0.0,1,8,1024,8192,1.0,0.9995312917117791,1.0,0.0,0.0,0.0,nan,0.0,0.0,nan,nan,0.0,0,1.0,1.0,0.0,8,2,8,33,27,20260920,761,0.12322969996603206
adder,S1,2,0.0,2,8,1024,8192,1.0,0.9995312917117791,1.0,0.0,0.0,0.0,nan,0.0,nan,0.0,nan,0.0,0,1.0,1.0,0.0,8,2,8,33,27,20260920,761,0.13833779998822138
adder,S1,2,0.001,0,8,1024,8192,0.9859619140625,0.9831769378831388,0.9882913414880996,0.0194091796875,0.0194091796875,0.001708984375,0.0140380859375,nan,0.003662109375,nan,0.0140380859375,nan,0,0.9835205078125,0.9886474609375,0.0039732500445132934,8,2,8,33,27,20260920,761,1.187809799972456
adder,S1,2,0.001,1,8,1024,8192,0.9854736328125,0.9826457986554968,0.9878463759386793,0.01611328125,0.0029296875,0.0015869140625,nan,0.006591796875,0.0079345703125,nan,nan,0.006591796875,0,0.98291015625,0.9881591796875,0.004091502197559124,8,2,8,33,27,20260920,761,1.2553219000110403
adder,S1,2,0.001,2,8,1024,8192,0.9866943359375,0.9839751276928465,0.9889573088439852,0.01611328125,-0.01123046875,0.00244140625,nan,0.0028076171875,nan,0.0108642578125,nan,0.0028076171875,0,0.9840087890625,0.989501953125,0.0042064313317867665,8,2,8,33,27,20260920,761,1.3082747000153176
adder,S1,2,0.003,0,8,1024,8192,0.9586181640625,0.9540858486340011,0.9627205632217493,0.06103515625,0.06103515625,0.0067138671875,0.0413818359375,nan,0.012939453125,nan,0.0413818359375,nan,0,0.955322265625,0.96240234375,0.005644726752206266,8,2,8,33,27,20260920,761,1.33778879995225
adder,S1,2,0.003,1,8,1024,8192,0.959716796875,0.9552390579961473,0.9637635896079934,0.046630859375,0.01318359375,0.00634765625,nan,0.0167236328125,0.0235595703125,nan,nan,0.0167236328125,0,0.9552001953125,0.96435546875,0.0071333958771174575,8,2,8,33,27,20260920,761,1.344249600020703
adder,S1,2,0.003,2,8,1024,8192,0.9637451171875,0.9594750862670762,0.9675804257478282,0.043701171875,-0.033203125,0.0052490234375,nan,0.0074462890625,nan,0.031005859375,nan,0.0074462890625,0,0.96044921875,0.9674072265625,0.005410581811041251,8,2,8,33,27,20260920,761,1.2715172999887727
adder,S1,2,0.005,0,8,1024,8192,0.9359130859375,0.9304026633999634,0.9410148763223909,0.09423828125,0.09423828125,0.0106201171875,0.0640869140625,nan,0.01953125,nan,0.0640869140625,nan,0,0.9317626953125,0.9404296875,0.0067645648262835605,8,2,8,33,27,20260920,761,1.3784857999999076
adder,S1,2,0.005,1,8,1024,8192,0.9356689453125,0.9301492517044774,0.9407802356293458,0.0706787109375,0.0106201171875,0.00634765625,nan,0.030029296875,0.0343017578125,nan,nan,0.030029296875,0,0.931640625,0.93994140625,0.006423662824516676,8,2,8,33,27,20260920,761,1.3513394000474364
adder,S1,2,0.005,2,8,1024,8192,0.9393310546875,0.9339527816657825,0.9442974914960077,0.0706787109375,-0.0479736328125,0.0113525390625,nan,0.010009765625,nan,0.04931640625,nan,0.010009765625,0,0.93408203125,0.9442138671875,0.007975379045825685,8,2,8,33,27,20260920,761,1.355897500005085
adder,S1,2,0.01,0,8,1024,8192,0.87744140625,0.8701627189573929,0.8843662737117527,0.1763916015625,0.1763916015625,0.0179443359375,0.12255859375,nan,0.035888671875,nan,0.12255859375,nan,0,0.869873046875,0.88720703125,0.01331853681346275,8,2,8,33,27,20260920,761,1.4530187999480404
adder,S1,2,0.01,1,8,1024,8192,0.8792724609375,0.8720387653979653,0.8861506201851639,0.1380615234375,0.0323486328125,0.017333984375,nan,0.0528564453125,0.06787109375,nan,nan,0.0528564453125,0,0.872314453125,0.88623046875,0.010810929352062541,8,2,8,33,27,20260920,761,1.3370533999986947
adder,S1,2,0.01,2,8,1024,8192,0.879638671875,0.8724140372334477,0.8865074269324782,0.13916015625,-0.09912109375,0.02001953125,nan,0.018798828125,nan,0.100341796875,nan,0.018798828125,0,0.8719482421875,0.88623046875,0.01095877932404693,8,2,8,33,27,20260920,761,1.3151539000100456
adder,S1,2,0.02,0,8,1024,8192,0.77001953125,0.7607814774680353,0.7790044642474079,0.32958984375,0.32958984375,0.0303955078125,0.22998046875,nan,0.0692138671875,nan,0.22998046875,nan,0,0.7626953125,0.779052734375,0.012689945637574584,8,2,8,33,27,20260920,761,1.4844318999676034
adder,S1,2,0.02,1,8,1024,8192,0.778076171875,0.7689485826271796,0.7869430879097914,0.2581787109375,0.0675048828125,0.0362548828125,nan,0.0953369140625,0.1265869140625,nan,nan,0.0953369140625,0,0.76904296875,0.7884521484375,0.014945372153986315,8,2,8,33,27,20260920,761,1.2772659999900497
adder,S1,2,0.02,2,8,1024,8192,0.77734375,0.7682059191510201,0.7862215942203573,0.263916015625,-0.193359375,0.0352783203125,nan,0.041259765625,nan,0.1873779296875,nan,0.041259765625,0,0.7708740234375,0.7833282470703125,0.00966747552403483,8,2,8,33,27,20260920,761,1.2733785000164062
adder,S1,2,0.03,0,8,1024,8192,0.6881103515625,0.6779922591211933,0.6980521062420517,0.4664306640625,0.4664306640625,0.0484619140625,0.3118896484375,nan,0.1060791015625,nan,0.3118896484375,nan,0,0.6767578125,0.699462890625,0.017823937742621074,8,2,8,33,27,20260920,761,1.3337897000019439
adder,S1,2,0.03,1,8,1024,8192,0.6939697265625,0.683901309775034,0.7038563129129584,0.3619384765625,0.1016845703125,0.055908203125,nan,0.130126953125,0.1759033203125,nan,nan,0.130126953125,0,0.68603515625,0.701904296875,0.012185388179485777,8,2,8,33,27,20260920,761,1.2512199999764562
adder,S1,2,0.03,2,8,1024,8192,0.6923828125,0.6823007557838099,0.7022845263787301,0.3687744140625,-0.2601318359375,0.0543212890625,nan,0.0611572265625,nan,0.2532958984375,nan,0.0611572265625,0,0.6878662109375,0.6968994140625,0.006905339660024878,8,2,8,33,27,20260920,761,1.243436400021892
adder,S1,2,0.05,0,8,1024,8192,0.558837890625,0.5480606517722354,0.5695599738637699,0.691162109375,0.691162109375,0.0767822265625,0.441162109375,nan,0.1732177734375,nan,0.441162109375,nan,0,0.547607421875,0.5699462890625,0.01730276324052125,8,2,8,33,27,20260920,761,1.379652600036934
adder,S1,2,0.05,1,8,1024,8192,0.5703125,0.5595622245175641,0.5809968633794048,0.5089111328125,0.1444091796875,0.0792236328125,nan,0.1822509765625,0.2474365234375,nan,nan,0.1822509765625,0,0.56396484375,0.5782470703125,0.011073177920192204,8,2,8,33,27,20260920,761,1.2511253000120632
adder,S1,2,0.05,2,8,1024,8192,0.562255859375,0.5514860413969075,0.5729673176785338,0.5384521484375,-0.3673095703125,0.0855712890625,nan,0.1007080078125,nan,0.3521728515625,nan,0.1007080078125,0,0.5533447265625,0.5736083984375,0.01580489010731832,8,2,8,33,27,20260920,761,1.2600532000069506
adder,S1,4,0.0,0,8,1024,8192,1.0,0.9995312917117791,1.0,0.0,0.0,0.0,0.0,nan,0.0,nan,0.0,nan,1,1.0,1.0,0.0,8,3,16,108,102,20260920,761,0.25648009998258203
adder,S1,4,0.0,1,8,1024,8192,1.0,0.9995312917117791,1.0,0.0,0.0,0.0,nan,0.0,0.0,nan,0.0,nan,1,1.0,1.0,0.0,8,3,16,108,102,20260920,761,0.24176609999267384
adder,S1,4,0.0,2,8,1024,8192,1.0,0.9995312917117791,1.0,0.0,0.0,0.0,nan,0.0,nan,0.0,nan,0.0,1,1.0,1.0,0.0,8,3,16,108,102,20260920,761,0.23627629998372868
adder,S1,4,0.0,3,8,1024,8192,1.0,0.9995312917117791,1.0,0.0,0.0,0.0,nan,0.0,nan,0.0,nan,0.0,1,1.0,1.0,0.0,8,3,16,108,102,20260920,761,0.20523780002258718
adder,S1,4,0.0,4,8,1024,8192,1.0,0.9995312917117791,1.0,0.0,0.0,0.0,nan,0.0,nan,0.0,nan,0.0,1,1.0,1.0,0.0,8,3,16,108,102,20260920,761,0.19853709999006242
adder,S1,4,0.001,0,8,1024,8192,0.9420166015625,0.9367453957397474,0.9468734536958854,0.115478515625,0.115478515625,0.0042724609375,0.0579833984375,nan,0.026611328125,nan,0.026611328125,nan,1,0.937255859375,0.9473876953125,0.007846214571608712,8,3,16,108,102,20260920,761,8.023762699973304
adder,S1,4,0.001,1,8,1024,8192,0.937744140625,0.9323039574424062,0.9427739751939316,0.103759765625,0.070556640625,0.0069580078125,nan,0.0166015625,0.045654296875,nan,0.045654296875,nan,1,0.934326171875,0.9412841796875,0.0054685008712387385,8,3,16,108,102,20260920,761,7.43170720001217
adder,S1,4,0.001,2,8,1024,8192,0.943603515625,0.9383969977575894,0.9483941922034957,0.0821533203125,0.0267333984375,0.0042724609375,nan,0.007080078125,nan,0.0206298828125,nan,0.0206298828125,1,0.939697265625,0.9471435546875,0.005688304419049976,8,3,16,108,102,20260920,761,7.271294899983332
adder,S1,4,0.001,3,8,1024,8192,0.9425048828125,0.9372534656584477,0.9473414885542473,0.0919189453125,-0.0045166015625,0.011962890625,nan,0.00244140625,nan,0.01025390625,nan,0.01025390625,1,0.939697265625,0.9454345703125,0.004411935402268697,8,3,16,108,102,20260920,761,7.225170899997465
adder,S1,4,0.001,4,8,1024,8192,0.94287109375,0.9376345849623511,0.9476924478331408,0.0953369140625,-0.0616455078125,0.0113525390625,nan,0.0037841796875,nan,0.008544921875,nan,0.008544921875,1,0.935174560546875,0.94970703125,0.011316573543902482,8,3,16,108,102,20260920,761,7.257677199959289
adder,S1,4,0.003,0,8,1024,8192,0.8421630859375,0.834107871263176,0.8498975512632196,0.31201171875,0.31201171875,0.011474609375,0.1578369140625,nan,0.0728759765625,nan,0.0728759765625,nan,1,0.8297119140625,0.8546142578125,0.01920725621640565,8,3,16,108,102,20260920,761,7.581759200023953
adder,S1,4,0.003,1,8,1024,8192,0.833740234375,0.8255218214627865,0.8416457936592848,0.28857421875,0.1826171875,0.0211181640625,nan,0.052978515625,0.11328125,nan,0.11328125,nan,1,0.825439453125,0.8433837890625,0.01390652823131574,8,3,16,108,102,20260920,761,7.209320200025104
adder,S1,4,0.003,2,8,1024,8192,0.845703125,0.83771883471994,0.8533633474401572,0.2244873046875,0.0621337890625,0.010986328125,nan,0.02001953125,nan,0.0611572265625,nan,0.0611572265625,1,0.830810546875,0.861083984375,0.022884567701730554,8,3,16,108,102,20260920,761,7.042659799975809
adder,S1,4,0.003,3,8,1024,8192,0.8492431640625,0.8413312357160379,0.8568277060777609,0.2403564453125,-0.0367431640625,0.0281982421875,nan,0.0068359375,nan,0.0322265625,nan,0.0322265625,1,0.83984375,0.8583984375,0.014285281719743236,8,3,16,108,102,20260920,761,6.991007599979639
adder,S1,4,0.003,4,8,1024,8192,0.8394775390625,0.8313694544207377,0.8472673918318154,0.279052734375,-0.1748046875,0.034912109375,nan,0.0145263671875,nan,0.0252685546875,nan,0.0252685546875,1,0.8291015625,0.85205078125,0.018358614363755046,8,3,16,108,102,20260920,761,7.015907499997411
adder,S1,4,0.005,0,8,1024,8192,0.7508544921875,0.7413722986246736,0.760101530591075,0.5059814453125,0.5059814453125,0.0205078125,0.2491455078125,nan,0.116455078125,nan,0.116455078125,nan,1,0.739990234375,0.7611083984375,0.01642780574649157,8,3,16,108,102,20260920,761,7.567536399990786
adder,S1,4,0.005,1,8,1024,8192,0.7510986328125,0.741619390686366,0.7603424909179137,0.442626953125,0.305419921875,0.031494140625,nan,0.068603515625,0.1802978515625,nan,0.1802978515625,nan,1,0.7432861328125,0.7606231689453125,0.013424880479999589,8,3,16,108,102,20260920,761,7.366770400025416
adder,S1,4,0.005,2,8,1024,8192,0.7581787109375,0.7487868115750779,0.767328589296605,0.383056640625,0.127197265625,0.0296630859375,nan,0.0325927734375,nan,0.0953369140625,nan,0.0953369140625,1,0.7469482421875,0.7703857421875,0.018119586455583328,8,3,16,108,102,20260920,761,7.080480200005695
adder,S1,4,0.005,3,8,1024,8192,0.7564697265625,0.7470564321071199,0.7656426020448449,0.3890380859375,-0.0443115234375,0.049072265625,nan,0.013427734375,nan,0.0484619140625,nan,0.0484619140625,1,0.7451171875,0.7684326171875,0.018343766369119538,8,3,16,108,102,20260920,761,7.186200800002553
adder,S1,4,0.005,4,8,1024,8192,0.7388916015625,0.7292695940927745,0.748289668084948,0.452392578125,-0.2724609375,0.06005859375,nan,0.02099609375,nan,0.0435791015625,nan,0.0435791015625,1,0.725830078125,0.7520751953125,0.020317177705511683,8,3,16,108,102,20260920,761,7.271277699968778
adder,S1,4,0.01,0,8,1024,8192,0.58251953125,0.5718043883496913,0.5931573189738348,0.91162109375,0.91162109375,0.0440673828125,0.41748046875,nan,0.2154541015625,nan,0.2154541015625,nan,1,0.5665283203125,0.600830078125,0.02638526579317636,8,3,16,108,102,20260920,761,7.69322940002894
adder,S1,4,0.01,1,8,1024,8192,0.59375,0.5830731146753111,0.6043390025206475,0.7220458984375,0.5123291015625,0.0484619140625,nan,0.1048583984375,0.3013916015625,nan,0.3013916015625,nan,1,0.57666015625,0.609375,0.02532615441351553,8,3,16,108,102,20260920,761,6.991841299983207
adder,S1,4,0.01,2,8,1024,8192,0.5828857421875,0.5721717567153107,0.593522029191012,0.70703125,0.2890625,0.064208984375,nan,0.0577392578125,nan,0.1512451171875,nan,0.1512451171875,1,0.56689453125,0.5977783203125,0.023963120576546648,8,3,16,108,102,20260920,761,7.180632899980992
adder,S1,4,0.01,3,8,1024,8192,0.576416015625,0.5656824711850859,0.5870779264251615,0.7012939453125,-0.0528564453125,0.0911865234375,nan,0.0277099609375,nan,0.0894775390625,nan,0.0894775390625,1,0.56103515625,0.5906982421875,0.022685756167455162,8,3,16,108,102,20260920,761,7.226101499982178
adder,S1,4,0.01,4,8,1024,8192,0.560546875,0.5497732819679856,0.5712637103877377,0.7672119140625,-0.4403076171875,0.1019287109375,nan,0.0306396484375,nan,0.068603515625,nan,0.068603515625,1,0.5506591796875,0.5706787109375,0.01523652114004023,8,3,16,108,102,20260920,761,7.8156683999695815
adder,S1,4,0.02,0,8,1024,8192,0.369384765625,0.35899684746718313,0.3798951246686559,1.5906982421875,1.5906982421875,0.0938720703125,0.630615234375,nan,0.3895263671875,nan,0.3895263671875,nan,1,0.3602294921875,0.37866516113281246,0.014293028457714081,8,3,16,108,102,20260920,761,4.783255799964536
adder,S1,4,0.02,1,8,1024,8192,0.36669921875,0.3563284600795748,0.37719493578242164,1.3070068359375,1.0377197265625,0.1112060546875,nan,0.1346435546875,0.4986572265625,nan,0.4986572265625,nan,1,0.35546875,0.3780517578125,0.01760136113043458,8,3,16,108,102,20260920,761,4.499496700009331
adder,S1,4,0.02,2,8,1024,8192,0.3970947265625,0.3865497530764533,0.40773616515767036,1.0555419921875,0.4383544921875,0.1033935546875,nan,0.088623046875,nan,0.219970703125,nan,0.219970703125,1,0.3817138671875,0.4127197265625,0.023891947766238365,8,3,16,108,102,20260920,761,4.555772099993192
adder,S1,4,0.02,3,8,1024,8192,0.4010009765625,0.39043674648797366,0.41165800996264823,1.0284423828125,-0.1824951171875,0.12109375,nan,0.0572509765625,nan,0.1619873046875,nan,0.1619873046875,1,0.3795135498046875,0.42041015625,0.031896978328971905,8,3,16,108,102,20260920,761,4.524780300038401
adder,S1,4,0.02,4,8,1024,8192,0.3544921875,0.3442038450614914,0.3649169313739479,1.2110595703125,-0.6903076171875,0.157470703125,nan,0.0556640625,nan,0.12841796875,nan,0.12841796875,1,0.3431396484375,0.3653564453125,0.017312602742732778,8,3,16,108,102,20260920,761,4.50260809995234
adder,S1,4,0.03,0,8,1024,8192,0.2686767578125,0.2591878875763717,0.2783824742903712,2.04931640625,2.04931640625,0.1422119140625,0.7313232421875,nan,0.5040283203125,nan,0.5040283203125,nan,1,0.2547607421875,0.283935546875,0.02231450654739229,8,3,16,108,102,20260920,761,5.119537600025069
adder,S1,4,0.03,1,8,1024,8192,0.2530517578125,0.24375437387123428,0.2625806351295155,1.69580078125,1.40673828125,0.1678466796875,nan,0.14453125,0.6024169921875,nan,0.6024169921875,nan,1,0.2431640625,0.2646484375,0.016535265965020654,8,3,16,108,102,20260920,761,7.305654999974649
adder,S1,4,0.03,2,8,1024,8192,0.285888671875,0.2762063981493211,0.29577165710886727,1.3839111328125,0.6287841796875,0.163818359375,nan,0.1156005859375,nan,0.261962890625,nan,0.261962890625,1,0.27392578125,0.300048828125,0.020329328001044485,8,3,16,108,102,20260920,761,7.09876629995415
adder,S1,4,0.03,3,8,1024,8192,0.2890625,0.2793464893668312,0.29897624694226205,1.30419921875,-0.096435546875,0.1717529296875,nan,0.0830078125,nan,0.1990966796875,nan,0.1990966796875,1,0.2745361328125,0.3033447265625,0.02218323572578232,8,3,16,108,102,20260920,761,6.396033999975771
adder,S1,4,0.03,4,8,1024,8192,0.231201171875,0.22219877284111356,0.24045554738609898,1.5218505859375,-0.8179931640625,0.2037353515625,nan,0.0819091796875,nan,0.1744384765625,nan,0.1744384765625,1,0.2164306640625,0.2481689453125,0.024725965227073245,8,3,16,108,102,20260920,761,4.58563210000284
adder,S1,4,0.05,0,8,1024,8192,0.177978515625,0.16984719054423322,0.18641170898319034,2.59619140625,2.59619140625,0.21142578125,0.822021484375,nan,0.633056640625,nan,0.633056640625,nan,1,0.169677734375,0.1864013671875,0.012847325649033353,8,3,16,108,102,20260920,761,4.705067599948961
adder,S1,4,0.05,1,8,1024,8192,0.1729736328125,0.1649370424858727,0.18131678307666244,2.0592041015625,1.7645263671875,0.2239990234375,nan,0.1473388671875,0.6796875,nan,0.6796875,nan,1,0.1649169921875,0.181640625,0.01286520826073197,8,3,16,108,102,20260920,761,4.456995900021866
adder,S1,4,0.05,2,8,1024,8192,0.2069091796875,0.19827541605801002,0.21581769151035385,1.701171875,0.94384765625,0.23486328125,nan,0.121337890625,nan,0.25732421875,nan,0.25732421875,1,0.19580078125,0.2197265625,0.018205848363827864,8,3,16,108,102,20260920,761,4.579792999953497
adder,S1,4,0.05,3,8,1024,8192,0.211181640625,0.20247972719425136,0.22015429717340754,1.554931640625,-0.0107421875,0.2291259765625,nan,0.10986328125,nan,0.237060546875,nan,0.237060546875,1,0.2000732421875,0.22216796875,0.017365639716591556,8,3,16,108,102,20260920,761,4.394328000023961
adder,S1,4,0.05,4,8,1024,8192,0.15087890625,0.14329173018747338,0.1587933542129934,1.8011474609375,-0.8817138671875,0.25244140625,nan,0.1070556640625,nan,0.2296142578125,nan,0.2296142578125,1,0.1424560546875,0.161376953125,0.015020389323320057,8,3,16,108,102,20260920,761,4.646858099964447
adder,S1,6,0.0,0,8,1024,8192,1.0,0.9995312917117791,1.0,0.0,0.0,0.0,0.0,nan,0.0,nan,0.0,nan,1,1.0,1.0,0.0,8,3,22,200,215,20260920,761,0.14822060003643855
adder,S1,6,0.0,1,8,1024,8192,1.0,0.9995312917117791,1.0,0.0,0.0,0.0,nan,0.0,0.0,nan,0.0,nan,1,1.0,1.0,0.0,8,3,22,200,215,20260920,761,0.17023400001926348
adder,S1,6,0.0,2,8,1024,8192,1.0,0.9995312917117791,1.0,0.0,0.0,0.0,nan,0.0,nan,0.0,nan,0.0,1,1.0,1.0,0.0,8,3,22,200,215,20260920,761,0.16902519995346665
adder,S1,6,0.0,3,8,1024,8192,1.0,0.9995312917117791,1.0,0.0,0.0,0.0,nan,0.0,nan,0.0,nan,0.0,1,1.0,1.0,0.0,8,3,22,200,215,20260920,761,0.18169569998281077
adder,S1,6,0.0,4,8,1024,8192,1.0,0.9995312917117791,1.0,0.0,0.0,0.0,nan,0.0,nan,0.0,nan,0.0,1,1.0,1.0,0.0,8,3,22,200,215,20260920,761,0.16276739997556433
adder,S1,6,0.0,5,8,1024,8192,1.0,0.9995312917117791,1.0,0.0,0.0,0.0,nan,0.0,nan,0.0,nan,0.0,1,1.0,1.0,0.0,8,3,22,200,215,20260920,761,0.16883110004710034
adder,S1,6,0.0,6,8,1024,8192,1.0,0.9995312917117791,1.0,0.0,0.0,0.0,nan,0.0,nan,0.0,nan,0.0,1,1.0,1.0,0.0,8,3,22,200,215,20260920,761,0.16636360000120476
adder,S1,6,0.001,0,8,1024,8192,0.881591796875,0.8744158444078179,0.8884100388663573,0.2874755859375,0.2874755859375,0.00390625,0.118408203125,nan,0.0614013671875,nan,0.0614013671875,nan,1,0.8748779296875,0.888916015625,0.010694521886214501,8,3,22,200,215,20260920,761,13.639992100012023
adder,S1,6,0.001,1,8,1024,8192,0.8858642578125,0.8787969473813303,0.8925698526921398,0.2353515625,0.18701171875,0.0096435546875,nan,0.024169921875,0.0899658203125,nan,0.0899658203125,nan,1,0.8778076171875,0.8935577392578125,0.012033504352730534,8,3,22,200,215,20260920,761,13.097042900044471
adder,S1,6,0.001,2,8,1024,8192,0.88818359375,0.8811765361824068,0.8948267615821092,0.1976318359375,0.1087646484375,0.004150390625,nan,0.010986328125,nan,0.033447265625,nan,0.033447265625,1,0.88134765625,0.89501953125,0.0103481400171053,8,3,22,200,215,20260920,761,13.331798100029118
adder,S1,6,0.001,3,8,1024,8192,0.884033203125,0.8769189646189384,0.8907874425405482,0.19775390625,0.05615234375,0.0137939453125,nan,0.0028076171875,nan,0.0164794921875,nan,0.0164794921875,1,0.876953125,0.89111328125,0.010933887118537778,8,3,22,200,215,20260920,761,12.975173399958294
adder,S1,6,0.001,4,8,1024,8192,0.889404296875,0.8824293228513781,0.8960142368557936,0.177978515625,-0.03955078125,0.005126953125,nan,0.0086669921875,nan,0.01025390625,nan,0.01025390625,1,0.8848876953125,0.894775390625,0.00770273759122525,8,3,22,200,215,20260920,761,13.269192099978682
adder,S1,6,0.001,5,8,1024,8192,0.8857421875,0.8786717311260779,0.8924510427531267,0.1846923828125,-0.0843505859375,0.0164794921875,nan,0.0013427734375,nan,0.011474609375,nan,0.011474609375,1,0.883056640625,0.8885498046875,0.004304477851713591,8,3,22,200,215,20260920,761,13.175638200016692
adder,S1,6,0.001,6,8,1024,8192,0.889404296875,0.8824293228513781,0.8960142368557936,0.2088623046875,-0.1702880859375,0.019287109375,nan,0.006591796875,nan,0.0086669921875,nan,0.0086669921875,1,0.8863525390625,0.8924560546875,0.004748429806115376,8,3,22,200,215,20260920,761,13.183457600011025
adder,S1,6,0.003,0,8,1024,8192,0.703125,0.693138012081133,0.7129215751767772,0.7750244140625,0.7750244140625,0.0125732421875,0.296875,nan,0.16455078125,nan,0.16455078125,nan,1,0.691162109375,0.716796875,0.020061170492357557,8,3,22,200,215,20260920,761,13.25005750003038
adder,S1,6,0.003,1,8,1024,8192,0.6937255859375,0.6836550616553602,0.7036145086441011,0.6727294921875,0.5447998046875,0.02392578125,nan,0.06396484375,0.2423095703125,nan,0.2423095703125,nan,1,0.685302734375,0.702392578125,0.013173902067627126,8,3,22,200,215,20260920,761,13.393143000022974
adder,S1,6,0.003,2,8,1024,8192,0.711669921875,0.701763221667933,0.7213781991885673,0.534423828125,0.3212890625,0.01318359375,nan,0.0284423828125,nan,0.078125,nan,0.078125,1,0.6920166015625,0.7315704345703125,0.030739012488635784,8,3,22,200,215,20260920,761,13.207706399960443
adder,S1,6,0.003,3,8,1024,8192,0.6964111328125,0.6863639725210376,0.7062741740522661,0.5360107421875,0.1658935546875,0.03662109375,nan,0.0123291015625,nan,0.0443115234375,nan,0.0443115234375,1,0.6885986328125,0.7054443359375,0.013116899962216372,8,3,22,200,215,20260920,761,13.14624749997165
adder,S1,6,0.003,4,8,1024,8192,0.7147216796875,0.7048446777031588,0.7243973980099806,0.4779052734375,-0.0855712890625,0.0196533203125,nan,0.0216064453125,nan,0.030517578125,nan,0.030517578125,1,0.7030029296875,0.7266845703125,0.018524834272394576,8,3,22,200,215,20260920,761,13.255723100039177
adder,S1,6,0.003,5,8,1024,8192,0.7021484375,0.6921525395149999,0.7119548381887857,0.5029296875,-0.257568359375,0.0401611328125,nan,0.006591796875,nan,0.0322265625,nan,0.0322265625,1,0.6895751953125,0.7113067626953125,0.017375443612656544,8,3,22,200,215,20260920,761,13.324490199971478
adder,S1,6,0.003,6,8,1024,8192,0.703369140625,0.6933843886682479,0.7131632509781934,0.5888671875,-0.48193359375,0.053466796875,nan,0.016845703125,nan,0.02685546875,nan,0.02685546875,1,0.6944580078125,0.7127685546875,0.01432159549845522,8,3,22,200,215,20260920,761,13.353626600001007
adder,S1,6,0.005,0,8,1024,8192,0.54345703125,0.5326527706576313,0.5542205545009121,1.212158203125,1.212158203125,0.01611328125,0.45654296875,nan,0.26904296875,nan,0.26904296875,nan,1,0.526123046875,0.5618896484375,0.02765586378614511,8,3,22,200,215,20260920,761,13.231640100013465
adder,S1,6,0.005,1,8,1024,8192,0.5550537109375,0.5442688583006013,0.5657869553131712,1.02978515625,0.862548828125,0.0404052734375,nan,0.0836181640625,0.361328125,nan,0.361328125,nan,1,0.5447998046875,0.5650634765625,0.015528243073967381,8,3,22,200,215,20260920,761,13.469270100002177
adder,S1,6,0.005,2,8,1024,8192,0.5760498046875,0.5653152093722377,0.5867131096552131,0.8177490234375,0.4888916015625,0.0240478515625,nan,0.044189453125,nan,0.1202392578125,nan,0.1202392578125,1,0.5626220703125,0.58935546875,0.020876113927145275,8,3,22,200,215,20260920,761,14.058885500009637
adder,S1,6,0.005,3,8,1024,8192,0.5631103515625,0.5523424696252556,0.5738190728100446,0.782958984375,0.21728515625,0.0489501953125,nan,0.02294921875,nan,0.07275390625,nan,0.07275390625,1,0.55029296875,0.5760498046875,0.01956566095342994,8,3,22,200,215,20260920,761,13.451347100024577
adder,S1,6,0.005,4,8,1024,8192,0.58740234375,0.5767031315312054,0.5980196235629434,0.707275390625,-0.147705078125,0.0269775390625,nan,0.033203125,nan,0.0506591796875,nan,0.0506591796875,1,0.574462890625,0.600341796875,0.02021002438885196,8,3,22,200,215,20260920,761,13.521120099991094
adder,S1,6,0.005,5,8,1024,8192,0.5743408203125,0.5636014003642936,0.5850105519434391,0.7513427734375,-0.3792724609375,0.0595703125,nan,0.0155029296875,nan,0.0511474609375,nan,0.0511474609375,1,0.564453125,0.58349609375,0.01500621031311456,8,3,22,200,215,20260920,761,13.026860499987379
adder,S1,6,0.005,6,8,1024,8192,0.56884765625,0.558093612853412,0.57953716071237,0.911376953125,-0.76513671875,0.0731201171875,nan,0.0267333984375,nan,0.0469970703125,nan,0.0469970703125,1,0.560302734375,0.577392578125,0.01331853681346275,8,3,22,200,215,20260920,761,13.321100200002547
adder,S1,6,0.01,0,8,1024,8192,0.325439453125,0.31537722970845655,0.33566531249177683,2.0142822265625,2.0142822265625,0.042236328125,0.674560546875,nan,0.46044921875,nan,0.46044921875,nan,1,0.317138671875,0.334228515625,0.01345845461125305,8,3,22,200,215,20260920,761,13.614235699991696
adder,S1,6,0.01,1,8,1024,8192,0.33984375,0.32966404557419166,0.35017358754937916,1.5819091796875,1.3558349609375,0.0555419921875,nan,0.113037109375,0.547119140625,nan,0.547119140625,nan,1,0.3309326171875,0.3487548828125,0.013681836294581992,8,3,22,200,215,20260920,761,13.835771699959878
adder,S1,6,0.01,2,8,1024,8192,0.3504638671875,0.340204330042391,0.36086358198228446,1.3863525390625,0.9056396484375,0.0523681640625,nan,0.071044921875,nan,0.1693115234375,nan,0.1693115234375,1,0.3292236328125,0.37109375,0.0321331569627596,8,3,22,200,215,20260920,761,13.549618099990766
adder,S1,6,0.01,3,8,1024,8192,0.338134765625,0.3279684408182708,0.348452825585582,1.2427978515625,0.3184814453125,0.0712890625,nan,0.048583984375,nan,0.12646484375,nan,0.12646484375,1,0.324951171875,0.35132141113281246,0.020516114922306837,8,3,22,200,215,20260920,761,13.497006800025702
adder,S1,6,0.01,4,8,1024,8192,0.3790283203125,0.3685816336272598,0.38958840785555926,1.137451171875,-0.200439453125,0.060791015625,nan,0.0472412109375,nan,0.089111328125,nan,0.089111328125,1,0.3660888671875,0.3887939453125,0.017720448599718493,8,3,22,200,215,20260920,761,13.1999952000333
adder,S1,6,0.01,5,8,1024,8192,0.36669921875,0.3563284600795748,0.37719493578242164,1.2296142578125,-0.6829833984375,0.0877685546875,nan,0.03857421875,nan,0.0892333984375,nan,0.0892333984375,1,0.348388671875,0.3819580078125,0.02598988061518831,8,3,22,200,215,20260920,761,13.144545499992091
adder,S1,6,0.01,6,8,1024,8192,0.3389892578125,0.328816224577612,0.3493132251860998,1.5001220703125,-1.2767333984375,0.1116943359375,nan,0.046630859375,nan,0.0914306640625,nan,0.0914306640625,1,0.322265625,0.3565673828125,0.02688874004347337,8,3,22,200,215,20260920,761,13.498982600052841
adder,S1,6,0.02,0,8,1024,8192,0.1689453125,0.1609867865765588,0.1772141745752125,2.86767578125,2.86767578125,0.0794677734375,0.8310546875,nan,0.6578369140625,nan,0.6578369140625,nan,1,0.163818359375,0.174560546875,0.008286407592029853,8,3,22,200,215,20260920,761,13.571031599945854
adder,S1,6,0.02,1,8,1024,8192,0.17578125,0.16769121292185968,0.1841752151087836,2.2171630859375,1.9688720703125,0.0777587890625,nan,0.1241455078125,0.7000732421875,nan,0.7000732421875,nan,1,0.166748046875,0.1856689453125,0.0142572391641085,8,3,22,200,215,20260920,761,13.451139899960253
adder,S1,6,0.02,2,8,1024,8192,0.206787109375,0.19815531454374277,0.21569376683035554,1.8682861328125,1.2598876953125,0.0877685546875,nan,0.0980224609375,nan,0.2061767578125,nan,0.2061767578125,1,0.1895751953125,0.220703125,0.024129197462120774,8,3,22,200,215,20260920,761,13.254052500007674
adder,S1,6,0.02,3,8,1024,8192,0.1871337890625,0.1788353778287828,0.1957254862685586,1.6925048828125,0.4908447265625,0.101806640625,nan,0.0841064453125,nan,0.1826171875,nan,0.1826171875,1,0.1790740966796875,0.194580078125,0.012274506592677372,8,3,22,200,215,20260920,761,13.526370700041298
adder,S1,6,0.02,4,8,1024,8192,0.204833984375,0.19623385583288355,0.21371080643296564,1.581787109375,-0.26611328125,0.0950927734375,nan,0.0721435546875,nan,0.1461181640625,nan,0.1461181640625,1,0.1932373046875,0.21753234863281246,0.018637108411820813,8,3,22,200,215,20260920,761,13.365883199963719
adder,S1,6,0.02,5,8,1024,8192,0.2119140625,0.20320061293662453,0.22089756859662776,1.7154541015625,-1.0467529296875,0.10986328125,nan,0.06689453125,nan,0.1470947265625,nan,0.1470947265625,1,0.2059326171875,0.21875,0.009945333103025455,8,3,22,200,215,20260920,761,13.330438999983016
adder,S1,6,0.02,6,8,1024,8192,0.190185546875,0.18183316005818256,0.19882835889579809,2.1224365234375,-1.8795166015625,0.1214599609375,nan,0.076904296875,nan,0.15234375,nan,0.15234375,1,0.1798095703125,0.20068359375,0.01594221456768995,8,3,22,200,215,20260920,761,14.75499280000804
adder,S1,6,0.03,0,8,1024,8192,0.130126953125,0.12301437118002646,0.13758626019529321,3.275634765625,3.275634765625,0.1053466796875,0.869873046875,nan,0.7330322265625,nan,0.7330322265625,nan,1,0.125,0.135009765625,0.007790671234229751,8,3,22,200,215,20260920,761,15.0628202999942
adder,S1,6,0.03,1,8,1024,8192,0.1336669921875,0.1264694376373694,0.14120795337165187,2.5303955078125,2.3006591796875,0.1011962890625,nan,0.1148681640625,0.75146484375,nan,0.75146484375,nan,1,0.12548828125,0.1417236328125,0.012748188948032162,8,3,22,200,215,20260920,761,13.940905200026464
adder,S1,6,0.03,2,8,1024,8192,0.1573486328125,0.14962432389194963,0.1653941488045924,2.0716552734375,1.4093017578125,0.1036376953125,nan,0.1092529296875,nan,0.221923828125,nan,0.221923828125,1,0.149658203125,0.16552734375,0.012401492386766,8,3,22,200,215,20260920,761,13.424163799965754
adder,S1,6,0.03,3,8,1024,8192,0.1539306640625,0.1462782032779301,0.16190753597917598,1.82421875,0.5107421875,0.11083984375,nan,0.1002197265625,nan,0.2091064453125,nan,0.2091064453125,1,0.145263671875,0.1627197265625,0.013490682908845959,8,3,22,200,215,20260920,761,13.609949000005145
adder,S1,6,0.03,4,8,1024,8192,0.175048828125,0.16697265856825577,0.1834296122967941,1.74560546875,-0.392578125,0.1029052734375,nan,0.0958251953125,nan,0.1856689453125,nan,0.1856689453125,1,0.168701171875,0.18017578125,0.008808417428746855,8,3,22,200,215,20260920,761,13.156545700039715
adder,S1,6,0.03,5,8,1024,8192,0.1627197265625,0.15488514386603752,0.17087048137818966,1.989013671875,-1.302978515625,0.114013671875,nan,0.0933837890625,nan,0.193359375,nan,0.193359375,1,0.15283203125,0.1728515625,0.015334008239519841,8,3,22,200,215,20260920,761,13.515979400021024
adder,S1,6,0.03,6,8,1024,8192,0.1453857421875,0.13791886468191528,0.1531850409766008,2.4183349609375,-2.1649169921875,0.126708984375,nan,0.093505859375,nan,0.1898193359375,nan,0.1898193359375,1,0.141845703125,0.149169921875,0.005704746799583947,8,3,22,200,215,20260920,761,13.668740299995989
adder,S1,6,0.05,0,8,1024,8192,0.11572265625,0.10897487062846146,0.12283066982352082,3.4512939453125,3.4512939453125,0.1107177734375,0.88427734375,nan,0.762939453125,nan,0.762939453125,nan,1,0.1094940185546875,0.122802734375,0.010282101435651942,8,3,22,200,215,20260920,761,13.564595300005749
adder,S1,6,0.05,1,8,1024,8192,0.1192626953125,0.11242227939957636,0.12646002068610748,2.7073974609375,2.4759521484375,0.117919921875,nan,0.11572265625,0.7650146484375,nan,0.7650146484375,nan,1,0.113037109375,0.126220703125,0.010234788992359451,8,3,22,200,215,20260920,761,13.607697400031611
adder,S1,6,0.05,2,8,1024,8192,0.1378173828125,0.13052239063798052,0.14545189097607017,2.1951904296875,1.5086669921875,0.1192626953125,nan,0.111572265625,nan,0.231689453125,nan,0.231689453125,1,0.128173828125,0.1466064453125,0.014375598018361982,8,3,22,200,215,20260920,761,13.381040899956133
adder,S1,6,0.05,3,8,1024,8192,0.131591796875,0.12444384158419167,0.13908510412231487,1.9669189453125,0.5465087890625,0.12646484375,nan,0.117431640625,nan,0.232177734375,nan,0.232177734375,1,0.1248779296875,0.13916015625,0.011082401726806296,8,3,22,200,215,20260920,761,13.543537400022615
adder,S1,6,0.05,4,8,1024,8192,0.139404296875,0.13207265473455498,0.1470739674049481,1.928466796875,-0.44140625,0.1259765625,nan,0.1153564453125,nan,0.2291259765625,nan,0.2291259765625,1,0.13330078125,0.14599609375,0.00990071188388778,8,3,22,200,215,20260920,761,13.50631250004517
adder,S1,6,0.05,5,8,1024,8192,0.1339111328125,0.12670778211920591,0.14145766127834647,2.1932373046875,-1.4522705078125,0.125,nan,0.1197509765625,nan,0.237060546875,nan,0.237060546875,1,0.1270751953125,0.1405029296875,0.010380181494338094,8,3,22,200,215,20260920,761,13.37513709999621
adder,S1,6,0.05,6,8,1024,8192,0.1298828125,0.1227761556051043,0.13733642338168428,2.642333984375,-2.390380859375,0.1259765625,nan,0.117431640625,nan,0.227294921875,nan,0.227294921875,1,0.123291015625,0.1365966796875,0.01036129722523836,8,3,22,200,215,20260920,761,13.535669400007464
adder,S2,2,0.0,0,8,1024,8192,0.9395751953125,0.934206534702171,0.9445317908481504,0.077880859375,0.077880859375,0.000732421875,0.0604248046875,nan,0.0167236328125,nan,0.0604248046875,nan,0,0.9345703125,0.9449462890625,0.007802684612582692,8,2,8,33,27,20260920,761,1.2929559999611229
adder,S2,2,0.0,1,8,1024,8192,0.9278564453125,0.9220509954818554,0.9332608154189712,0.0882568359375,0.0147705078125,0.01611328125,nan,0.0367431640625,0.035400390625,nan,nan,0.0367431640625,0,0.921142578125,0.933837890625,0.009868839321976434,8,2,8,33,27,20260920,761,1.244660299969837
adder,S2,2,0.0,2,8,1024,8192,0.9156494140625,0.9094347200367219,0.9214744714375476,0.10693359375,-0.06494140625,0.02099609375,nan,0.0225830078125,nan,0.0633544921875,nan,0.0225830078125,0,0.9111328125,0.9202880859375,0.0068843451065216926,8,2,8,33,27,20260920,761,1.226538899994921
adder,S2,2,0.001,0,8,1024,8192,0.9281005859375,0.9223037620731902,0.9334961012161676,0.094482421875,0.094482421875,0.0025634765625,0.0718994140625,nan,0.02001953125,nan,0.0718994140625,nan,0,0.923095703125,0.932861328125,0.0075090607906395015,8,2,8,33,27,20260920,761,1.8613753999816254
adder,S2,2,0.001,1,8,1024,8192,0.9136962890625,0.9074198070673364,0.9195849652986839,0.103515625,0.018310546875,0.0172119140625,nan,0.0426025390625,0.043701171875,nan,nan,0.0426025390625,0,0.9056396484375,0.9205322265625,0.01162463954946837,8,2,8,33,27,20260920,761,1.453989100002218
adder,S2,2,0.001,2,8,1024,8192,0.903076171875,0.8964793187102434,0.9092951747546721,0.1197509765625,-0.0726318359375,0.0235595703125,nan,0.0228271484375,nan,0.0733642578125,nan,0.0228271484375,0,0.8973388671875,0.907958984375,0.00823280001329273,8,2,8,33,27,20260920,761,1.4493965999572538
adder,S2,2,0.003,0,8,1024,8192,0.9012451171875,0.8945955093554936,0.9075185911954384,0.1358642578125,0.1358642578125,0.0074462890625,0.0987548828125,nan,0.0296630859375,nan,0.0987548828125,nan,0,0.8968475341796875,0.9056396484375,0.006734286875744056,8,2,8,33,27,20260920,761,1.8377169000450522
adder,S2,2,0.003,1,8,1024,8192,0.8858642578125,0.8787969473813303,0.8925698526921398,0.13818359375,0.028076171875,0.0240478515625,nan,0.0550537109375,0.05908203125,nan,nan,0.0550537109375,0,0.8748779296875,0.8955078125,0.01618551601701643,8,2,8,33,27,20260920,761,1.4799165000440553
adder,S2,2,0.003,2,8,1024,8192,0.876220703125,0.868912307431168,0.8831764232953221,0.1533203125,-0.10302734375,0.025146484375,nan,0.029541015625,nan,0.0986328125,nan,0.029541015625,0,0.8695068359375,0.88232421875,0.009845515847495875,8,2,8,33,27,20260920,761,1.4360067999805324
adder,S2,2,0.005,0,8,1024,8192,0.882568359375,0.8754169764241074,0.8893611164041922,0.1663818359375,0.1663818359375,0.0123291015625,0.117431640625,nan,0.03662109375,nan,0.117431640625,nan,0,0.8775634765625,0.888427734375,0.008493447478893945,8,2,8,33,27,20260920,761,1.8821702999994159
adder,S2,2,0.005,1,8,1024,8192,0.8623046875,0.8546728978390736,0.8695968467411412,0.1629638671875,0.0274658203125,0.0252685546875,nan,0.0677490234375,0.0699462890625,nan,nan,0.0677490234375,0,0.8516845703125,0.8721923828125,0.01598701713256338,8,2,8,33,27,20260920,761,1.4558733000303619
adder,S2,2,0.005,2,8,1024,8192,0.8582763671875,0.8505558935451322,0.8656609866243189,0.1727294921875,-0.1102294921875,0.03125,nan,0.031005859375,nan,0.1104736328125,nan,0.031005859375,0,0.851806640625,0.865234375,0.010234788992359451,8,2,8,33,27,20260920,761,1.4434597000363283
adder,S2,2,0.01,0,8,1024,8192,0.8272705078125,0.818931813242789,0.835302413583207,0.2451171875,0.2451171875,0.020263671875,0.1727294921875,nan,0.0521240234375,nan,0.1727294921875,nan,0,0.821533203125,0.8341064453125,0.009882634665872475,8,2,8,33,27,20260920,761,1.8778664000565186
adder,S2,2,0.01,1,8,1024,8192,0.816162109375,0.8076265701502051,0.8244012729976239,0.2154541015625,0.0457763671875,0.0316162109375,nan,0.0848388671875,0.0989990234375,nan,nan,0.0848388671875,0,0.8079833984375,0.8251953125,0.013397579268900112,8,2,8,33,27,20260920,761,1.4607713000150397
adder,S2,2,0.01,2,8,1024,8192,0.8037109375,0.79496838059595,0.8121687907367907,0.23583984375,-0.156982421875,0.0394287109375,nan,0.03955078125,nan,0.1568603515625,nan,0.03955078125,0,0.7938232421875,0.81298828125,0.014708767135153126,8,2,8,33,27,20260920,761,1.445368700020481
adder,S2,2,0.02,0,8,1024,8192,0.72802734375,0.7182862909170934,0.7375546399709932,0.394775390625,0.394775390625,0.034423828125,0.27197265625,nan,0.08837890625,nan,0.27197265625,nan,0,0.7183837890625,0.7381591796875,0.01568591641036036,8,2,8,33,27,20260920,761,1.8661842999863438
adder,S2,2,0.02,1,8,1024,8192,0.726318359375,0.7165592470162626,0.735865317152106,0.3226318359375,0.0792236328125,0.0489501953125,nan,0.1217041015625,0.1519775390625,nan,nan,0.1217041015625,0,0.7197265625,0.734375,0.011289453504412532,8,2,8,33,27,20260920,761,1.478080500033684
adder,S2,2,0.02,2,8,1024,8192,0.716796875,0.706940380026629,0.7264501409890252,0.3453369140625,-0.2408447265625,0.05224609375,nan,0.0621337890625,nan,0.23095703125,nan,0.0621337890625,0,0.7071533203125,0.7259521484375,0.014569167958206113,8,2,8,33,27,20260920,761,1.4647491000359878
adder,S2,2,0.03,0,8,1024,8192,0.654541015625,0.6441735242096619,0.6647636377305511,0.5206298828125,0.5206298828125,0.0511474609375,0.345458984375,nan,0.1240234375,nan,0.345458984375,nan,0,0.6439208984375,0.6654052734375,0.016620016660270454,8,2,8,33,27,20260920,761,1.8553505999734625
adder,S2,2,0.03,1,8,1024,8192,0.656982421875,0.6466311056993587,0.6671865801261657,0.4088134765625,0.1080322265625,0.0657958984375,nan,0.150390625,0.192626953125,nan,nan,0.150390625,0,0.6507568359375,0.6630889892578125,0.009593204445502197,8,2,8,33,27,20260920,761,1.4621309000067413
adder,S2,2,0.03,2,8,1024,8192,0.6429443359375,0.6325040824070105,0.6532505910779731,0.432861328125,-0.293701171875,0.069580078125,nan,0.0758056640625,nan,0.2874755859375,nan,0.0758056640625,0,0.6358642578125,0.650634765625,0.011471269579499701,8,2,8,33,27,20260920,761,1.4615716999978758
adder,S2,2,0.05,0,8,1024,8192,0.5380859375,0.52727468502318,0.5488614875876783,0.727783203125,0.727783203125,0.080078125,0.4619140625,nan,0.185791015625,nan,0.4619140625,nan,0,0.5283203125,0.5487060546875,0.015910135493195223,8,2,8,33,27,20260920,761,1.8581404999713413
adder,S2,2,0.05,1,8,1024,8192,0.5391845703125,0.5283746454254389,0.5499577629338094,0.550537109375,0.150634765625,0.0897216796875,nan,0.199951171875,0.2608642578125,nan,nan,0.199951171875,0,0.5330810546875,0.546142578125,0.010234788992359451,8,2,8,33,27,20260920,761,1.455528000020422
adder,S2,2,0.05,2,8,1024,8192,0.5263671875,0.5155450479749375,0.5371646099864258,0.58837890625,-0.39990234375,0.09423828125,nan,0.11474609375,nan,0.37939453125,nan,0.11474609375,0,0.5189208984375,0.5350341796875,0.012396685207323137,8,2,8,33,27,20260920,761,1.457905999966897
adder,S2,4,0.0,0,8,1024,8192,0.8472900390625,0.8393380066929758,0.8549165159925739,0.306396484375,0.306396484375,0.0068359375,0.1527099609375,nan,0.074462890625,nan,0.074462890625,nan,1,0.84130859375,0.854736328125,0.010399850259478408,8,3,16,108,102,20260920,761,4.831388999999035
adder,S2,4,0.0,1,8,1024,8192,0.769287109375,0.7600392496170116,0.7782825349328382,0.4112548828125,0.2486572265625,0.0380859375,nan,0.081298828125,0.1494140625,nan,0.1494140625,nan,1,0.747314453125,0.7906494140625,0.03293016576557026,8,3,16,108,102,20260920,761,4.884470899996813
adder,S2,4,0.0,2,8,1024,8192,0.7515869140625,0.7421135867783217,0.7608243996030202,0.4365234375,0.097900390625,0.04150390625,nan,0.048583984375,nan,0.1207275390625,nan,0.1207275390625,1,0.7340087890625,0.7681884765625,0.026193196085276815,8,3,16,108,102,20260920,761,5.015868799993768
adder,S2,4,0.0,3,8,1024,8192,0.72412109375,0.7143390237747447,0.7336930688968437,0.495361328125,-0.0654296875,0.0595703125,nan,0.0167236328125,nan,0.076416015625,nan,0.076416015625,1,0.7109375,0.7354736328125,0.01939826377324256,8,3,16,108,102,20260920,761,4.9314573999727145
adder,S2,4,0.0,4,8,1024,8192,0.695068359375,0.6850094671117806,0.7049443913246021,0.5511474609375,-0.3526611328125,0.068115234375,nan,0.0306396484375,nan,0.06103515625,nan,0.06103515625,1,0.685791015625,0.7061767578125,0.015822120845722314,8,3,16,108,102,20260920,761,4.9184133999515325
adder,S2,4,0.001,0,8,1024,8192,0.7906494140625,0.7817040684173063,0.7993223001290183,0.4415283203125,0.4415283203125,0.0128173828125,0.2093505859375,nan,0.1080322265625,nan,0.1080322265625,nan,1,0.774658203125,0.8055419921875,0.024254149833298443,8,3,16,108,102,20260920,761,7.594661099952646
adder,S2,4,0.001,1,8,1024,8192,0.73974609375,0.7301337651111541,0.7491336804264275,0.4534912109375,0.2904052734375,0.0382080078125,nan,0.08154296875,0.1787109375,nan,0.1787109375,nan,1,0.7205810546875,0.7562255859375,0.027153756384155937,8,3,16,108,102,20260920,761,5.6114562000148
adder,S2,4,0.001,2,8,1024,8192,0.7099609375,0.7000378433489066,0.7196872107878757,0.4964599609375,0.1192626953125,0.0423583984375,nan,0.0560302734375,nan,0.132568359375,nan,0.132568359375,1,0.6921356201171875,0.7288818359375,0.028566986828638997,8,3,16,108,102,20260920,761,5.669717799988575
adder,S2,4,0.001,3,8,1024,8192,0.6982421875,0.6882111871072888,0.7080873523799985,0.538330078125,-0.06591796875,0.0655517578125,nan,0.0186767578125,nan,0.0826416015625,nan,0.0826416015625,1,0.6829833984375,0.71484375,0.024539299322036842,8,3,16,108,102,20260920,761,5.65321280003991
adder,S2,4,0.001,4,8,1024,8192,0.665771484375,0.655480905870751,0.6759066659418945,0.589599609375,-0.3662109375,0.076171875,nan,0.0294189453125,nan,0.0604248046875,nan,0.0604248046875,1,0.6464752197265625,0.6884765625,0.03266013966443485,8,3,16,108,102,20260920,761,5.785359500034247
adder,S2,4,0.003,0,8,1024,8192,0.723388671875,0.7135990144617096,0.7329689210442855,0.579345703125,0.579345703125,0.020263671875,0.276611328125,nan,0.141357421875,nan,0.141357421875,nan,1,0.7144775390625,0.7322998046875,0.014062403118465877,8,3,16,108,102,20260920,761,7.628979299974162
adder,S2,4,0.003,1,8,1024,8192,0.6748046875,0.6645806834924771,0.6848648266958207,0.55712890625,0.353271484375,0.0413818359375,nan,0.1019287109375,0.2232666015625,nan,0.2232666015625,nan,1,0.659423828125,0.694580078125,0.02709850962013986,8,3,16,108,102,20260920,761,5.697910500050057
adder,S2,4,0.003,2,8,1024,8192,0.6468505859375,0.6364340956772818,0.6571294160242,0.5831298828125,0.1217041015625,0.0467529296875,nan,0.065185546875,nan,0.16552734375,nan,0.16552734375,1,0.6325653076171875,0.66162109375,0.022596624680314772,8,3,16,108,102,20260920,761,5.854389400046784
adder,S2,4,0.003,3,8,1024,8192,0.63623046875,0.6257511224785245,0.6465821103218529,0.632568359375,-0.076416015625,0.076904296875,nan,0.0230712890625,nan,0.09033203125,nan,0.09033203125,1,0.628662109375,0.64599609375,0.013591921829038615,8,3,16,108,102,20260920,761,5.807984200015198
adder,S2,4,0.003,4,8,1024,8192,0.59912109375,0.5884645370559117,0.609684732687732,0.728271484375,-0.46728515625,0.089111328125,nan,0.0394287109375,nan,0.080078125,nan,0.080078125,1,0.5802001953125,0.6170654296875,0.028997728681643263,8,3,16,108,102,20260920,761,5.778977599984501
adder,S2,4,0.005,0,8,1024,8192,0.6361083984375,0.625628361740135,0.6464608448659768,0.8028564453125,0.8028564453125,0.0318603515625,0.3638916015625,nan,0.1976318359375,nan,0.1976318359375,nan,1,0.6219482421875,0.6534423828125,0.024186650111635927,8,3,16,108,102,20260920,761,7.690056699968409
adder,S2,4,0.005,1,8,1024,8192,0.589599609375,0.5789079183043261,0.600207308286603,0.7523193359375,0.5003662109375,0.06201171875,nan,0.1259765625,0.284423828125,nan,0.284423828125,nan,1,0.5743408203125,0.60693359375,0.025265563829962836,8,3,16,108,102,20260920,761,5.855249799962621
adder,S2,4,0.005,2,8,1024,8192,0.5955810546875,0.5849109511564662,0.606161558953476,0.685791015625,0.18798828125,0.0592041015625,nan,0.070068359375,nan,0.1788330078125,nan,0.1788330078125,1,0.583984375,0.6085205078125,0.019210802444216416,8,3,16,108,102,20260920,761,5.784122400043998
adder,S2,4,0.005,3,8,1024,8192,0.582763671875,0.572049299921128,0.5934004597909293,0.721923828125,-0.0869140625,0.0897216796875,nan,0.0321044921875,nan,0.1009521484375,nan,0.1009521484375,1,0.5615203857421875,0.6035186767578125,0.032726814341121686,8,3,16,108,102,20260920,761,5.8337778999703005
adder,S2,4,0.005,4,8,1024,8192,0.544189453125,0.5333862437368171,0.5549512385873197,0.830322265625,-0.493408203125,0.1082763671875,nan,0.0394287109375,nan,0.0859375,nan,0.0859375,1,0.524658203125,0.5631103515625,0.029388574866670847,8,3,16,108,102,20260920,761,5.707911500008777
adder,S2,4,0.01,0,8,1024,8192,0.5,0.4891751641095471,0.5108248358904529,1.1737060546875,1.1737060546875,0.0567626953125,0.5,nan,0.289794921875,nan,0.289794921875,nan,1,0.481201171875,0.520263671875,0.030113253489357235,8,3,16,108,102,20260920,761,7.543295100040268
adder,S2,4,0.01,1,8,1024,8192,0.468505859375,0.45771727020197384,0.47932397167750884,1.0828857421875,0.8055419921875,0.0985107421875,nan,0.138671875,0.392822265625,nan,0.392822265625,nan,1,0.4554443359375,0.483154296875,0.021697338876796445,8,3,16,108,102,20260920,761,5.859822699974757
adder,S2,4,0.01,2,8,1024,8192,0.47705078125,0.4662481046700514,0.4878749708080212,0.9102783203125,0.3262939453125,0.0853271484375,nan,0.0823974609375,nan,0.2095947265625,nan,0.2095947265625,1,0.4637451171875,0.4915771484375,0.021325252864567004,8,3,16,108,102,20260920,761,5.903843000007328
adder,S2,4,0.01,3,8,1024,8192,0.43359375,0.42289588938802536,0.444353860931504,1.033447265625,-0.083984375,0.1358642578125,nan,0.0523681640625,nan,0.1558837890625,nan,0.1558837890625,1,0.421142578125,0.4443359375,0.018135087536929568,8,3,16,108,102,20260920,761,5.927850900043268
adder,S2,4,0.01,4,8,1024,8192,0.4149169921875,0.40428983667347695,0.42562390592342003,1.0911865234375,-0.6292724609375,0.14013671875,nan,0.0501708984375,nan,0.117919921875,nan,0.117919921875,1,0.3956298828125,0.4371337890625,0.03203974488223637,8,3,16,108,102,20260920,761,5.8077226000023074
adder,S2,4,0.02,0,8,1024,8192,0.3388671875,0.3286951103305615,0.3491903132388848,1.771240234375,1.771240234375,0.1158447265625,0.6611328125,nan,0.4322509765625,nan,0.4322509765625,nan,1,0.323974609375,0.35546875,0.02484277605065307,8,3,16,108,102,20260920,761,7.659251999983098
adder,S2,4,0.02,1,8,1024,8192,0.3197021484375,0.30968973692541335,0.3298835741443382,1.421875,1.082763671875,0.1279296875,nan,0.1695556640625,0.5107421875,nan,0.5107421875,nan,1,0.302001953125,0.3387451171875,0.028936292435386056,8,3,16,108,102,20260920,761,5.863862400001381
adder,S2,4,0.02,2,8,1024,8192,0.32275390625,0.3127147820710951,0.3329591838552957,1.2357177734375,0.4976806640625,0.129638671875,nan,0.1051025390625,nan,0.263916015625,nan,0.263916015625,1,0.3077392578125,0.3397216796875,0.02502309549825385,8,3,16,108,102,20260920,761,5.918068400002085
adder,S2,4,0.02,3,8,1024,8192,0.3280029296875,0.31791901086105673,0.3382480814187537,1.2408447265625,-0.1024169921875,0.1663818359375,nan,0.0760498046875,nan,0.1915283203125,nan,0.1915283203125,1,0.314697265625,0.342041015625,0.0208499932660585,8,3,16,108,102,20260920,761,5.716657300014049
adder,S2,4,0.02,4,8,1024,8192,0.2607421875,0.25134860662503533,0.2703600526144454,1.4276123046875,-0.7696533203125,0.190185546875,nan,0.071044921875,nan,0.1585693359375,nan,0.1585693359375,1,0.25048828125,0.2718505859375,0.016728278221957136,8,3,16,108,102,20260920,761,5.803680700017139
adder,S2,4,0.03,0,8,1024,8192,0.2547607421875,0.24544164879454713,0.26430972692592064,2.16455078125,2.16455078125,0.155029296875,0.7452392578125,nan,0.5318603515625,nan,0.5318603515625,nan,1,0.2415771484375,0.2706298828125,0.02254531837757063,8,3,16,108,102,20260920,761,7.669489599997178
adder,S2,4,0.03,1,8,1024,8192,0.2373046875,0.22821655972702928,0.2466390702134618,1.7957763671875,1.4808349609375,0.18798828125,nan,0.157470703125,0.605224609375,nan,0.605224609375,nan,1,0.2275390625,0.248779296875,0.01651517043485133,8,3,16,108,102,20260920,761,5.8421428999863565
adder,S2,4,0.03,2,8,1024,8192,0.2572021484375,0.2478523724779806,0.26677952712779857,1.4879150390625,0.7005615234375,0.1822509765625,nan,0.1217041015625,nan,0.27197265625,nan,0.27197265625,1,0.2431640625,0.2740478515625,0.02393183061734883,8,3,16,108,102,20260920,761,6.067837000009604
adder,S2,4,0.03,3,8,1024,8192,0.26025390625,0.2508663195735725,0.26986623488884587,1.415283203125,-0.097900390625,0.196533203125,nan,0.10107421875,nan,0.2198486328125,nan,0.2198486328125,1,0.248291015625,0.2738037109375,0.01979454229970753,8,3,16,108,102,20260920,761,5.849986500048544
adder,S2,4,0.03,4,8,1024,8192,0.192138671875,0.1837521789388487,0.20081375912338112,1.6419677734375,-0.9031982421875,0.2103271484375,nan,0.0882568359375,nan,0.201416015625,nan,0.201416015625,1,0.181640625,0.2059326171875,0.01865902583422592,8,3,16,108,102,20260920,761,5.90428040002007
adder,S2,4,0.05,0,8,1024,8192,0.1829833984375,0.17475975944999,0.19150421404232199,2.6287841796875,2.6287841796875,0.2183837890625,0.8170166015625,nan,0.6370849609375,nan,0.6370849609375,nan,1,0.1730926513671875,0.1939697265625,0.01614759350629601,8,3,16,108,102,20260920,761,7.482287099992391
adder,S2,4,0.05,1,8,1024,8192,0.168701171875,0.16074743025780866,0.1769654785054315,2.15185546875,1.8671875,0.2435302734375,nan,0.142333984375,0.68896484375,nan,0.68896484375,nan,1,0.16064453125,0.177734375,0.013182301937371355,8,3,16,108,102,20260920,761,5.850926099985372
adder,S2,4,0.05,2,8,1024,8192,0.1868896484375,0.17859559171161726,0.19547721999719297,1.7574462890625,0.9368896484375,0.2479248046875,nan,0.1304931640625,nan,0.27978515625,nan,0.27978515625,1,0.1751708984375,0.1993408203125,0.018572576403515995,8,3,16,108,102,20260920,761,5.816133199958131
adder,S2,4,0.05,3,8,1024,8192,0.1884765625,0.18015429836418395,0.19709085387007874,1.6846923828125,0.0440673828125,0.2578125,nan,0.1240234375,nan,0.2578125,nan,0.2578125,1,0.177490234375,0.2015380859375,0.01870460464519461,8,3,16,108,102,20260920,761,5.899324099998921
adder,S2,4,0.05,4,8,1024,8192,0.136474609375,0.1292108881160411,0.1440791053610883,1.8565673828125,-0.8741455078125,0.26806640625,nan,0.1146240234375,nan,0.24169921875,nan,0.24169921875,1,0.1260986328125,0.1484375,0.01758393691121849,8,3,16,108,102,20260920,761,5.730642100039404
adder,S2,6,0.0,0,8,1024,8192,0.7156982421875,0.7058308589433142,0.7253634263239499,0.7750244140625,0.7750244140625,0.0029296875,0.2843017578125,nan,0.1878662109375,nan,0.1878662109375,nan,1,0.7054443359375,0.727294921875,0.01687776976768096,8,3,22,200,215,20260920,761,12.994392300024629
adder,S2,6,0.0,1,8,1024,8192,0.6143798828125,0.6037883429352394,0.6248642010916007,0.834228515625,0.591796875,0.019287109375,nan,0.1212158203125,0.264404296875,nan,0.264404296875,nan,1,0.5885009765625,0.645751953125,0.04490803570547921,8,3,22,200,215,20260920,761,13.091273099998944
adder,S2,6,0.0,2,8,1024,8192,0.615234375,0.6046467968657415,0.6257139305209575,0.7645263671875,0.3482666015625,0.014404296875,nan,0.0609130859375,nan,0.147216796875,nan,0.147216796875,1,0.599853515625,0.630615234375,0.024074083700088855,8,3,22,200,215,20260920,761,13.102648600004613
adder,S2,6,0.0,3,8,1024,8192,0.572021484375,0.5612757257425278,0.5826997288741591,0.8231201171875,0.1204833984375,0.0635986328125,nan,0.023193359375,nan,0.098388671875,nan,0.098388671875,1,0.5441864013671875,0.5999755859375,0.04240302683059225,8,3,22,200,215,20260920,761,12.883991899958346
adder,S2,6,0.0,4,8,1024,8192,0.556884765625,0.5461035181592212,0.567612688368535,0.7913818359375,-0.2857666015625,0.023681640625,nan,0.045654296875,nan,0.068359375,nan,0.068359375,1,0.5440673828125,0.5689697265625,0.01922010817917953,8,3,22,200,215,20260920,761,12.79775220004376
adder,S2,6,0.0,5,8,1024,8192,0.5396728515625,0.5288635336369236,0.5504449794993869,0.8907470703125,-0.5572509765625,0.0614013671875,nan,0.0172119140625,nan,0.0736083984375,nan,0.0736083984375,1,0.5205078125,0.5556640625,0.0278274417621054,8,3,22,200,215,20260920,761,13.080171599984169
adder,S2,6,0.0,6,8,1024,8192,0.541259765625,0.5304524922773446,0.5520283613844184,0.9774169921875,-0.8245849609375,0.076416015625,nan,0.0247802734375,nan,0.0445556640625,nan,0.0445556640625,1,0.5299072265625,0.55322265625,0.018050374462619673,8,3,22,200,215,20260920,761,13.096301899990067
adder,S2,6,0.001,0,8,1024,8192,0.626220703125,0.615687132275717,0.6366359525948834,1.037841796875,1.037841796875,0.010009765625,0.373779296875,nan,0.2449951171875,nan,0.2449951171875,nan,1,0.618408203125,0.6334228515625,0.011409493599167894,8,3,22,200,215,20260920,761,18.81018079997739
adder,S2,6,0.001,1,8,1024,8192,0.5655517578125,0.5547895858627608,0.5762524804578507,0.96240234375,0.72802734375,0.0240478515625,nan,0.1171875,0.3172607421875,nan,0.3172607421875,nan,1,0.5377197265625,0.594970703125,0.04474695874571191,8,3,22,200,215,20260920,761,15.256682400009595
adder,S2,6,0.001,2,8,1024,8192,0.558349609375,0.5475713525733111,0.5690731682856319,0.8834228515625,0.4393310546875,0.0216064453125,nan,0.0657958984375,nan,0.15625,nan,0.15625,1,0.541259765625,0.575439453125,0.026440714693816623,8,3,22,200,215,20260920,761,15.753323700046167
adder,S2,6,0.001,3,8,1024,8192,0.51904296875,0.5082170573502212,0.5298510289552079,0.931396484375,0.139892578125,0.06689453125,nan,0.0291748046875,nan,0.116943359375,nan,0.116943359375,1,0.5006103515625,0.5380859375,0.028695463972948195,8,3,22,200,215,20260920,761,15.841189700004179
adder,S2,6,0.001,4,8,1024,8192,0.498291015625,0.4874670439508647,0.5091165893294173,0.9129638671875,-0.2769775390625,0.0379638671875,nan,0.047607421875,nan,0.0731201171875,nan,0.0731201171875,1,0.4881591796875,0.50732421875,0.014798800451499183,8,3,22,200,215,20260920,761,15.498475199972745
adder,S2,6,0.001,5,8,1024,8192,0.498779296875,0.48795506538367145,0.5096046726736729,0.9666748046875,-0.5994873046875,0.0615234375,nan,0.0223388671875,nan,0.078857421875,nan,0.078857421875,1,0.4879150390625,0.508544921875,0.016171305497003005,8,3,22,200,215,20260920,761,14.795478800020646
adder,S2,6,0.001,6,8,1024,8192,0.4842529296875,0.4734408418677519,0.4950797790719894,1.11669921875,-0.937744140625,0.0894775390625,nan,0.0277099609375,nan,0.05419921875,nan,0.05419921875,1,0.4710693359375,0.4967041015625,0.019714800877286807,8,3,22,200,215,20260920,761,15.11950450000586
adder,S2,6,0.003,0,8,1024,8192,0.5146484375,0.503821380099988,0.5254617632118805,1.3876953125,1.3876953125,0.0181884765625,0.4853515625,nan,0.3255615234375,nan,0.3255615234375,nan,1,0.5059814453125,0.52392578125,0.014103517808147446,8,3,22,200,215,20260920,761,19.17326310003409
adder,S2,6,0.003,1,8,1024,8192,0.451904296875,0.44115217658928063,0.4627015028700844,1.260986328125,0.994384765625,0.033935546875,nan,0.13330078125,0.414794921875,nan,0.414794921875,nan,1,0.4306610107421875,0.473388671875,0.03290119251205225,8,3,22,200,215,20260920,761,15.254868499992881
adder,S2,6,0.003,2,8,1024,8192,0.4599609375,0.4491896149122572,0.47076979336863556,1.0928955078125,0.5892333984375,0.0294189453125,nan,0.0716552734375,nan,0.18017578125,nan,0.18017578125,1,0.4459228515625,0.475830078125,0.023233158697988903,8,3,22,200,215,20260920,761,15.137690200004727
adder,S2,6,0.003,3,8,1024,8192,0.42431640625,0.4136517131262081,0.43505204642913786,1.113037109375,0.191650390625,0.0748291015625,nan,0.0411376953125,nan,0.1341552734375,nan,0.1341552734375,1,0.41650390625,0.433837890625,0.013389950391408289,8,3,22,200,215,20260920,761,14.957009699952323
adder,S2,6,0.003,4,8,1024,8192,0.4249267578125,0.41425976444850793,0.4356641260781659,1.06640625,-0.31787109375,0.04541015625,nan,0.0535888671875,nan,0.0938720703125,nan,0.0938720703125,1,0.41455078125,0.4351806640625,0.01576767225393171,8,3,22,200,215,20260920,761,14.97784700000193
adder,S2,6,0.003,5,8,1024,8192,0.4141845703125,0.4035605071283553,0.42488907830294825,1.1895751953125,-0.7642822265625,0.0736083984375,nan,0.0362548828125,nan,0.10009765625,nan,0.10009765625,1,0.3951416015625,0.43359375,0.029663982972088315,8,3,22,200,215,20260920,761,15.055521100002807
adder,S2,6,0.003,6,8,1024,8192,0.4010009765625,0.39043674648797366,0.41165800996264823,1.3372802734375,-1.1392822265625,0.0989990234375,nan,0.038330078125,nan,0.075927734375,nan,0.075927734375,1,0.3905029296875,0.410400390625,0.015065107281602088,8,3,22,200,215,20260920,761,14.709404600027483
adder,S2,6,0.005,0,8,1024,8192,0.4271240234375,0.41644888728075147,0.4378674747427026,1.698486328125,1.698486328125,0.02685546875,0.5728759765625,nan,0.391357421875,nan,0.391357421875,nan,1,0.4150390625,0.4393310546875,0.01920725621640565,8,3,22,200,215,20260920,761,18.709570100007113
adder,S2,6,0.005,1,8,1024,8192,0.3646240234375,0.3542667630639911,0.3751081874954906,1.47314453125,1.19482421875,0.044677734375,nan,0.13916015625,0.4962158203125,nan,0.4962158203125,nan,1,0.3499755859375,0.3829345703125,0.025926571774529714,8,3,22,200,215,20260920,761,15.081351400003769
adder,S2,6,0.005,2,8,1024,8192,0.3828125,0.37234395963413985,0.3933908938709119,1.2728271484375,0.7115478515625,0.0411376953125,nan,0.08203125,nan,0.1986083984375,nan,0.1986083984375,1,0.36328125,0.3995361328125,0.02831790707149097,8,3,22,200,215,20260920,761,15.006751500011887
adder,S2,6,0.005,3,8,1024,8192,0.356689453125,0.3463857371186105,0.3671275108136091,1.2645263671875,0.2552490234375,0.0782470703125,nan,0.0545654296875,nan,0.14794921875,nan,0.14794921875,1,0.3387451171875,0.37756652832031246,0.030161849715452358,8,3,22,200,215,20260920,761,15.135298300010618
adder,S2,6,0.005,4,8,1024,8192,0.3515625,0.3412950269775402,0.36196912079552535,1.223876953125,-0.359130859375,0.0548095703125,nan,0.0614013671875,nan,0.1131591796875,nan,0.1131591796875,1,0.33837890625,0.364013671875,0.020149262527768764,8,3,22,200,215,20260920,761,15.516271899978165
adder,S2,6,0.005,5,8,1024,8192,0.34814453125,0.3379019452025872,0.35852946913104244,1.3135986328125,-0.7777099609375,0.0924072265625,nan,0.0404052734375,nan,0.103271484375,nan,0.103271484375,1,0.3433837890625,0.35400390625,0.008203789301333234,8,3,22,200,215,20260920,761,14.74163750000298
adder,S2,6,0.005,6,8,1024,8192,0.3284912109375,0.3184031986620428,0.3387399983948298,1.56298828125,-1.341064453125,0.1109619140625,nan,0.0439453125,nan,0.09521484375,nan,0.09521484375,1,0.3104248046875,0.345458984375,0.02733845562185027,8,3,22,200,215,20260920,761,14.864624199981336
adder,S2,6,0.01,0,8,1024,8192,0.279541015625,0.26992799374667364,0.289360699409705,2.3094482421875,2.3094482421875,0.047607421875,0.720458984375,nan,0.5347900390625,nan,0.5347900390625,nan,1,0.2728271484375,0.2877197265625,0.011563682937497122,8,3,22,200,215,20260920,761,18.752865099988412
adder,S2,6,0.01,1,8,1024,8192,0.257568359375,0.24821401441658583,0.26714996377199013,1.909912109375,1.63818359375,0.06787109375,nan,0.1358642578125,0.6065673828125,nan,0.6065673828125,nan,1,0.2467041015625,0.2681884765625,0.016652773561546187,8,3,22,200,215,20260920,761,14.86043860000791
adder,S2,6,0.01,2,8,1024,8192,0.2647705078125,0.2553280536959182,0.2744334699543263,1.62548828125,1.00830078125,0.065673828125,nan,0.0941162109375,nan,0.2144775390625,nan,0.2144775390625,1,0.25048828125,0.27807922363281246,0.021302481205784686,8,3,22,200,215,20260920,761,15.027847899997141
adder,S2,6,0.01,3,8,1024,8192,0.245849609375,0.23664584278084946,0.2552916207582316,1.542236328125,0.36767578125,0.094482421875,nan,0.075439453125,nan,0.17919921875,nan,0.17919921875,1,0.238037109375,0.25634765625,0.014491815220718973,8,3,22,200,215,20260920,761,15.009459100023378
adder,S2,6,0.01,4,8,1024,8192,0.25732421875,0.24797291882629477,0.26690300697374997,1.4775390625,-0.35009765625,0.080810546875,nan,0.0750732421875,nan,0.1434326171875,nan,0.1434326171875,1,0.24560546875,0.2685546875,0.017686299097924643,8,3,22,200,215,20260920,761,14.67357310000807
adder,S2,6,0.01,5,8,1024,8192,0.25634765625,0.24700857508923785,0.2659151411566823,1.6199951171875,-1.0301513671875,0.099853515625,nan,0.062744140625,nan,0.1392822265625,nan,0.1392822265625,1,0.246826171875,0.266845703125,0.015458445453983873,8,3,22,200,215,20260920,761,15.009543300024234
adder,S2,6,0.01,6,8,1024,8192,0.2298583984375,0.22087521798160978,0.23909481410868147,1.949462890625,-1.696044921875,0.126708984375,nan,0.0654296875,nan,0.1368408203125,nan,0.1368408203125,1,0.2247314453125,0.2353515625,0.008085652748501503,8,3,22,200,215,20260920,761,15.348224000015762
adder,S2,6,0.02,0,8,1024,8192,0.1600341796875,0.1522543382573856,0.168132710712999,3.0107421875,3.0107421875,0.085205078125,0.8399658203125,nan,0.677978515625,nan,0.677978515625,nan,1,0.153076171875,0.1668701171875,0.010575223094438247,8,3,22,200,215,20260920,761,18.739473499997985
adder,S2,6,0.02,1,8,1024,8192,0.16162109375,0.15380881059834312,0.1697505788974939,2.36083984375,2.0966796875,0.091552734375,nan,0.132080078125,0.706298828125,nan,0.706298828125,nan,1,0.1534423828125,0.1695556640625,0.01242961138804478,8,3,22,200,215,20260920,761,14.874492999981157
adder,S2,6,0.02,2,8,1024,8192,0.1829833984375,0.17475975944999,0.19150421404232199,1.953857421875,1.3388671875,0.096435546875,nan,0.0960693359375,nan,0.21142578125,nan,0.21142578125,1,0.175537109375,0.191162109375,0.01193688237397848,8,3,22,200,215,20260920,761,15.019907799956854
adder,S2,6,0.02,3,8,1024,8192,0.168212890625,0.16026873604024475,0.17646806794593314,1.7633056640625,0.4393310546875,0.1038818359375,nan,0.0931396484375,nan,0.2093505859375,nan,0.2093505859375,1,0.1610107421875,0.177734375,0.01340774435326756,8,3,22,200,215,20260920,761,15.12601760000689
adder,S2,6,0.02,4,8,1024,8192,0.173095703125,0.16505677275472141,0.1814410790020793,1.732177734375,-0.394287109375,0.102294921875,nan,0.091064453125,nan,0.185302734375,nan,0.185302734375,1,0.1605224609375,0.1856689453125,0.019723868826873724,8,3,22,200,215,20260920,761,15.013627800042741
adder,S2,6,0.02,5,8,1024,8192,0.169677734375,0.16170489224572254,0.1779602260716422,1.928955078125,-1.225830078125,0.116455078125,nan,0.088623046875,nan,0.1810302734375,nan,0.1810302734375,1,0.160400390625,0.178466796875,0.013867285745376325,8,3,22,200,215,20260920,761,15.059639499988407
adder,S2,6,0.02,6,8,1024,8192,0.1549072265625,0.14723410218956778,0.16290384662166285,2.294189453125,-2.0361328125,0.1290283203125,nan,0.0872802734375,nan,0.1676025390625,nan,0.1676025390625,1,0.150390625,0.1605224609375,0.007863559084780947,8,3,22,200,215,20260920,761,14.767966100014746
adder,S2,6,0.03,0,8,1024,8192,0.133056640625,0.12587361224511873,0.1405836477925747,3.261962890625,3.261962890625,0.0997314453125,0.866943359375,nan,0.7308349609375,nan,0.7308349609375,nan,1,0.1248779296875,0.14013671875,0.01169256281643331,8,3,22,200,215,20260920,761,18.601521499978844
adder,S2,6,0.03,1,8,1024,8192,0.1239013671875,0.11694257419548713,0.13121272127228842,2.6240234375,2.38037109375,0.1043701171875,nan,0.121826171875,0.7542724609375,nan,0.7542724609375,nan,1,0.118408203125,0.129638671875,0.008694579890581405,8,3,22,200,215,20260920,761,15.139798899996094
adder,S2,6,0.03,2,8,1024,8192,0.1448974609375,0.1374414543787794,0.1526863465026744,2.1136474609375,1.4105224609375,0.10888671875,nan,0.1168212890625,nan,0.2347412109375,nan,0.2347412109375,1,0.13671875,0.153564453125,0.012986419249251927,8,3,22,200,215,20260920,761,14.933215800032485
adder,S2,6,0.03,3,8,1024,8192,0.14404296875,0.13660605753477217,0.1518135599868226,1.867431640625,0.463134765625,0.1119384765625,nan,0.1070556640625,nan,0.2247314453125,nan,0.2247314453125,1,0.1368408203125,0.1513671875,0.011436328979865623,8,3,22,200,215,20260920,761,15.00839289999567
adder,S2,6,0.03,4,8,1024,8192,0.154052734375,0.14639768466004188,0.16203208079132975,1.8265380859375,-0.4202880859375,0.110107421875,nan,0.103759765625,nan,0.207275390625,nan,0.207275390625,1,0.147705078125,0.1605224609375,0.009955601906073835,8,3,22,200,215,20260920,761,14.932498200039845
adder,S2,6,0.03,5,8,1024,8192,0.1624755859375,0.15464594744341234,0.17062162541228368,2.0430908203125,-1.3433837890625,0.119873046875,nan,0.1041259765625,nan,0.2086181640625,nan,0.2086181640625,1,0.15283203125,0.173095703125,0.015694056904141176,8,3,22,200,215,20260920,761,14.786423599987756
adder,S2,6,0.03,6,8,1024,8192,0.133056640625,0.12587361224511873,0.1405836477925747,2.5003662109375,-2.2457275390625,0.1273193359375,nan,0.100341796875,nan,0.2001953125,nan,0.2001953125,1,0.1259735107421875,0.1409912109375,0.011457157487523571,8,3,22,200,215,20260920,761,15.121851299947593
adder,S2,6,0.05,0,8,1024,8192,0.1279296875,0.1208707380144473,0.13533742186409214,3.476806640625,3.476806640625,0.119873046875,0.8720703125,nan,0.755126953125,nan,0.755126953125,nan,1,0.1204833984375,0.1358642578125,0.012028550108705285,8,3,22,200,215,20260920,761,19.009165700001176
adder,S2,6,0.05,1,8,1024,8192,0.123291015625,0.11634760931860601,0.13058755517784168,2.7010498046875,2.4600830078125,0.1187744140625,nan,0.1204833984375,0.7562255859375,nan,0.7562255859375,nan,1,0.1164520263671875,0.1304931640625,0.01075802910645353,8,3,22,200,215,20260920,761,15.032038800010923
adder,S2,6,0.05,2,8,1024,8192,0.130859375,0.12372906858349673,0.13833571995741642,2.2218017578125,1.4947509765625,0.1199951171875,nan,0.12255859375,nan,0.240966796875,nan,0.240966796875,1,0.1248779296875,0.137939453125,0.01012185108661666,8,3,22,200,215,20260920,761,14.83623760001501
adder,S2,6,0.05,3,8,1024,8192,0.1295166015625,0.12241884814938331,0.13696165225460855,1.955078125,0.549560546875,0.1220703125,nan,0.1124267578125,nan,0.230224609375,nan,0.230224609375,1,0.123779296875,0.1351318359375,0.008560353571945258,8,3,22,200,215,20260920,761,15.132372200023383
adder,S2,6,0.05,4,8,1024,8192,0.140869140625,0.13350395863623313,0.14857097783445686,1.9420166015625,-0.4847412109375,0.1253662109375,nan,0.118408203125,nan,0.2396240234375,nan,0.2396240234375,1,0.1336669921875,0.147705078125,0.010871407252069346,8,3,22,200,215,20260920,761,14.843098899989855
adder,S2,6,0.05,5,8,1024,8192,0.13427734375,0.12706531413103192,0.1418322078493172,2.2119140625,-1.476318359375,0.1258544921875,nan,0.123291015625,nan,0.2420654296875,nan,0.2420654296875,1,0.1256103515625,0.142333984375,0.01317454840159379,8,3,22,200,215,20260920,761,15.126129199983552
adder,S2,6,0.05,6,8,1024,8192,0.1246337890625,0.11765660633260315,0.13196284630076582,2.697509765625,-2.4521484375,0.1226806640625,nan,0.1168212890625,nan,0.2401123046875,nan,0.2401123046875,1,0.1180419921875,0.130859375,0.010012742507036073,8,3,22,200,215,20260920,761,15.121713900007308
phase,S1,2,0.0,0,8,1024,8192,1.0,0.9995312917117791,1.0,0.0,0.0,0.0,0.0,nan,0.0,nan,0.0,nan,0,1.0,1.0,0.0,8,2,8,45,37,20260920,761,0.09359370003221557
phase,S1,2,0.0,1,8,1024,8192,1.0,0.9995312917117791,1.0,0.0,0.0,0.0,nan,0.0,0.0,nan,nan,0.0,0,1.0,1.0,0.0,8,2,8,45,37,20260920,761,0.11971870000706986
phase,S1,2,0.0,2,8,1024,8192,1.0,0.9995312917117791,1.0,0.0,0.0,0.0,nan,0.0,nan,0.0,nan,0.0,0,1.0,1.0,0.0,8,2,8,45,37,20260920,761,0.11172729998361319
phase,S1,2,0.001,0,8,1024,8192,0.9810791015625,0.9778953345436294,0.983811897056986,0.032470703125,0.032470703125,0.0052490234375,0.0189208984375,nan,0.00830078125,nan,0.0189208984375,nan,0,0.97705078125,0.984619140625,0.005811220933666659,8,2,8,45,37,20260920,761,1.704433400009293
phase,S1,2,0.001,1,8,1024,8192,0.9798583984375,0.9765837349678786,0.9826832346900812,0.0238037109375,0.0072021484375,0.003662109375,nan,0.00830078125,0.0118408203125,nan,nan,0.00830078125,0,0.9774169921875,0.98193359375,0.0034600604981126974,8,2,8,45,37,20260920,761,1.6637069000280462
phase,S1,2,0.001,2,8,1024,8192,0.9805908203125,0.9773703315297909,0.9833607952937623,0.0225830078125,-0.0147705078125,0.00390625,nan,0.003173828125,nan,0.0155029296875,nan,0.003173828125,0,0.9766845703125,0.9842529296875,0.005869538711021146,8,2,8,45,37,20260920,761,1.645878699957393
phase,S1,2,0.003,0,8,1024,8192,0.9420166015625,0.9367453957397474,0.9468734536958854,0.0963134765625,0.0963134765625,0.013427734375,0.0579833984375,nan,0.02490234375,nan,0.0579833984375,nan,0,0.938720703125,0.945556640625,0.005321721640368291,8,2,8,45,37,20260920,761,1.698704699985683
phase,S1,2,0.003,1,8,1024,8192,0.9405517578125,0.9352217860067675,0.9454687490976783,0.0712890625,0.028564453125,0.0118408203125,nan,0.0213623046875,0.0380859375,nan,nan,0.0213623046875,0,0.936279296875,0.9447021484375,0.006549680476158665,8,2,8,45,37,20260920,761,1.6823909999802709
phase,S1,2,0.003,2,8,1024,8192,0.9443359375,0.9391596463513577,0.9490957007753208,0.0657958984375,-0.0411376953125,0.0123291015625,nan,0.0101318359375,nan,0.0433349609375,nan,0.0101318359375,0,0.94140625,0.947265625,0.004550643535239981,8,2,8,45,37,20260920,761,1.6416325999889523
phase,S1,2,0.005,0,8,1024,8192,0.9033203125,0.8967305457612591,0.9095320000921876,0.1632080078125,0.1632080078125,0.023681640625,0.0966796875,nan,0.0428466796875,nan,0.0966796875,nan,0,0.896728515625,0.909912109375,0.01012185108661666,8,2,8,45,37,20260920,761,1.6953310999670066
phase,S1,2,0.005,1,8,1024,8192,0.906005859375,0.8994948762856235,0.9121362458416659,0.11181640625,0.03955078125,0.017822265625,nan,0.0361328125,0.057861328125,nan,nan,0.0361328125,0,0.9005126953125,0.9119873046875,0.008885415549068692,8,2,8,45,37,20260920,761,1.6552755000302568
phase,S1,2,0.005,2,8,1024,8192,0.9083251953125,0.9018835124576714,0.9143841073606638,0.1092529296875,-0.0662841796875,0.021484375,nan,0.017578125,nan,0.0701904296875,nan,0.017578125,0,0.9034423828125,0.9127197265625,0.00716555259553457,8,2,8,45,37,20260920,761,1.6400610000127926
phase,S1,2,0.01,0,8,1024,8192,0.8153076171875,0.8067574222764885,0.8235622375114816,0.314208984375,0.314208984375,0.04541015625,0.1846923828125,nan,0.0841064453125,nan,0.1846923828125,nan,0,0.8079833984375,0.8214111328125,0.010471652996934701,8,2,8,45,37,20260920,761,1.702999999979511
phase,S1,2,0.01,1,8,1024,8192,0.81689453125,0.8083716080977547,0.8251203922156679,0.2198486328125,0.0792236328125,0.0367431640625,nan,0.0703125,0.11279296875,nan,nan,0.0703125,0,0.80908203125,0.824462890625,0.011994523024667789,8,2,8,45,37,20260920,761,1.6523235000204295
phase,S1,2,0.01,2,8,1024,8192,0.8243408203125,0.8159490483669364,0.832428549796686,0.2109375,-0.1181640625,0.04638671875,nan,0.0352783203125,nan,0.1292724609375,nan,0.0352783203125,0,0.8194580078125,0.830322265625,0.008472368158199782,8,2,8,45,37,20260920,761,1.6344274999573827
phase,S1,2,0.02,0,8,1024,8192,0.6876220703125,0.6774999229503323,0.6975683376358505,0.535400390625,0.535400390625,0.077392578125,0.3123779296875,nan,0.1456298828125,nan,0.3123779296875,nan,0,0.681640625,0.6947021484375,0.0101411812470397,8,2,8,45,37,20260920,761,1.6922656999668106
phase,S1,2,0.02,1,8,1024,8192,0.6900634765625,0.6799617336865595,0.6999870507849346,0.380126953125,0.14892578125,0.0701904296875,nan,0.1156005859375,0.1943359375,nan,nan,0.1156005859375,0,0.6815185546875,0.6981201171875,0.012700006644179642,8,2,8,45,37,20260920,761,1.6544982999912463
phase,S1,2,0.02,2,8,1024,8192,0.6883544921875,0.6782384320698831,0.698293985681893,0.3829345703125,-0.2374267578125,0.07275390625,nan,0.0712890625,nan,0.2388916015625,nan,0.0712890625,0,0.68017578125,0.69580078125,0.012134971462357435,8,2,8,45,37,20260920,761,1.6139264000230469
phase,S1,2,0.03,0,8,1024,8192,0.5745849609375,0.5638462222151246,0.5852537824811392,0.7335205078125,0.7335205078125,0.10107421875,0.4254150390625,nan,0.20703125,nan,0.4254150390625,nan,0,0.5665283203125,0.582275390625,0.012061775281751641,8,2,8,45,37,20260920,761,1.6858728000079282
phase,S1,2,0.03,1,8,1024,8192,0.5888671875,0.5781729650251142,0.5994781044002215,0.5142822265625,0.2103271484375,0.1031494140625,nan,0.1519775390625,0.2591552734375,nan,nan,0.1519775390625,0,0.5791015625,0.5994873046875,0.01614812081770137,8,2,8,45,37,20260920,761,1.6703082000021823
phase,S1,2,0.03,2,8,1024,8192,0.5828857421875,0.5721717567153107,0.593522029191012,0.51416015625,-0.30419921875,0.10498046875,nan,0.0970458984375,nan,0.3121337890625,nan,0.0970458984375,0,0.5758026123046875,0.58935546875,0.01044560001799702,8,2,8,45,37,20260920,761,1.6387811999884434
phase,S1,2,0.05,0,8,1024,8192,0.4376220703125,0.426911001035892,0.4483916136944011,1.0147705078125,1.0147705078125,0.1517333984375,0.5623779296875,nan,0.3006591796875,nan,0.5623779296875,nan,0,0.4290771484375,0.4464111328125,0.013333233310687597,8,2,8,45,37,20260920,761,1.7017935999901965
phase,S1,2,0.05,1,8,1024,8192,0.44921875,0.43847366288785533,0.4600114402976671,0.6944580078125,0.2850341796875,0.1436767578125,nan,0.2047119140625,0.3460693359375,nan,nan,0.2047119140625,0,0.4427490234375,0.453857421875,0.008858542336153763,8,2,8,45,37,20260920,761,1.6774039999581873
phase,S1,2,0.05,2,8,1024,8192,0.4471435546875,0.4364041194109817,0.4579325384720261,0.7015380859375,-0.4093017578125,0.1461181640625,nan,0.148681640625,nan,0.40673828125,nan,0.148681640625,0,0.437255859375,0.457763671875,0.015828039579815954,8,2,8,45,37,20260920,761,1.6267063000123017
phase,S1,4,0.0,0,8,1024,8192,1.0,0.9995312917117791,1.0,0.0,0.0,0.0,0.0,nan,0.0,nan,0.0,nan,1,1.0,1.0,0.0,8,3,15,89,106,20260920,761,0.13225670001702383
phase,S1,4,0.0,1,8,1024,8192,1.0,0.9995312917117791,1.0,0.0,0.0,0.0,nan,0.0,0.0,nan,0.0,nan,1,1.0,1.0,0.0,8,3,15,89,106,20260920,761,0.13752519997069612
phase,S1,4,0.0,2,8,1024,8192,1.0,0.9995312917117791,1.0,0.0,0.0,0.0,nan,0.0,nan,0.0,nan,0.0,1,1.0,1.0,0.0,8,3,15,89,106,20260920,761,0.1405860999948345
phase,S1,4,0.0,3,8,1024,8192,1.0,0.9995312917117791,1.0,0.0,0.0,0.0,nan,0.0,nan,0.0,nan,0.0,1,1.0,1.0,0.0,8,3,15,89,106,20260920,761,0.13936510001076385
phase,S1,4,0.0,4,8,1024,8192,1.0,0.9995312917117791,1.0,0.0,0.0,0.0,nan,0.0,nan,0.0,nan,0.0,1,1.0,1.0,0.0,8,3,15,89,106,20260920,761,0.1377513999468647
phase,S1,4,0.001,0,8,1024,8192,0.9361572265625,0.9306560969980511,0.9412494951128343,0.1846923828125,0.1846923828125,0.017333984375,0.0638427734375,nan,0.0345458984375,nan,0.0345458984375,nan,1,0.9295654296875,0.942626953125,0.009930767455514735,8,3,15,89,106,20260920,761,4.389057899999898
phase,S1,4,0.001,1,8,1024,8192,0.9359130859375,0.9304026633999634,0.9410148763223909,0.13916015625,0.10986328125,0.0169677734375,nan,0.0146484375,0.0494384765625,nan,0.0494384765625,nan,1,0.9317626953125,0.9400634765625,0.006518404465480789,8,3,15,89,106,20260920,761,4.383699500001967
phase,S1,4,0.001,2,8,1024,8192,0.9329833984375,0.9273631362578229,0.9381977748021576,0.136962890625,0.086669921875,0.0196533203125,nan,0.00341796875,nan,0.021728515625,nan,0.021728515625,1,0.9254150390625,0.9398193359375,0.011158207203065257,8,3,15,89,106,20260920,761,4.325844599981792
phase,S1,4,0.001,3,8,1024,8192,0.9403076171875,0.9349679370335225,0.9452345456823922,0.1046142578125,0.0245361328125,0.016357421875,nan,0.002685546875,nan,0.006591796875,nan,0.006591796875,1,0.9365234375,0.9439697265625,0.0057285787437617855,8,3,15,89,106,20260920,761,4.41097730002366
phase,S1,4,0.001,4,8,1024,8192,0.938720703125,0.9333185022366755,0.9437116399537868,0.114013671875,-0.048583984375,0.0174560546875,nan,0.008056640625,nan,0.0123291015625,nan,0.0123291015625,1,0.9315185546875,0.945556640625,0.01085886813918605,8,3,15,89,106,20260920,761,4.293714099971112
phase,S1,4,0.003,0,8,1024,8192,0.82568359375,0.8173160433728394,0.8337458429277042,0.533447265625,0.533447265625,0.0496826171875,0.17431640625,nan,0.09765625,nan,0.09765625,nan,1,0.817626953125,0.8345947265625,0.0132364495180027,8,3,15,89,106,20260920,761,4.381991099973675
phase,S1,4,0.003,1,8,1024,8192,0.8238525390625,0.8154520032255521,0.8319494901610078,0.4068603515625,0.3282470703125,0.0506591796875,nan,0.039306640625,0.1368408203125,nan,0.1368408203125,nan,1,0.814697265625,0.833740234375,0.014698922489813237,8,3,15,89,106,20260920,761,4.3130469000316225
phase,S1,4,0.003,2,8,1024,8192,0.831298828125,0.8230345214945685,0.8392525697421913,0.3455810546875,0.2020263671875,0.0489501953125,nan,0.0142822265625,nan,0.0574951171875,nan,0.0574951171875,1,0.8240966796875,0.838623046875,0.011168123238357091,8,3,15,89,106,20260920,761,4.360123899998143
phase,S1,4,0.003,3,8,1024,8192,0.834716796875,0.8265169156862228,0.842602908989973,0.29052734375,0.05810546875,0.04638671875,nan,0.0081787109375,nan,0.0205078125,nan,0.0205078125,1,0.8248260498046875,0.8433837890625,0.014283493414319498,8,3,15,89,106,20260920,761,4.338316200010013
phase,S1,4,0.003,4,8,1024,8192,0.82373046875,0.8153277455868516,0.8318297216054428,0.3289794921875,-0.1461181640625,0.05224609375,nan,0.02587890625,nan,0.037109375,nan,0.037109375,1,0.81298828125,0.8350830078125,0.017146549735420274,8,3,15,89,106,20260920,761,4.264610299956985
phase,S1,4,0.005,0,8,1024,8192,0.7337646484375,0.7240855415355418,0.7432246204830268,0.8414306640625,0.8414306640625,0.0806884765625,0.2662353515625,nan,0.1552734375,nan,0.1552734375,nan,1,0.720947265625,0.7451171875,0.018762330133633643,8,3,15,89,106,20260920,761,4.346787000016775
phase,S1,4,0.005,1,8,1024,8192,0.7283935546875,0.718656395044075,0.7379166144268086,0.6268310546875,0.5142822265625,0.076171875,nan,0.0562744140625,0.21533203125,nan,0.21533203125,nan,1,0.71435546875,0.7418212890625,0.02187672822314553,8,3,15,89,106,20260920,761,4.369802900007926
phase,S1,4,0.005,2,8,1024,8192,0.7279052734375,0.7181629247048477,0.7374339799889734,0.5372314453125,0.2799072265625,0.072509765625,nan,0.02783203125,nan,0.100830078125,nan,0.100830078125,1,0.7193603515625,0.7362060546875,0.01309090786303615,8,3,15,89,106,20260920,761,4.3484563999809325
phase,S1,4,0.005,3,8,1024,8192,0.730224609375,0.7205070395411909,0.7397263628436762,0.4908447265625,0.1026611328125,0.0767822265625,nan,0.0150146484375,nan,0.0391845703125,nan,0.0391845703125,1,0.720947265625,0.7398681640625,0.014752698157378265,8,3,15,89,106,20260920,761,4.263258699967992
phase,S1,4,0.005,4,8,1024,8192,0.7296142578125,0.7198901350624931,0.739123136351046,0.4984130859375,-0.2066650390625,0.0804443359375,nan,0.03369140625,nan,0.0494384765625,nan,0.0494384765625,1,0.7169189453125,0.7440185546875,0.021096833826124133,8,3,15,89,106,20260920,761,4.315029399993364
phase,S1,4,0.01,0,8,1024,8192,0.547607421875,0.536809428864625,0.5583607868989477,1.441162109375,1.441162109375,0.1385498046875,0.452392578125,nan,0.2813720703125,nan,0.2813720703125,nan,1,0.53466796875,0.5589599609375,0.019297922700556157,8,3,15,89,106,20260920,761,4.379861299996264
phase,S1,4,0.01,1,8,1024,8192,0.54736328125,0.5365648986548102,0.5581172647202315,1.0758056640625,0.8968505859375,0.1312255859375,nan,0.0894775390625,0.3631591796875,nan,0.3631591796875,nan,1,0.5355224609375,0.5562744140625,0.016012562316044962,8,3,15,89,106,20260920,761,4.291131299978588
phase,S1,4,0.01,2,8,1024,8192,0.5537109375,0.5429235350053604,0.5644479904714909,0.9432373046875,0.5474853515625,0.1376953125,nan,0.0413818359375,nan,0.156494140625,nan,0.156494140625,1,0.54443359375,0.5628662109375,0.013948102399497755,8,3,15,89,106,20260920,761,4.344633299973793
phase,S1,4,0.01,3,8,1024,8192,0.5625,0.5517307318745454,0.5732106795894271,0.822021484375,0.162109375,0.130126953125,nan,0.03125,nan,0.0784912109375,nan,0.0784912109375,1,0.550537109375,0.57666015625,0.020444603908172286,8,3,15,89,106,20260920,761,4.367396299960092
phase,S1,4,0.01,4,8,1024,8192,0.5457763671875,0.5349755160088587,0.5565343068407305,0.8804931640625,-0.3597412109375,0.1400146484375,nan,0.0625,nan,0.096435546875,nan,0.096435546875,1,0.5286865234375,0.564697265625,0.02797636691021384,8,3,15,89,106,20260920,761,4.3583491000463255
phase,S1,4,0.02,0,8,1024,8192,0.3414306640625,0.3312386688423444,0.3517713048066788,2.2459716796875,2.2459716796875,0.228271484375,0.6585693359375,nan,0.457275390625,nan,0.457275390625,nan,1,0.332763671875,0.3486328125,0.012516310813024492,8,3,15,89,106,20260920,761,4.4546286999830045
phase,S1,4,0.02,1,8,1024,8192,0.336669921875,0.32651518406300195,0.34697776800966396,1.7735595703125,1.5467529296875,0.2279052734375,nan,0.1134033203125,0.5499267578125,nan,0.5499267578125,nan,1,0.3291015625,0.3443603515625,0.011657555064759104,8,3,15,89,106,20260920,761,4.342959700035863
phase,S1,4,0.02,2,8,1024,8192,0.33056640625,0.3204611355266708,0.3408305068327166,1.465576171875,0.86376953125,0.2174072265625,nan,0.073486328125,nan,0.2274169921875,nan,0.2274169921875,1,0.3193359375,0.3411865234375,0.01676895000146955,8,3,15,89,106,20260920,761,4.23721440002555
phase,S1,4,0.02,3,8,1024,8192,0.3470458984375,0.3368114357279352,0.3574237428573042,1.3258056640625,0.2972412109375,0.2255859375,nan,0.0623779296875,nan,0.1409912109375,nan,0.1409912109375,1,0.3326416015625,0.3626708984375,0.023512583763614786,8,3,15,89,106,20260920,761,4.311106599983759
phase,S1,4,0.02,4,8,1024,8192,0.3336181640625,0.3234879194869896,0.3439043777290371,1.345458984375,-0.45849609375,0.2305908203125,nan,0.0860595703125,nan,0.1446533203125,nan,0.1446533203125,1,0.324951171875,0.34241027832031246,0.013470470244011391,8,3,15,89,106,20260920,761,4.343971299997065
phase,S1,4,0.03,0,8,1024,8192,0.2266845703125,0.21774733750888903,0.23587801353049737,2.7677001953125,2.7677001953125,0.282958984375,0.7733154296875,nan,0.573974609375,nan,0.573974609375,nan,1,0.2147216796875,0.23901672363281246,0.018678638352891845,8,3,15,89,106,20260920,761,4.387589999998454
phase,S1,4,0.03,1,8,1024,8192,0.2425537109375,0.23339395211444608,0.2519548041794646,2.1297607421875,1.8909912109375,0.27880859375,nan,0.119384765625,0.6380615234375,nan,0.6380615234375,nan,1,0.23388671875,0.2515869140625,0.01372098859403717,8,3,15,89,106,20260920,761,4.3100732999737374
phase,S1,4,0.03,2,8,1024,8192,0.24169921875,0.23255099072487695,0.2510895822091747,1.7662353515625,1.0753173828125,0.2705078125,nan,0.1009521484375,nan,0.2445068359375,nan,0.2445068359375,1,0.232666015625,0.250244140625,0.013471102348854142,8,3,15,89,106,20260920,761,4.321781100006774
phase,S1,4,0.03,3,8,1024,8192,0.25341796875,0.24411591664459487,0.2629511709389516,1.5526123046875,0.3433837890625,0.2701416015625,nan,0.0758056640625,nan,0.174560546875,nan,0.174560546875,1,0.244384765625,0.261962890625,0.013899178704739883,8,3,15,89,106,20260920,761,4.435655399982352
phase,S1,4,0.03,4,8,1024,8192,0.2327880859375,0.22376314174447437,0.24206351900819062,1.600830078125,-0.48095703125,0.282470703125,nan,0.086669921875,nan,0.1781005859375,nan,0.1781005859375,1,0.220947265625,0.243408203125,0.01745318866566395,8,3,15,89,106,20260920,761,4.355176899989601
phase,S1,4,0.05,0,8,1024,8192,0.1563720703125,0.14866815440014536,0.16439810874227212,3.1754150390625,3.1754150390625,0.3343505859375,0.8436279296875,nan,0.679931640625,nan,0.679931640625,nan,1,0.149169921875,0.162841796875,0.0103932981402207,8,3,15,89,106,20260920,761,4.53001469996525
phase,S1,4,0.05,1,8,1024,8192,0.16162109375,0.15380881059834312,0.1697505788974939,2.4833984375,2.231689453125,0.3316650390625,nan,0.1258544921875,0.7125244140625,nan,0.7125244140625,nan,1,0.1551513671875,0.1695556640625,0.011244108080139445,8,3,15,89,106,20260920,761,4.267165099969134
phase,S1,4,0.05,2,8,1024,8192,0.1629638671875,0.15512434669701786,0.17111933093574044,2.06982421875,1.347900390625,0.3370361328125,nan,0.111083984375,nan,0.2498779296875,nan,0.2498779296875,1,0.1566162109375,0.1697998046875,0.01022146894247623,8,3,15,89,106,20260920,761,4.323964299983345
phase,S1,4,0.05,3,8,1024,8192,0.1641845703125,0.15632045657318175,0.17236348300223228,1.841796875,0.401611328125,0.333251953125,nan,0.1077880859375,nan,0.2313232421875,nan,0.2313232421875,1,0.1568603515625,0.1724853515625,0.012168605816632304,8,3,15,89,106,20260920,761,4.317830400017556
phase,S1,4,0.05,4,8,1024,8192,0.15087890625,0.14329173018747338,0.1587933542129934,1.8525390625,-0.49755859375,0.3404541015625,nan,0.1041259765625,nan,0.21533203125,nan,0.21533203125,1,0.14111328125,0.158203125,0.01350140857916876,8,3,15,89,106,20260920,761,4.305243799986783
phase,S1,6,0.0,0,8,1024,8192,1.0,0.9995312917117791,1.0,0.0,0.0,0.0,0.0,nan,0.0,nan,0.0,nan,1,1.0,1.0,0.0,8,3,21,138,176,20260920,761,0.14372829999774694
phase,S1,6,0.0,1,8,1024,8192,1.0,0.9995312917117791,1.0,0.0,0.0,0.0,nan,0.0,0.0,nan,0.0,nan,1,1.0,1.0,0.0,8,3,21,138,176,20260920,761,0.1710066999658011
phase,S1,6,0.0,2,8,1024,8192,1.0,0.9995312917117791,1.0,0.0,0.0,0.0,nan,0.0,nan,0.0,nan,0.0,1,1.0,1.0,0.0,8,3,21,138,176,20260920,761,0.16105939995031804
phase,S1,6,0.0,3,8,1024,8192,1.0,0.9995312917117791,1.0,0.0,0.0,0.0,nan,0.0,nan,0.0,nan,0.0,1,1.0,1.0,0.0,8,3,21,138,176,20260920,761,0.1682835000101477
phase,S1,6,0.0,4,8,1024,8192,1.0,0.9995312917117791,1.0,0.0,0.0,0.0,nan,0.0,nan,0.0,nan,0.0,1,1.0,1.0,0.0,8,3,21,138,176,20260920,761,0.15737729996908456
phase,S1,6,0.0,5,8,1024,8192,1.0,0.9995312917117791,1.0,0.0,0.0,0.0,nan,0.0,nan,0.0,nan,0.0,1,1.0,1.0,0.0,8,3,21,138,176,20260920,761,0.1559588000527583
phase,S1,6,0.0,6,8,1024,8192,1.0,0.9995312917117791,1.0,0.0,0.0,0.0,nan,0.0,nan,0.0,nan,0.0,1,1.0,1.0,0.0,8,3,21,138,176,20260920,761,0.15506189997540787
phase,S1,6,0.001,0,8,1024,8192,0.9058837890625,0.8993691913308706,0.9120179046021533,0.263916015625,0.263916015625,0.0096435546875,0.0941162109375,nan,0.0482177734375,nan,0.0482177734375,nan,1,0.9002685546875,0.912109375,0.009292933623473665,8,3,21,138,176,20260920,761,9.980761300015729
phase,S1,6,0.001,1,8,1024,8192,0.904052734375,0.8974843019499033,0.910242401069137,0.2022705078125,0.1646728515625,0.0057373046875,nan,0.018798828125,0.0771484375,nan,0.0771484375,nan,1,0.8963623046875,0.910400390625,0.010821163622082502,8,3,21,138,176,20260920,761,10.155533799959812
phase,S1,6,0.001,2,8,1024,8192,0.902099609375,0.8954745344467293,0.9083477494640618,0.186279296875,0.11328125,0.0057373046875,nan,0.0069580078125,nan,0.029541015625,nan,0.029541015625,1,0.8955078125,0.90869140625,0.01011848555000272,8,3,21,138,176,20260920,761,9.694773299968801
phase,S1,6,0.001,3,8,1024,8192,0.906005859375,0.8994948762856235,0.9121362458416659,0.168701171875,0.04345703125,0.011962890625,nan,0.00634765625,nan,0.0128173828125,nan,0.0128173828125,1,0.900634765625,0.9114990234375,0.008573274867710137,8,3,21,138,176,20260920,761,10.062077299982775
phase,S1,6,0.001,4,8,1024,8192,0.9093017578125,0.9028896134850237,0.9153302158874361,0.1600341796875,-0.0531005859375,0.0057373046875,nan,0.0118408203125,nan,0.016845703125,nan,0.016845703125,1,0.903076171875,0.91552734375,0.009645430811795351,8,3,21,138,176,20260920,761,9.874919800029602
phase,S1,6,0.001,5,8,1024,8192,0.90283203125,0.8962281040949113,0.9090583369814732,0.1790771484375,-0.1197509765625,0.0062255859375,nan,0.008056640625,nan,0.017822265625,nan,0.017822265625,1,0.8975830078125,0.90771484375,0.008002025892689724,8,3,21,138,176,20260920,761,9.728812599962112
phase,S1,6,0.001,6,8,1024,8192,0.9066162109375,0.9001233497643658,0.9127279033342514,0.199951171875,-0.173828125,0.0130615234375,nan,0.005859375,nan,0.0137939453125,nan,0.0137939453125,1,0.9014892578125,0.910400390625,0.00713697600074416,8,3,21,138,176,20260920,761,9.921451399975922
phase,S1,6,0.003,0,8,1024,8192,0.7467041015625,0.737172340017555,0.7560045985931642,0.772705078125,0.772705078125,0.0321044921875,0.2532958984375,nan,0.1434326171875,nan,0.1434326171875,nan,1,0.736083984375,0.7564697265625,0.015694056904141176,8,3,21,138,176,20260920,761,9.945199900015723
phase,S1,6,0.003,1,8,1024,8192,0.752197265625,0.7427313543749174,0.7614267629777522,0.547119140625,0.461181640625,0.01416015625,nan,0.04296875,0.204833984375,nan,0.204833984375,nan,1,0.73779296875,0.7681884765625,0.0236961982938444,8,3,21,138,176,20260920,761,9.895705999981146
phase,S1,6,0.003,2,8,1024,8192,0.7447509765625,0.7351962819749488,0.7540762375275211,0.509521484375,0.3154296875,0.0211181640625,nan,0.0189208984375,nan,0.078125,nan,0.078125,1,0.7396240234375,0.749755859375,0.0077939494465499755,8,3,21,138,176,20260920,761,9.921084200032055
phase,S1,6,0.003,3,8,1024,8192,0.75048828125,0.7410016680014753,0.7597400826314766,0.4644775390625,0.1239013671875,0.03515625,nan,0.01953125,nan,0.0401611328125,nan,0.0401611328125,1,0.7412109375,0.76123046875,0.01564242889554663,8,3,21,138,176,20260920,761,9.707262300013099
phase,S1,6,0.003,4,8,1024,8192,0.74609375,0.7365547950238431,0.7554020126155481,0.4696044921875,-0.1529541015625,0.0208740234375,nan,0.0313720703125,nan,0.0513916015625,nan,0.0513916015625,1,0.73388671875,0.7628173828125,0.022146355840384407,8,3,21,138,176,20260920,761,10.140177400026005
phase,S1,6,0.003,5,8,1024,8192,0.7479248046875,0.738407503549933,0.7572096970034418,0.490966796875,-0.32177734375,0.0174560546875,nan,0.021484375,nan,0.0509033203125,nan,0.0509033203125,1,0.7376708984375,0.759765625,0.01687776976768096,8,3,21,138,176,20260920,761,9.811495900037698
phase,S1,6,0.003,6,8,1024,8192,0.74072265625,0.731121446387393,0.7500982087043131,0.5882568359375,-0.5233154296875,0.032470703125,nan,0.0179443359375,nan,0.041015625,nan,0.041015625,1,0.734375,0.7469482421875,0.009610940094670667,8,3,21,138,176,20260920,761,9.888211900019087
phase,S1,6,0.005,0,8,1024,8192,0.620849609375,0.6102889207370251,0.6312970115858901,1.1549072265625,1.1549072265625,0.0439453125,0.379150390625,nan,0.2218017578125,nan,0.2218017578125,nan,1,0.6134033203125,0.6297607421875,0.012676518540768721,8,3,21,138,176,20260920,761,9.953512499982025
phase,S1,6,0.005,1,8,1024,8192,0.6234130859375,0.6128651687199702,0.6338453136825222,0.865966796875,0.738525390625,0.0264892578125,nan,0.063720703125,0.3128662109375,nan,0.3128662109375,nan,1,0.6156005859375,0.631591796875,0.012570617655820026,8,3,21,138,176,20260920,761,9.980360499990638
phase,S1,6,0.005,2,8,1024,8192,0.6275634765625,0.6170369000270183,0.6379704729805035,0.76416015625,0.48388671875,0.02978515625,nan,0.0306396484375,nan,0.1094970703125,nan,0.1094970703125,1,0.6175537109375,0.636474609375,0.01465250594543326,8,3,21,138,176,20260920,761,9.916719800035935
phase,S1,6,0.005,3,8,1024,8192,0.6282958984375,0.6177731733526745,0.6386983568204406,0.690673828125,0.190185546875,0.04638671875,nan,0.029541015625,nan,0.0596923828125,nan,0.0596923828125,1,0.618408203125,0.637451171875,0.01487398438575699,8,3,21,138,176,20260920,761,9.801580300030764
phase,S1,6,0.005,4,8,1024,8192,0.6298828125,0.6193685204751525,0.6402753502234151,0.673095703125,-0.21484375,0.02734375,nan,0.04345703125,nan,0.0709228515625,nan,0.0709228515625,1,0.61962890625,0.64306640625,0.018180106441624443,8,3,21,138,176,20260920,761,9.678166199999396
phase,S1,6,0.005,5,8,1024,8192,0.6304931640625,0.6199821477303309,0.6408818539395646,0.750244140625,-0.490966796875,0.0318603515625,nan,0.0333251953125,nan,0.0784912109375,nan,0.0784912109375,1,0.6232879638671875,0.636962890625,0.0105945297706559,8,3,21,138,176,20260920,761,9.518141200009268
phase,S1,6,0.005,6,8,1024,8192,0.6202392578125,0.6096755742845514,0.630690227067036,0.8616943359375,-0.7635498046875,0.049072265625,nan,0.025634765625,nan,0.059326171875,nan,0.059326171875,1,0.6138916015625,0.6265869140625,0.009813464019321821,8,3,21,138,176,20260920,761,9.839941899990663
phase,S1,6,0.01,0,8,1024,8192,0.4078369140625,0.39724067024332355,0.4185195530861703,1.888427734375,1.888427734375,0.0672607421875,0.5921630859375,nan,0.3829345703125,nan,0.3829345703125,nan,1,0.3946533203125,0.42138671875,0.020563788800550244,8,3,21,138,176,20260920,761,9.987797800044063
phase,S1,6,0.01,1,8,1024,8192,0.4151611328125,0.40453295191441285,0.42586884307101525,1.41845703125,1.224853515625,0.0499267578125,nan,0.0968017578125,0.488037109375,nan,0.488037109375,nan,1,0.402587890625,0.4273681640625,0.01930277569263603,8,3,21,138,176,20260920,761,9.749004999990575
phase,S1,6,0.01,2,8,1024,8192,0.4329833984375,0.42228760200420057,0.44374201734400087,1.209228515625,0.78662109375,0.055419921875,nan,0.0487060546875,nan,0.16259765625,nan,0.16259765625,1,0.421630859375,0.4437255859375,0.017146053129823605,8,3,21,138,176,20260920,761,9.8432565999683
phase,S1,6,0.01,3,8,1024,8192,0.4267578125,0.41608401847866944,0.43750026496198796,1.1134033203125,0.3231201171875,0.07177734375,nan,0.0498046875,nan,0.1058349609375,nan,0.1058349609375,1,0.4190643310546875,0.4342041015625,0.011788298088324559,8,3,21,138,176,20260920,761,9.665224700002
phase,S1,6,0.01,4,8,1024,8192,0.431396484375,0.42070613236025733,0.44215114646249176,1.1153564453125,-0.3382568359375,0.052978515625,nan,0.0743408203125,nan,0.124755859375,nan,0.124755859375,1,0.420166015625,0.4443359375,0.01873189869830261,8,3,21,138,176,20260920,761,9.748687600018457
phase,S1,6,0.01,5,8,1024,8192,0.4327392578125,0.42204429168894575,0.4434972752707246,1.195068359375,-0.808837890625,0.0482177734375,nan,0.05810546875,nan,0.1221923828125,nan,0.1221923828125,1,0.4183349609375,0.4444580078125,0.020212973435087225,8,3,21,138,176,20260920,761,9.551146299985703
phase,S1,6,0.01,6,8,1024,8192,0.403564453125,0.3929879671993853,0.41423133933081363,1.46142578125,-1.295654296875,0.0828857421875,nan,0.05078125,nan,0.1129150390625,nan,0.1129150390625,1,0.3929443359375,0.4146728515625,0.01684797757355219,8,3,21,138,176,20260920,761,9.779760300007183
phase,S1,6,0.02,0,8,1024,8192,0.21484375,0.20608457937959113,0.2238702308160349,2.67236328125,2.67236328125,0.09228515625,0.78515625,nan,0.571044921875,nan,0.571044921875,nan,1,0.208984375,0.2196044921875,0.008481408567840772,8,3,21,138,176,20260920,761,9.985604599991348
phase,S1,6,0.02,1,8,1024,8192,0.2379150390625,0.2288184834978681,0.24725727741395087,2.0716552734375,1.8333740234375,0.087890625,nan,0.119140625,0.6429443359375,nan,0.6429443359375,nan,1,0.2320556640625,0.2440185546875,0.009174899907974954,8,3,21,138,176,20260920,761,9.784740200033411
phase,S1,6,0.02,2,8,1024,8192,0.2364501953125,0.22737391042321486,0.2457735361574172,1.7572021484375,1.1405029296875,0.086669921875,nan,0.0904541015625,nan,0.2178955078125,nan,0.2178955078125,1,0.226318359375,0.2470703125,0.015999262622463005,8,3,21,138,176,20260920,761,9.881776800029911
phase,S1,6,0.02,3,8,1024,8192,0.24853515625,0.2392960760709577,0.25800996374196594,1.564453125,0.426025390625,0.100830078125,nan,0.0771484375,nan,0.1680908203125,nan,0.1680908203125,1,0.23974609375,0.2567138671875,0.012945045434890676,8,3,21,138,176,20260920,761,9.83428469998762
phase,S1,6,0.02,4,8,1024,8192,0.24267578125,0.2335143792680267,0.2520784032201495,1.5733642578125,-0.4227294921875,0.0869140625,nan,0.0953369140625,nan,0.1783447265625,nan,0.1783447265625,1,0.2337646484375,0.2506103515625,0.01317454840159379,8,3,21,138,176,20260920,761,9.96546610002406
phase,S1,6,0.02,5,8,1024,8192,0.2398681640625,0.2307448145997788,0.2492353654202893,1.749755859375,-1.1806640625,0.0833740234375,nan,0.09228515625,nan,0.18408203125,nan,0.18408203125,1,0.231689453125,0.2467041015625,0.011363877875994206,8,3,21,138,176,20260920,761,10.122843299992383
phase,S1,6,0.02,6,8,1024,8192,0.2197265625,0.2108926741953029,0.22882318377094596,2.140869140625,-1.933349609375,0.103759765625,nan,0.085693359375,nan,0.1839599609375,nan,0.1839599609375,1,0.209716796875,0.2308349609375,0.01632433312088178,8,3,21,138,176,20260920,761,9.913935000018682
phase,S1,6,0.03,0,8,1024,8192,0.166015625,0.15811491811372502,0.17422941437567258,3.0550537109375,3.0550537109375,0.107177734375,0.833984375,nan,0.656982421875,nan,0.656982421875,nan,1,0.15380859375,0.1754150390625,0.016858082521125067,8,3,21,138,176,20260920,761,9.886217899969779
phase,S1,6,0.03,1,8,1024,8192,0.16943359375,0.16146551758104805,0.17771154834778552,2.3984375,2.166748046875,0.103271484375,nan,0.1158447265625,0.7147216796875,nan,0.7147216796875,nan,1,0.1611328125,0.1800537109375,0.014736528280585932,8,3,21,138,176,20260920,761,9.847293199971318
phase,S1,6,0.03,2,8,1024,8192,0.17919921875,0.17104515790676508,0.18765400356331421,1.9739990234375,1.3150634765625,0.10693359375,nan,0.09814453125,nan,0.2313232421875,nan,0.2313232421875,1,0.1717529296875,0.18701171875,0.011903308598047736,8,3,21,138,176,20260920,761,10.210485699994024
phase,S1,6,0.03,3,8,1024,8192,0.1773681640625,0.16924826078508992,0.1857905077710058,1.7830810546875,0.4410400390625,0.1099853515625,nan,0.104736328125,nan,0.2098388671875,nan,0.2098388671875,1,0.16650390625,0.1864013671875,0.015378367942348198,8,3,21,138,176,20260920,761,9.88554839999415
phase,S1,6,0.03,4,8,1024,8192,0.185302734375,0.17703711494004518,0.19386335624331266,1.75244140625,-0.4560546875,0.1004638671875,nan,0.10595703125,nan,0.2044677734375,nan,0.2044677734375,1,0.1727294921875,0.197021484375,0.01876822902471225,8,3,21,138,176,20260920,761,9.873831300006714
phase,S1,6,0.03,5,8,1024,8192,0.177001953125,0.16888892026828858,0.18541776970501042,2.0306396484375,-1.4117431640625,0.09716796875,nan,0.1116943359375,nan,0.220458984375,nan,0.220458984375,1,0.1680908203125,0.1875,0.015063411556173405,8,3,21,138,176,20260920,761,9.699812899983954
phase,S1,6,0.03,6,8,1024,8192,0.156494140625,0.1487876697185034,0.16452261961817963,2.431640625,-2.213623046875,0.1090087890625,nan,0.1029052734375,nan,0.2066650390625,nan,0.2066650390625,1,0.1492919921875,0.163818359375,0.011265291992490043,8,3,21,138,176,20260920,761,9.691413900000043
phase,S1,6,0.05,0,8,1024,8192,0.1236572265625,0.116704581468717,0.13096266161052744,3.3973388671875,3.3973388671875,0.1138916015625,0.8763427734375,nan,0.736083984375,nan,0.736083984375,nan,1,0.114990234375,0.1304931640625,0.012050474869122745,8,3,21,138,176,20260920,761,9.928139199968427
phase,S1,6,0.05,1,8,1024,8192,0.13623046875,0.1289724589082027,0.14382948218039554,2.6361083984375,2.3861083984375,0.1134033203125,nan,0.125,0.73876953125,nan,0.73876953125,nan,1,0.129638671875,0.14306640625,0.0103481400171053,8,3,21,138,176,20260920,761,9.976146699977107
phase,S1,6,0.05,2,8,1024,8192,0.1458740234375,0.1383963044145044,0.15368370602107395,2.1390380859375,1.4066162109375,0.11865234375,nan,0.117919921875,nan,0.248291015625,nan,0.248291015625,1,0.1409912109375,0.151123046875,0.0078288316323452,8,3,21,138,176,20260920,761,9.786959599994589
phase,S1,6,0.05,3,8,1024,8192,0.1400146484375,0.13266899764650153,0.14769775546432945,1.9222412109375,0.4683837890625,0.11767578125,nan,0.1104736328125,nan,0.23876953125,nan,0.23876953125,1,0.13134765625,0.1484375,0.013297422163743734,8,3,21,138,176,20260920,761,9.857967899995856
phase,S1,6,0.05,4,8,1024,8192,0.1458740234375,0.1383963044145044,0.15368370602107395,1.9112548828125,-0.4818115234375,0.1156005859375,nan,0.1177978515625,nan,0.233642578125,nan,0.233642578125,1,0.1396484375,0.152099609375,0.00963836585511637,8,3,21,138,176,20260920,761,9.963692000019364
phase,S1,6,0.05,5,8,1024,8192,0.1341552734375,0.12694613475834843,0.14170736102773512,2.19677734375,-1.49267578125,0.1146240234375,nan,0.1243896484375,nan,0.24169921875,nan,0.24169921875,1,0.1275634765625,0.1412353515625,0.01058166256715825,8,3,21,138,176,20260920,761,9.66558749997057
phase,S1,6,0.05,6,8,1024,8192,0.1275634765625,0.12051353349496569,0.13496254780077704,2.6646728515625,-2.4234619140625,0.12060546875,nan,0.1170654296875,nan,0.23388671875,nan,0.23388671875,1,0.12060546875,0.13525390625,0.011315821087134876,8,3,21,138,176,20260920,761,9.834610099962447
phase,S2,2,0.0,0,8,1024,8192,0.8773193359375,0.8700376675756942,0.8842472988991859,0.2021484375,0.2021484375,0.021728515625,0.1226806640625,nan,0.0577392578125,nan,0.1226806640625,nan,0,0.871826171875,0.882568359375,0.008186125495376083,8,2,8,45,37,20260920,761,1.7658245000056922
phase,S2,2,0.0,1,8,1024,8192,0.878662109375,0.8714133588709796,0.8855558957408218,0.1571044921875,0.0611572265625,0.0357666015625,nan,0.0479736328125,0.0733642578125,nan,nan,0.0479736328125,0,0.8746337890625,0.883056640625,0.006638778301523146,8,2,8,45,37,20260920,761,1.7001223999541253
phase,S2,2,0.0,2,8,1024,8192,0.883056640625,0.8759176002566658,0.8898365973486961,0.1480712890625,-0.0804443359375,0.0338134765625,nan,0.0311279296875,nan,0.0831298828125,nan,0.0311279296875,0,0.8778076171875,0.8885498046875,0.008347834730736185,8,2,8,45,37,20260920,761,1.683976000000257
phase,S2,2,0.001,0,8,1024,8192,0.8614501953125,0.8537994173551632,0.8687621438651928,0.23291015625,0.23291015625,0.0281982421875,0.1385498046875,nan,0.066162109375,nan,0.1385498046875,nan,0,0.8577880859375,0.8651123046875,0.005704746799583947,8,2,8,45,37,20260920,761,2.2755013999994844
phase,S2,2,0.001,1,8,1024,8192,0.860107421875,0.8524269982833061,0.8674502748001285,0.178466796875,0.069580078125,0.03857421875,nan,0.054443359375,0.08544921875,nan,nan,0.054443359375,0,0.857666015625,0.8626708984375,0.003966815627263653,8,2,8,45,37,20260920,761,1.8912229999550618
phase,S2,2,0.001,2,8,1024,8192,0.862060546875,0.854423322175386,0.8693583700162978,0.1744384765625,-0.1016845703125,0.036376953125,nan,0.0364990234375,nan,0.1015625,nan,0.0364990234375,0,0.8555908203125,0.8681640625,0.009649843783070657,8,2,8,45,37,20260920,761,1.8669697999721393
phase,S2,2,0.003,0,8,1024,8192,0.8302001953125,0.8219154373524478,0.838175418135922,0.281005859375,0.281005859375,0.0341796875,0.1697998046875,nan,0.0770263671875,nan,0.1697998046875,nan,0,0.824951171875,0.8343505859375,0.007390188394944006,8,2,8,45,37,20260920,761,2.3050255000125617
phase,S2,2,0.003,1,8,1024,8192,0.82958984375,0.8212937772809141,0.8375769472361276,0.2154541015625,0.0850830078125,0.0450439453125,nan,0.065185546875,0.105224609375,nan,nan,0.065185546875,0,0.8262939453125,0.8331298828125,0.0052199461311020386,8,2,8,45,37,20260920,761,1.9262802000157535
phase,S2,2,0.003,2,8,1024,8192,0.8328857421875,0.824651196000656,0.8408082357615563,0.209228515625,-0.121337890625,0.0439453125,nan,0.0421142578125,nan,0.1231689453125,nan,0.0421142578125,0,0.8248291015625,0.8392333984375,0.011261512073586033,8,2,8,45,37,20260920,761,1.8749819999793544
phase,S2,2,0.005,0,8,1024,8192,0.8001708984375,0.7913719701214985,0.8086884415775406,0.334716796875,0.334716796875,0.043701171875,0.1998291015625,nan,0.0911865234375,nan,0.1998291015625,nan,0,0.7930908203125,0.807861328125,0.011530499453455413,8,2,8,45,37,20260920,761,2.2863402999937534
phase,S2,2,0.005,1,8,1024,8192,0.8018798828125,0.7931080346299908,0.8103687437887663,0.2489013671875,0.0948486328125,0.05078125,nan,0.0770263671875,0.12109375,nan,nan,0.0770263671875,0,0.798095703125,0.80615234375,0.006207951378829964,8,2,8,45,37,20260920,761,1.898083799984306
phase,S2,2,0.005,2,8,1024,8192,0.8017578125,0.7929840217792485,0.810248730445243,0.2457275390625,-0.1400146484375,0.0528564453125,nan,0.0474853515625,nan,0.1453857421875,nan,0.0474853515625,0,0.7940673828125,0.810302734375,0.012440567416075866,8,2,8,45,37,20260920,761,1.872472899965942
phase,S2,2,0.01,0,8,1024,8192,0.7265625,0.7168059566359823,0.7361066599209176,0.465576171875,0.465576171875,0.0633544921875,0.2734375,nan,0.1287841796875,nan,0.2734375,nan,0,0.7198486328125,0.7333984375,0.010334966058846057,8,2,8,45,37,20260920,761,2.3021139999618754
phase,S2,2,0.01,1,8,1024,8192,0.7275390625,0.7177928315529597,0.7370719945580647,0.337890625,0.130126953125,0.0654296875,nan,0.1038818359375,0.1685791015625,nan,nan,0.1038818359375,0,0.7181396484375,0.736572265625,0.014522336696063733,8,2,8,45,37,20260920,761,1.8901806000503711
phase,S2,2,0.01,2,8,1024,8192,0.7259521484375,0.7161891894064762,0.7355032961790957,0.33984375,-0.202880859375,0.0684814453125,nan,0.0657958984375,nan,0.20556640625,nan,0.0657958984375,0,0.72021484375,0.7305908203125,0.008219343488276814,8,2,8,45,37,20260920,761,1.8747236999915913
phase,S2,2,0.02,0,8,1024,8192,0.6275634765625,0.6170369000270183,0.6379704729805035,0.6473388671875,0.6473388671875,0.0931396484375,0.3724365234375,nan,0.1817626953125,nan,0.3724365234375,nan,0,0.6212158203125,0.634033203125,0.009889525121418236,8,2,8,45,37,20260920,761,2.323920900002122
phase,S2,2,0.02,1,8,1024,8192,0.618896484375,0.6083262741197513,0.6293552390949149,0.4752197265625,0.1827392578125,0.0941162109375,nan,0.146240234375,0.23486328125,nan,nan,0.146240234375,0,0.6107177734375,0.6279296875,0.013529129652567121,8,2,8,45,37,20260920,761,1.9080025000148453
phase,S2,2,0.02,2,8,1024,8192,0.6146240234375,0.6040336119898025,0.6251069844255687,0.4805908203125,-0.2916259765625,0.094482421875,nan,0.09521484375,nan,0.2908935546875,nan,0.09521484375,0,0.608154296875,0.620361328125,0.009204550237441857,8,2,8,45,37,20260920,761,1.8786784000112675
phase,S2,2,0.03,0,8,1024,8192,0.5257568359375,0.5149342931130814,0.5365552338769541,0.825927734375,0.825927734375,0.1148681640625,0.4742431640625,nan,0.23681640625,nan,0.4742431640625,nan,0,0.5179443359375,0.5330810546875,0.011810668849515734,8,2,8,45,37,20260920,761,2.3097993999836035
phase,S2,2,0.03,1,8,1024,8192,0.5328369140625,0.5220200455369183,0.5436230007205204,0.5897216796875,0.2476806640625,0.12255859375,nan,0.1710205078125,0.296142578125,nan,nan,0.1710205078125,0,0.5225830078125,0.54296875,0.015763351455808816,8,2,8,45,37,20260920,761,1.9033912000013515
phase,S2,2,0.03,2,8,1024,8192,0.52880859375,0.5179882293560847,0.5396019524905902,0.5924072265625,-0.3399658203125,0.126220703125,nan,0.1212158203125,nan,0.344970703125,nan,0.1212158203125,0,0.5220947265625,0.5345458984375,0.00975166412795831,8,2,8,45,37,20260920,761,1.902651500015054
phase,S2,2,0.05,0,8,1024,8192,0.4066162109375,0.39602552714879785,0.4172944342380403,1.074951171875,1.074951171875,0.158935546875,0.5933837890625,nan,0.3226318359375,nan,0.5933837890625,nan,0,0.4027099609375,0.41162414550781246,0.0069434604250357326,8,2,8,45,37,20260920,761,2.290879199979827
phase,S2,2,0.05,1,8,1024,8192,0.4197998046875,0.40915265279291546,0.43052213757460434,0.738525390625,0.299072265625,0.1583251953125,nan,0.2197265625,0.3604736328125,nan,nan,0.2197265625,0,0.413330078125,0.42724609375,0.010754070892585982,8,2,8,45,37,20260920,761,1.8798509999760427
phase,S2,2,0.05,2,8,1024,8192,0.4124755859375,0.4018588326492198,0.42317438606236574,0.7569580078125,-0.4427490234375,0.1571044921875,nan,0.16943359375,nan,0.430419921875,nan,0.16943359375,0,0.399658203125,0.42529296875,0.019669831320738726,8,2,8,45,37,20260920,761,1.880587599996943
phase,S2,4,0.0,0,8,1024,8192,0.726806640625,0.7170526698964652,0.7363479990489659,0.8428955078125,0.8428955078125,0.0689697265625,0.273193359375,nan,0.170166015625,nan,0.170166015625,nan,1,0.7191162109375,0.734619140625,0.011968939227977747,8,3,15,89,106,20260920,761,4.503900099953171
phase,S2,4,0.0,1,8,1024,8192,0.7000732421875,0.6900585892101858,0.7099003431910851,0.73193359375,0.593017578125,0.097900390625,nan,0.0694580078125,0.23046875,nan,0.23046875,nan,1,0.6922607421875,0.7083740234375,0.012401492386766,8,3,15,89,106,20260920,761,4.4802236999967135
phase,S2,4,0.0,2,8,1024,8192,0.6910400390625,0.6809465491339336,0.700954444891685,0.6602783203125,0.3724365234375,0.098388671875,nan,0.0341796875,nan,0.1097412109375,nan,0.1097412109375,1,0.681396484375,0.7008056640625,0.014754429593116564,8,3,15,89,106,20260920,761,4.40883319999557
phase,S2,4,0.0,3,8,1024,8192,0.6795654296875,0.6693782343688952,0.6895842973957598,0.6278076171875,0.1673583984375,0.1044921875,nan,0.0184326171875,nan,0.055419921875,nan,0.055419921875,1,0.6649169921875,0.69384765625,0.022533229329010786,8,3,15,89,106,20260920,761,4.377403900027275
phase,S2,4,0.0,4,8,1024,8192,0.696044921875,0.6859945520210001,0.705911515969507,0.597900390625,-0.258544921875,0.0938720703125,nan,0.0521240234375,nan,0.0682373046875,nan,0.0682373046875,1,0.6834716796875,0.7093505859375,0.019585235101407375,8,3,15,89,106,20260920,761,4.460587100009434
phase,S2,4,0.001,0,8,1024,8192,0.6915283203125,0.6814389764582381,0.7014381223444429,0.9730224609375,0.9730224609375,0.0833740234375,0.3084716796875,nan,0.1920166015625,nan,0.1920166015625,nan,1,0.6812744140625,0.7017822265625,0.015965164921104873,8,3,15,89,106,20260920,761,6.763197100022808
phase,S2,4,0.001,1,8,1024,8192,0.6531982421875,0.6428219823075547,0.663430891495737,0.8487548828125,0.7008056640625,0.11279296875,nan,0.073974609375,0.2728271484375,nan,0.2728271484375,nan,1,0.640869140625,0.6661376953125,0.019061292837902522,8,3,15,89,106,20260920,761,5.210207200027071
phase,S2,4,0.001,2,8,1024,8192,0.6573486328125,0.6469997688803979,0.6675499955279232,0.7176513671875,0.3814697265625,0.1021728515625,nan,0.0404052734375,nan,0.127685546875,nan,0.127685546875,1,0.65087890625,0.664306640625,0.010536503612147242,8,3,15,89,106,20260920,761,5.225574699987192
phase,S2,4,0.001,3,8,1024,8192,0.6358642578125,0.625382842434651,0.6462183117829297,0.70654296875,0.17529296875,0.1156005859375,nan,0.0230712890625,nan,0.0592041015625,nan,0.0592041015625,1,0.6212127685546875,0.6514892578125,0.02392898404674584,8,3,15,89,106,20260920,761,5.27918899996439
phase,S2,4,0.001,4,8,1024,8192,0.6441650390625,0.6337321306802062,0.6544628047474332,0.696533203125,-0.269287109375,0.1173095703125,nan,0.057373046875,nan,0.077880859375,nan,0.077880859375,1,0.631103515625,0.6566162109375,0.020033562292324995,8,3,15,89,106,20260920,761,5.183096299995668
phase,S2,4,0.003,0,8,1024,8192,0.6177978515625,0.6072223646001016,0.6282629128661745,1.2318115234375,1.2318115234375,0.1082763671875,0.3822021484375,nan,0.246337890625,nan,0.246337890625,nan,1,0.6048583984375,0.6298828125,0.019114823370179085,8,3,15,89,106,20260920,761,6.876180000021122
phase,S2,4,0.003,1,8,1024,8192,0.5859375,0.5752333953272883,0.5965610454356738,1.001708984375,0.824462890625,0.1285400390625,nan,0.088623046875,0.325439453125,nan,0.325439453125,nan,1,0.5756805419921875,0.5963134765625,0.016114338101163698,8,3,15,89,106,20260920,761,5.285561199998483
phase,S2,4,0.003,2,8,1024,8192,0.5908203125,0.5801328946263686,0.6014225939072162,0.886474609375,0.500244140625,0.130126953125,nan,0.0477294921875,nan,0.1453857421875,nan,0.1453857421875,1,0.580078125,0.6004638671875,0.015978492995922956,8,3,15,89,106,20260920,761,5.225992500025313
phase,S2,4,0.003,3,8,1024,8192,0.5830078125,0.5722942141819148,0.5936435979186735,0.802001953125,0.15478515625,0.1275634765625,nan,0.029052734375,nan,0.07666015625,nan,0.07666015625,1,0.5684783935546875,0.5972900390625,0.02239715808824163,8,3,15,89,106,20260920,761,5.250910600007046
phase,S2,4,0.003,4,8,1024,8192,0.5849609375,0.5742536251658482,0.5955886060429892,0.81591796875,-0.32763671875,0.130859375,nan,0.061279296875,nan,0.0909423828125,nan,0.0909423828125,1,0.5750732421875,0.594482421875,0.014956762577218863,8,3,15,89,106,20260920,761,5.24406659998931
phase,S2,4,0.005,0,8,1024,8192,0.5435791015625,0.5327750145398796,0.5543423368129293,1.481689453125,1.481689453125,0.1376953125,0.4564208984375,nan,0.297607421875,nan,0.297607421875,nan,1,0.5267333984375,0.559814453125,0.02557740313550577,8,3,15,89,106,20260920,761,6.894388900022022
phase,S2,4,0.005,1,8,1024,8192,0.5367431640625,0.5259303605349225,0.5475215239390144,1.130615234375,0.93359375,0.1439208984375,nan,0.0985107421875,0.36474609375,nan,0.36474609375,nan,1,0.5274658203125,0.5467529296875,0.015101237396671987,8,3,15,89,106,20260920,761,5.157337700016797
phase,S2,4,0.005,2,8,1024,8192,0.5322265625,0.5214091188872321,0.5430137963988786,0.992431640625,0.535888671875,0.1429443359375,nan,0.0555419921875,nan,0.1727294921875,nan,0.1727294921875,1,0.5220947265625,0.5423583984375,0.015423152153477912,8,3,15,89,106,20260920,761,5.261450399993919
phase,S2,4,0.005,3,8,1024,8192,0.5184326171875,0.5076064965497376,0.5292414587843637,0.9329833984375,0.2183837890625,0.1571044921875,nan,0.0350341796875,nan,0.0838623046875,nan,0.0838623046875,1,0.5084228515625,0.529052734375,0.016033287809024264,8,3,15,89,106,20260920,761,5.255970800004434
phase,S2,4,0.005,4,8,1024,8192,0.535888671875,0.5250749222785346,0.5466687788355432,0.9178466796875,-0.3604736328125,0.147705078125,nan,0.0694580078125,nan,0.099853515625,nan,0.099853515625,1,0.522216796875,0.5501708984375,0.021741247962510223,8,3,15,89,106,20260920,761,5.1474067000090145
phase,S2,4,0.01,0,8,1024,8192,0.4229736328125,0.4123140589893553,0.4337054124290694,1.9110107421875,1.9110107421875,0.181884765625,0.5770263671875,nan,0.385498046875,nan,0.385498046875,nan,1,0.4122314453125,0.43384094238281246,0.016699239146029735,8,3,15,89,106,20260920,761,6.808918200025801
phase,S2,4,0.01,1,8,1024,8192,0.40185546875,0.3912871198854093,0.4125158199250716,1.517333984375,1.27587890625,0.192138671875,nan,0.1207275390625,0.4774169921875,nan,0.4774169921875,nan,1,0.3885498046875,0.4136962890625,0.019482360686777347,8,3,15,89,106,20260920,761,5.306154999998398
phase,S2,4,0.01,2,8,1024,8192,0.42626953125,0.41559753607006944,0.4370106425935256,1.24853515625,0.7314453125,0.1842041015625,nan,0.063232421875,nan,0.1953125,nan,0.1953125,1,0.4197998046875,0.4324951171875,0.00975166412795831,8,3,15,89,106,20260920,761,5.370259799994528
phase,S2,4,0.01,3,8,1024,8192,0.4183349609375,0.40769369505499087,0.42905278098134214,1.1611328125,0.25146484375,0.1954345703125,nan,0.0504150390625,nan,0.117431640625,nan,0.117431640625,1,0.4114990234375,0.426513671875,0.011764437307770272,8,3,15,89,106,20260920,761,5.172263999993447
phase,S2,4,0.01,4,8,1024,8192,0.408447265625,0.39784826726699785,0.4191320870338239,1.2020263671875,-0.4224853515625,0.20361328125,nan,0.082275390625,nan,0.1318359375,nan,0.1318359375,1,0.393310546875,0.4241943359375,0.02417996020573773,8,3,15,89,106,20260920,761,5.29722429998219
phase,S2,4,0.02,0,8,1024,8192,0.27783203125,0.26823806404188477,0.28763426239477596,2.539306640625,2.539306640625,0.25146484375,0.72216796875,nan,0.5325927734375,nan,0.5325927734375,nan,1,0.2701416015625,0.2867431640625,0.01290287905108467,8,3,15,89,106,20260920,761,6.8244000999839045
phase,S2,4,0.02,1,8,1024,8192,0.27978515625,0.2701694265671856,0.28960731897772424,1.9434814453125,1.6912841796875,0.245361328125,nan,0.1260986328125,0.5941162109375,nan,0.5941162109375,nan,1,0.2725830078125,0.2867431640625,0.010961886875314282,8,3,15,89,106,20260920,761,5.327839999983553
phase,S2,4,0.02,2,8,1024,8192,0.27587890625,0.2663069311031562,0.2856609762252553,1.681640625,1.028076171875,0.259521484375,nan,0.088623046875,nan,0.2381591796875,nan,0.2381591796875,1,0.2666015625,0.288818359375,0.017249532942046578,8,3,15,89,106,20260920,761,5.270189600007143
phase,S2,4,0.02,3,8,1024,8192,0.28076171875,0.2711351934629745,0.29059376163605993,1.4827880859375,0.3109130859375,0.2550048828125,nan,0.074462890625,nan,0.166015625,nan,0.166015625,1,0.27099609375,0.2900390625,0.014764237226922938,8,3,15,89,106,20260920,761,5.294345300004352
phase,S2,4,0.02,4,8,1024,8192,0.265625,0.2561723107155372,0.27529739629456634,1.527099609375,-0.478515625,0.2655029296875,nan,0.0966796875,nan,0.1673583984375,nan,0.1673583984375,1,0.2581787109375,0.2725830078125,0.011171172555339065,8,3,15,89,106,20260920,761,5.325622000033036
phase,S2,4,0.03,0,8,1024,8192,0.203369140625,0.194792967572297,0.21222338036236535,2.8990478515625,2.8990478515625,0.2967529296875,0.796630859375,nan,0.6102294921875,nan,0.6102294921875,nan,1,0.194580078125,0.2122802734375,0.013488789258176832,8,3,15,89,106,20260920,761,6.742807500006165
phase,S2,4,0.03,1,8,1024,8192,0.2049560546875,0.19635393784240993,0.21383475061770482,2.265625,2.00732421875,0.2969970703125,nan,0.129150390625,0.6658935546875,nan,0.6658935546875,nan,1,0.198486328125,0.211181640625,0.009687712355013403,8,3,15,89,106,20260920,761,5.396662600047421
phase,S2,4,0.03,2,8,1024,8192,0.2132568359375,0.204522347081915,0.22226012258825859,1.8677978515625,1.1544189453125,0.28759765625,nan,0.1080322265625,nan,0.2486572265625,nan,0.2486572265625,1,0.2042205810546875,0.2215576171875,0.013338341340109998,8,3,15,89,106,20260920,761,5.2334245999809355
phase,S2,4,0.03,3,8,1024,8192,0.2054443359375,0.19683427812328053,0.2143305151138965,1.69482421875,0.33251953125,0.29296875,nan,0.0994873046875,nan,0.205810546875,nan,0.205810546875,1,0.1959228515625,0.2147216796875,0.014633898104357734,8,3,15,89,106,20260920,761,5.280082500015851
phase,S2,4,0.03,4,8,1024,8192,0.192138671875,0.1837521789388487,0.20081375912338112,1.7244873046875,-0.5491943359375,0.29931640625,nan,0.1015625,nan,0.19873046875,nan,0.19873046875,1,0.1846923828125,0.201171875,0.01276220785457523,8,3,15,89,106,20260920,761,5.274135700019542
phase,S2,4,0.05,0,8,1024,8192,0.146484375,0.1389931452790194,0.15430699612788684,3.2353515625,3.2353515625,0.3385009765625,0.853515625,nan,0.695556640625,nan,0.695556640625,nan,1,0.140625,0.152587890625,0.009264485332524549,8,3,15,89,106,20260920,761,6.797335400013253
phase,S2,4,0.05,1,8,1024,8192,0.157958984375,0.1502219841078746,0.16601661955999533,2.5240478515625,2.2625732421875,0.3385009765625,nan,0.1307373046875,0.7113037109375,nan,0.7113037109375,nan,1,0.15087890625,0.1651611328125,0.011168123238357091,8,3,15,89,106,20260920,761,5.285114300029818
phase,S2,4,0.05,2,8,1024,8192,0.1466064453125,0.13911251892611456,0.15443164867505724,2.133544921875,1.373046875,0.3465576171875,nan,0.1209716796875,nan,0.25927734375,nan,0.25927734375,1,0.1387939453125,0.1536865234375,0.011500922645850873,8,3,15,89,106,20260920,761,5.270269500033464
phase,S2,4,0.05,3,8,1024,8192,0.1553955078125,0.14771209251859313,0.16340196106969979,1.8699951171875,0.3966064453125,0.3355712890625,nan,0.113525390625,nan,0.236572265625,nan,0.236572265625,1,0.1470916748046875,0.164306640625,0.013384225879661838,8,3,15,89,106,20260920,761,5.2266620000009425
phase,S2,4,0.05,4,8,1024,8192,0.1436767578125,0.13624805818740549,0.15143948075139263,1.902099609375,-0.509033203125,0.3460693359375,nan,0.112548828125,nan,0.224365234375,nan,0.224365234375,1,0.1375732421875,0.1507568359375,0.00996500567966726,8,3,15,89,106,20260920,761,5.345029500022065
phase,S2,6,0.0,0,8,1024,8192,0.6427001953125,0.6322584815519662,0.6530081395444863,1.130615234375,1.130615234375,0.0372314453125,0.3572998046875,nan,0.2265625,nan,0.2265625,nan,1,0.6292694091796875,0.65576171875,0.02067940476453969,8,3,21,138,176,20260920,761,9.720111700007692
phase,S2,6,0.0,1,8,1024,8192,0.6263427734375,0.6158098348729827,0.6367572761918833,0.919189453125,0.765869140625,0.0340576171875,nan,0.07666015625,0.2969970703125,nan,0.2969970703125,nan,1,0.6171875,0.6339111328125,0.013049212818175561,8,3,21,138,176,20260920,761,9.667115399963222
phase,S2,6,0.0,2,8,1024,8192,0.611572265625,0.6009679495323148,0.622071992026417,0.82568359375,0.475830078125,0.029541015625,nan,0.04443359375,nan,0.1304931640625,nan,0.1304931640625,1,0.59765625,0.6257354736328125,0.021457407486509913,8,3,21,138,176,20260920,761,9.746847399976104
phase,S2,6,0.0,3,8,1024,8192,0.580810546875,0.5700900825955293,0.5914552580082788,0.814453125,0.224853515625,0.0653076171875,nan,0.02734375,nan,0.0740966796875,nan,0.0740966796875,1,0.5709228515625,0.59033203125,0.014981791025295135,8,3,21,138,176,20260920,761,9.737778200011235
phase,S2,6,0.0,4,8,1024,8192,0.595703125,0.5850334790402801,0.6062830572639276,0.7763671875,-0.275634765625,0.0289306640625,nan,0.060546875,nan,0.085693359375,nan,0.085693359375,1,0.5821533203125,0.6094970703125,0.020925409205521567,8,3,21,138,176,20260920,761,9.744601000042167
phase,S2,6,0.0,5,8,1024,8192,0.5679931640625,0.5572369668586649,0.5786856233472583,0.8780517578125,-0.5858154296875,0.03955078125,nan,0.035400390625,nan,0.0960693359375,nan,0.0960693359375,1,0.5552978515625,0.5811767578125,0.019794112128519517,8,3,21,138,176,20260920,761,9.65448369999649
phase,S2,6,0.0,6,8,1024,8192,0.5645751953125,0.5538107076255919,0.5752791491408952,1.0439453125,-0.930419921875,0.0567626953125,nan,0.0318603515625,nan,0.0689697265625,nan,0.0689697265625,1,0.5528564453125,0.5777587890625,0.01943641527099135,8,3,21,138,176,20260920,761,9.570489200006705
phase,S2,6,0.001,0,8,1024,8192,0.585205078125,0.5744985636612664,0.5958317199361022,1.3260498046875,1.3260498046875,0.0430908203125,0.414794921875,nan,0.2640380859375,nan,0.2640380859375,nan,1,0.57421875,0.59521484375,0.01644697260559614,8,3,21,138,176,20260920,761,14.851149900001474
phase,S2,6,0.001,1,8,1024,8192,0.571533203125,0.5607861406624501,0.5822132091771746,1.0528564453125,0.8948974609375,0.0367431640625,nan,0.0789794921875,0.3494873046875,nan,0.3494873046875,nan,1,0.5623779296875,0.579833984375,0.013438193471256705,8,3,21,138,176,20260920,761,11.448609200015198
phase,S2,6,0.001,2,8,1024,8192,0.55810546875,0.5473267069239005,0.5688297615465112,0.95361328125,0.570068359375,0.038330078125,nan,0.04833984375,nan,0.1434326171875,nan,0.1434326171875,1,0.5455322265625,0.5693359375,0.01863162502767472,8,3,21,138,176,20260920,761,11.470869400014635
phase,S2,6,0.001,3,8,1024,8192,0.5489501953125,0.5381543917734091,0.5597001121270848,0.88623046875,0.25048828125,0.0673828125,nan,0.0347900390625,nan,0.07958984375,nan,0.07958984375,1,0.5303955078125,0.56591796875,0.027460278148677235,8,3,21,138,176,20260920,761,11.361916200025007
phase,S2,6,0.001,4,8,1024,8192,0.541259765625,0.5304524922773446,0.5520283613844184,0.9141845703125,-0.3231201171875,0.0380859375,nan,0.072265625,nan,0.1063232421875,nan,0.1063232421875,1,0.53076171875,0.55517578125,0.019020598410358015,8,3,21,138,176,20260920,761,11.33759370003827
phase,S2,6,0.001,5,8,1024,8192,0.5252685546875,0.5144457008784313,0.536067721334542,0.9637451171875,-0.6619873046875,0.0382080078125,nan,0.0413818359375,nan,0.102294921875,nan,0.102294921875,1,0.5142822265625,0.5372314453125,0.017995097113254033,8,3,21,138,176,20260920,761,11.266813399968669
phase,S2,6,0.001,6,8,1024,8192,0.5186767578125,0.5078507189311345,0.5294852887914978,1.184814453125,-1.05322265625,0.0657958984375,nan,0.04248046875,nan,0.08642578125,nan,0.08642578125,1,0.5048828125,0.53271484375,0.02127047986393888,8,3,21,138,176,20260920,761,11.287197199999355
phase,S2,6,0.003,0,8,1024,8192,0.49951171875,0.4886871168802818,0.5103367783426558,1.6573486328125,1.6573486328125,0.06005859375,0.50048828125,nan,0.33154296875,nan,0.33154296875,nan,1,0.492919921875,0.507080078125,0.01088706083433408,8,3,21,138,176,20260920,761,14.671414699987508
phase,S2,6,0.003,1,8,1024,8192,0.463623046875,0.4528439343478957,0.47443625976096415,1.347900390625,1.14892578125,0.045166015625,nan,0.0994873046875,0.4368896484375,nan,0.4368896484375,nan,1,0.45068359375,0.4736328125,0.017506286114894597,8,3,21,138,176,20260920,761,11.430888700007927
phase,S2,6,0.003,2,8,1024,8192,0.4979248046875,0.4871010346479088,0.5087505200495765,1.0584716796875,0.6407470703125,0.0433349609375,nan,0.050537109375,nan,0.1583251953125,nan,0.1583251953125,1,0.482666015625,0.5106201171875,0.021550460834778833,8,3,21,138,176,20260920,761,11.224416000011843
phase,S2,6,0.003,3,8,1024,8192,0.4647216796875,0.4539403443081469,0.4755360855491031,1.04150390625,0.279052734375,0.0726318359375,nan,0.044189453125,nan,0.0968017578125,nan,0.0968017578125,1,0.456298828125,0.471923828125,0.012044820687054697,8,3,21,138,176,20260920,761,11.191529000003356
phase,S2,6,0.003,4,8,1024,8192,0.47509765625,0.46429791986990016,0.48592073649992334,1.039306640625,-0.357421875,0.0465087890625,nan,0.0750732421875,nan,0.1163330078125,nan,0.1163330078125,1,0.4656982421875,0.486083984375,0.015807044976795553,8,3,21,138,176,20260920,761,11.356770299957134
phase,S2,6,0.003,5,8,1024,8192,0.4600830078125,0.4493114161239351,0.4708920183512232,1.15234375,-0.80859375,0.0472412109375,nan,0.0545654296875,nan,0.1248779296875,nan,0.1248779296875,1,0.452392578125,0.4669189453125,0.011489070603392135,8,3,21,138,176,20260920,761,11.410253300040495
phase,S2,6,0.003,6,8,1024,8192,0.4461669921875,0.43543028216979784,0.45695416615908535,1.352294921875,-1.2109375,0.0706787109375,nan,0.0452880859375,nan,0.095947265625,nan,0.095947265625,1,0.435302734375,0.457763671875,0.017542727721896485,8,3,21,138,176,20260920,761,11.239700400037691
phase,S2,6,0.005,0,8,1024,8192,0.4171142578125,0.40647797080898795,0.42782824328468927,1.939697265625,1.939697265625,0.068603515625,0.5828857421875,nan,0.396728515625,nan,0.396728515625,nan,1,0.411376953125,0.4251708984375,0.011053936936202902,8,3,21,138,176,20260920,761,14.928708299994469
phase,S2,6,0.005,1,8,1024,8192,0.4168701171875,0.40623483402617055,0.42758332767897556,1.467041015625,1.26513671875,0.0528564453125,nan,0.1009521484375,0.482177734375,nan,0.482177734375,nan,1,0.412353515625,0.42138671875,0.0069139659465362775,8,3,21,138,176,20260920,761,11.334573500033002
phase,S2,6,0.005,2,8,1024,8192,0.4073486328125,0.3967546048496341,0.4180295137027975,1.2841796875,0.788330078125,0.053466796875,nan,0.065185546875,nan,0.1827392578125,nan,0.1827392578125,1,0.39306640625,0.4227294921875,0.022749849351896168,8,3,21,138,176,20260920,761,11.47544020001078
phase,S2,6,0.005,3,8,1024,8192,0.4111328125,0.40052189559977847,0.42182703497488583,1.1767578125,0.295166015625,0.082275390625,nan,0.0535888671875,nan,0.1217041015625,nan,0.1217041015625,1,0.4014892578125,0.4215087890625,0.0154143162019343,8,3,21,138,176,20260920,761,11.186784800025634
phase,S2,6,0.005,4,8,1024,8192,0.4180908203125,0.407450544830424,0.4288078788173778,1.14404296875,-0.378662109375,0.05224609375,nan,0.0780029296875,nan,0.126708984375,nan,0.126708984375,1,0.40966796875,0.4268798828125,0.012981172740907616,8,3,21,138,176,20260920,761,11.309954800002743
phase,S2,6,0.005,5,8,1024,8192,0.3924560546875,0.3819348639419938,0.4030780589100382,1.3221435546875,-0.8929443359375,0.0621337890625,nan,0.06396484375,nan,0.1419677734375,nan,0.1419677734375,1,0.3809814453125,0.4036865234375,0.017197623306012034,8,3,21,138,176,20260920,761,11.571299800009001
phase,S2,6,0.005,6,8,1024,8192,0.383056640625,0.3725867135485726,0.3936361923450103,1.6024169921875,-1.4481201171875,0.0771484375,nan,0.0592041015625,nan,0.123291015625,nan,0.123291015625,1,0.3707275390625,0.3953857421875,0.01908495400238519,8,3,21,138,176,20260920,761,11.215535299968906
phase,S2,6,0.01,0,8,1024,8192,0.30078125,0.29094569579026075,0.31080355516832725,2.40966796875,2.40966796875,0.079833984375,0.69921875,nan,0.5064697265625,nan,0.5064697265625,nan,1,0.286376953125,0.314208984375,0.021293285745913965,8,3,21,138,176,20260920,761,14.767431499960367
phase,S2,6,0.01,1,8,1024,8192,0.30419921875,0.29433026022758435,0.3142517241704397,1.8148193359375,1.5753173828125,0.0679931640625,nan,0.1197509765625,0.5760498046875,nan,0.5760498046875,nan,1,0.296142578125,0.3145751953125,0.014494165308340148,8,3,21,138,176,20260920,761,11.39646040002117
phase,S2,6,0.01,2,8,1024,8192,0.3072509765625,0.29735274132989864,0.3173298979247646,1.5418701171875,0.9534912109375,0.0703125,nan,0.08447265625,nan,0.209716796875,nan,0.209716796875,1,0.28857421875,0.3253173828125,0.028780500925007366,8,3,21,138,176,20260920,761,11.251743500004523
phase,S2,6,0.01,3,8,1024,8192,0.3006591796875,0.29082483056919356,0.3106803941951289,1.396484375,0.30712890625,0.08544921875,nan,0.0726318359375,nan,0.1519775390625,nan,0.1519775390625,1,0.287353515625,0.3133544921875,0.01998930985991541,8,3,21,138,176,20260920,761,11.193847899965476
phase,S2,6,0.01,4,8,1024,8192,0.3082275390625,0.2983200438368294,0.3183148049719584,1.39111328125,-0.392822265625,0.072021484375,nan,0.0836181640625,nan,0.1470947265625,nan,0.1470947265625,1,0.29931640625,0.318359375,0.014484174802551498,8,3,21,138,176,20260920,761,11.47165139997378
phase,S2,6,0.01,5,8,1024,8192,0.287353515625,0.27765559797629313,0.2972507716130821,1.5987548828125,-1.0921630859375,0.073974609375,nan,0.0838623046875,nan,0.1702880859375,nan,0.1702880859375,1,0.2818572998046875,0.2930908203125,0.00869947521211704,8,3,21,138,176,20260920,761,11.81557239999529
phase,S2,6,0.01,6,8,1024,8192,0.268798828125,0.25930852272240934,0.2785058653385991,1.947509765625,-1.761962890625,0.0927734375,nan,0.0728759765625,nan,0.1558837890625,nan,0.1558837890625,1,0.2584228515625,0.278564453125,0.015420943640234904,8,3,21,138,176,20260920,761,11.391396099992562
phase,S2,6,0.02,0,8,1024,8192,0.1815185546875,0.17332168847478774,0.1900139706863374,2.9224853515625,2.9224853515625,0.09814453125,0.8184814453125,nan,0.6328125,nan,0.6328125,nan,1,0.1702880859375,0.193115234375,0.017542727721896485,8,3,21,138,176,20260920,761,14.847459800017532
phase,S2,6,0.02,1,8,1024,8192,0.18505859375,0.17679736983099645,0.19361504896383022,2.3245849609375,2.0704345703125,0.0953369140625,nan,0.1270751953125,0.6878662109375,nan,0.6878662109375,nan,1,0.1778564453125,0.193359375,0.011707118483486188,8,3,21,138,176,20260920,761,11.386610399989877
phase,S2,6,0.02,2,8,1024,8192,0.2056884765625,0.19707445559804915,0.21457839002765905,1.8743896484375,1.2271728515625,0.0902099609375,nan,0.0987548828125,nan,0.224853515625,nan,0.224853515625,1,0.19775390625,0.21337890625,0.012050474869122745,8,3,21,138,176,20260920,761,11.523443999991287
phase,S2,6,0.02,3,8,1024,8192,0.201904296875,0.19335225726113237,0.21073577634234314,1.704345703125,0.41162109375,0.1046142578125,nan,0.099609375,nan,0.1976318359375,nan,0.1976318359375,1,0.197998046875,0.2056884765625,0.00587678774269686,8,3,21,138,176,20260920,761,11.408530899963807
phase,S2,6,0.02,4,8,1024,8192,0.2100830078125,0.20139847863534505,0.21903930998392368,1.6832275390625,-0.4654541015625,0.0936279296875,nan,0.105712890625,nan,0.1978759765625,nan,0.1978759765625,1,0.202880859375,0.2174072265625,0.011164310420916979,8,3,21,138,176,20260920,761,11.360520799993537
phase,S2,6,0.02,5,8,1024,8192,0.1937255859375,0.1853116303384689,0.20242664824921333,1.9212646484375,-1.3255615234375,0.088623046875,nan,0.1055908203125,nan,0.20263671875,nan,0.20263671875,1,0.1815185546875,0.206298828125,0.019164650299599965,8,3,21,138,176,20260920,761,11.377368300047237
phase,S2,6,0.02,6,8,1024,8192,0.18212890625,0.1739208602001889,0.19063492993226408,2.3209228515625,-2.1107177734375,0.1051025390625,nan,0.100341796875,nan,0.1990966796875,nan,0.1990966796875,1,0.172119140625,0.1904296875,0.01431445908301413,8,3,21,138,176,20260920,761,11.107290400017519
phase,S2,6,0.03,0,8,1024,8192,0.152587890625,0.1449640215724647,0.16053742954772007,3.17431640625,3.17431640625,0.109375,0.847412109375,nan,0.68505859375,nan,0.68505859375,nan,1,0.147216796875,0.1597900390625,0.010037374137139524,8,3,21,138,176,20260920,761,14.620028499979526
phase,S2,6,0.03,1,8,1024,8192,0.1500244140625,0.14245571332189233,0.15792118771871544,2.506591796875,2.256591796875,0.10302734375,nan,0.125,0.7249755859375,nan,0.7249755859375,nan,1,0.1436767578125,0.1561279296875,0.009722806519404237,8,3,21,138,176,20260920,761,11.335207300027832
phase,S2,6,0.03,2,8,1024,8192,0.1644287109375,0.1565596976124541,0.17261229435149109,2.0673828125,1.364013671875,0.1126708984375,nan,0.113037109375,nan,0.2386474609375,nan,0.2386474609375,1,0.1556396484375,0.175048828125,0.014846480269053488,8,3,21,138,176,20260920,761,11.460893200011924
phase,S2,6,0.03,3,8,1024,8192,0.154541015625,0.14687562729601933,0.16253024293241458,1.84912109375,0.446044921875,0.1103515625,nan,0.1072998046875,nan,0.2259521484375,nan,0.2259521484375,1,0.147216796875,0.1617431640625,0.011106961095932196,8,3,21,138,176,20260920,761,11.974289300036617
phase,S2,6,0.03,4,8,1024,8192,0.168212890625,0.16026873604024475,0.17646806794593314,1.823974609375,-0.472412109375,0.10693359375,nan,0.1134033203125,nan,0.2205810546875,nan,0.2205810546875,1,0.158935546875,0.1771240234375,0.01401387846335405,8,3,21,138,176,20260920,761,11.267349400033709
phase,S2,6,0.03,5,8,1024,8192,0.153564453125,0.1459197694227373,0.16153389125157205,2.078369140625,-1.42724609375,0.101318359375,nan,0.1156005859375,nan,0.2236328125,nan,0.2236328125,1,0.1451416015625,0.162109375,0.013120145354047269,8,3,21,138,176,20260920,761,11.41449440002907
phase,S2,6,0.03,6,8,1024,8192,0.14306640625,0.1356514299674096,0.15081597800006064,2.5399169921875,-2.3216552734375,0.109130859375,nan,0.1103515625,nan,0.221435546875,nan,0.221435546875,1,0.137939453125,0.1485595703125,0.00833558551690271,8,3,21,138,176,20260920,761,11.413270699966233
phase,S2,6,0.05,0,8,1024,8192,0.1285400390625,0.12146612207424635,0.13596216877562095,3.41796875,3.41796875,0.11865234375,0.8714599609375,nan,0.739990234375,nan,0.739990234375,nan,1,0.1231689453125,0.1365966796875,0.010961110070092366,8,3,21,138,176,20260920,761,14.906806400045753
phase,S2,6,0.05,1,8,1024,8192,0.1259765625,0.11896587378850033,0.13333786698178995,2.6949462890625,2.4451904296875,0.12060546875,nan,0.1248779296875,0.7491455078125,nan,0.7491455078125,nan,1,0.119873046875,0.133056640625,0.01030856763499507,8,3,21,138,176,20260920,761,11.38858899998013
phase,S2,6,0.05,2,8,1024,8192,0.134033203125,0.12682695742029076,0.14158251217152723,2.1954345703125,1.4481201171875,0.1141357421875,nan,0.1239013671875,nan,0.249755859375,nan,0.249755859375,1,0.1278076171875,0.140869140625,0.010037374137139524,8,3,21,138,176,20260920,761,11.890250800002832
phase,S2,6,0.05,3,8,1024,8192,0.1363525390625,0.12909167251548825,0.1439542947673756,1.9283447265625,0.4586181640625,0.1116943359375,nan,0.12158203125,nan,0.240966796875,nan,0.240966796875,1,0.131103515625,0.1409912109375,0.007846214571608712,8,3,21,138,176,20260920,761,11.310398800007533
phase,S2,6,0.05,4,8,1024,8192,0.1348876953125,0.12766124143205995,0.14245641151961705,1.9591064453125,-0.5413818359375,0.1168212890625,nan,0.12353515625,nan,0.2452392578125,nan,0.2452392578125,1,0.1246337890625,0.1436767578125,0.014795923266587865,8,3,21,138,176,20260920,761,11.369723999989219
phase,S2,6,0.05,5,8,1024,8192,0.1290283203125,0.12194246800803744,0.13646192761889214,2.224365234375,-1.526611328125,0.115478515625,nan,0.1287841796875,nan,0.243408203125,nan,0.243408203125,1,0.1220703125,0.1365966796875,0.011285681677938472,8,3,21,138,176,20260920,761,11.515199700021185
phase,S2,6,0.05,6,8,1024,8192,0.13134765625,0.12420557555077005,0.13883531776720537,2.692138671875,-2.4697265625,0.1112060546875,nan,0.1212158203125,nan,0.239990234375,nan,0.239990234375,1,0.1275634765625,0.1348876953125,0.005741940744212242,8,3,21,138,176,20260920,761,11.296900499961339
depth_optimal,S1,2,0.0,0,8,1024,8192,1.0,0.9995312917117791,1.0,0.0,0.0,0.0,0.0,nan,0.0,nan,0.0,nan,0,1.0,1.0,0.0,8,2,8,37,28,20260920,761,0.9295707999845035
depth_optimal,S1,2,0.0,1,8,1024,8192,1.0,0.9995312917117791,1.0,0.0,0.0,0.0,nan,0.0,0.0,nan,nan,0.0,0,1.0,1.0,0.0,8,2,8,37,28,20260920,761,0.9938677999889478
depth_optimal,S1,2,0.0,2,8,1024,8192,1.0,0.9995312917117791,1.0,0.0,0.0,0.0,nan,0.0,nan,0.0,nan,0.0,0,1.0,1.0,0.0,8,2,8,37,28,20260920,761,0.9631661999737844
depth_optimal,S1,2,0.001,0,8,1024,8192,0.9888916015625,0.9863818247079311,0.990943083325681,0.015625,0.015625,0.000732421875,0.0111083984375,nan,0.0037841796875,nan,0.0111083984375,nan,0,0.986083984375,0.99169921875,0.004334048690716531,8,2,8,37,28,20260920,761,2.141689000010956
depth_optimal,S1,2,0.001,1,8,1024,8192,0.9857177734375,0.9829112728675082,0.988068954115199,0.0185546875,0.009765625,0.0042724609375,nan,0.00439453125,0.0098876953125,nan,nan,0.00439453125,0,0.983154296875,0.988525390625,0.004238695899112539,8,2,8,37,28,20260920,761,2.0452950000180863
depth_optimal,S1,2,0.001,2,8,1024,8192,0.9874267578125,0.9847752242524173,0.989621369450008,0.0150146484375,-0.0137939453125,0.0006103515625,nan,0.00244140625,nan,0.011962890625,nan,0.00244140625,0,0.984375,0.9906005859375,0.0047966022227510985,8,2,8,37,28,20260920,761,2.0330218000453897
depth_optimal,S1,2,0.003,0,8,1024,8192,0.9632568359375,0.9589609553287756,0.9671184519090666,0.049072265625,0.049072265625,0.0023193359375,0.0367431640625,nan,0.010009765625,nan,0.0367431640625,nan,0,0.961181640625,0.96533203125,0.003172486409393646,8,2,8,37,28,20260920,761,2.0692415999947116
depth_optimal,S1,2,0.003,1,8,1024,8192,0.96044921875,0.9560083376469312,0.9644584671228028,0.0489501953125,0.0159912109375,0.0093994140625,nan,0.0164794921875,0.0230712890625,nan,nan,0.0164794921875,0,0.95751953125,0.96337890625,0.004520605955920662,8,2,8,37,28,20260920,761,2.0520976000116207
depth_optimal,S1,2,0.003,2,8,1024,8192,0.964111328125,0.9598608133089704,0.9679267772887307,0.0433349609375,-0.0379638671875,0.002685546875,nan,0.0074462890625,nan,0.033203125,nan,0.0074462890625,0,0.9609375,0.9676513671875,0.005054191108464509,8,2,8,37,28,20260920,761,2.012695600045845
depth_optimal,S1,2,0.005,0,8,1024,8192,0.939453125,0.9340796552198809,0.9444146441361749,0.0841064453125,0.0841064453125,0.005126953125,0.060546875,nan,0.0184326171875,nan,0.060546875,nan,0,0.934814453125,0.9437255859375,0.006885581852261756,8,2,8,37,28,20260920,761,2.0763966999948025
depth_optimal,S1,2,0.005,1,8,1024,8192,0.9371337890625,0.9316700527713804,0.9421877488936297,0.0782470703125,0.0299072265625,0.015380859375,nan,0.024169921875,0.0386962890625,nan,nan,0.024169921875,0,0.93408203125,0.940185546875,0.004725060522682286,8,2,8,37,28,20260920,761,2.038152099994477
depth_optimal,S1,2,0.005,2,8,1024,8192,0.9422607421875,0.9369994180260858,0.9471074837980781,0.072509765625,-0.06396484375,0.0042724609375,nan,0.0147705078125,nan,0.053466796875,nan,0.0147705078125,0,0.93603515625,0.9490966796875,0.009992311791974514,8,2,8,37,28,20260920,761,2.0320905999979004
depth_optimal,S1,2,0.01,0,8,1024,8192,0.881103515625,0.8739153358111685,0.8879344426859442,0.1707763671875,0.1707763671875,0.01123046875,0.118896484375,nan,0.0406494140625,nan,0.118896484375,nan,0,0.8731689453125,0.8907470703125,0.01353919597066558,8,2,8,37,28,20260920,761,2.069942899979651
depth_optimal,S1,2,0.01,1,8,1024,8192,0.8828125,0.8756672834999859,0.8895988617168449,0.146484375,0.057373046875,0.029296875,nan,0.0445556640625,0.0726318359375,nan,nan,0.0445556640625,0,0.877685546875,0.887939453125,0.00791644026736111,8,2,8,37,28,20260920,761,2.0550810999702662
depth_optimal,S1,2,0.01,2,8,1024,8192,0.8807373046875,0.8735399793138925,0.8875777206004236,0.1495361328125,-0.1295166015625,0.010009765625,nan,0.0302734375,nan,0.1092529296875,nan,0.0302734375,0,0.872802734375,0.888671875,0.01242344437630914,8,2,8,37,28,20260920,761,2.037149399984628
depth_optimal,S1,2,0.02,0,8,1024,8192,0.7813720703125,0.7722910707120978,0.7901893070700434,0.31298828125,0.31298828125,0.0203857421875,0.2186279296875,nan,0.073974609375,nan,0.2186279296875,nan,0,0.770263671875,0.789306640625,0.01569839677478179,8,2,8,37,28,20260920,761,2.1168937999755144
depth_optimal,S1,2,0.02,1,8,1024,8192,0.78564453125,0.7766251660894085,0.7943961284920279,0.2666015625,0.10546875,0.05224609375,nan,0.08056640625,0.1337890625,nan,nan,0.08056640625,0,0.776611328125,0.79443359375,0.013879560940968648,8,2,8,37,28,20260920,761,2.041290100023616
depth_optimal,S1,2,0.02,2,8,1024,8192,0.7772216796875,0.7680821458259623,0.7861013413511495,0.282470703125,-0.23779296875,0.0223388671875,nan,0.0596923828125,nan,0.200439453125,nan,0.0596923828125,0,0.76806640625,0.7867431640625,0.014356631277333162,8,2,8,37,28,20260920,761,1.986472100019455
depth_optimal,S1,2,0.03,0,8,1024,8192,0.69384765625,0.6837781853035536,0.7037354111901732,0.4490966796875,0.4490966796875,0.0323486328125,0.30615234375,nan,0.110595703125,nan,0.30615234375,nan,0,0.687744140625,0.700439453125,0.009779565942143909,8,2,8,37,28,20260920,761,2.0853724000044167
depth_optimal,S1,2,0.03,1,8,1024,8192,0.7041015625,0.6941235387375414,0.7138882580744933,0.3720703125,0.1533203125,0.076171875,nan,0.109375,0.1865234375,nan,nan,0.109375,0,0.6976318359375,0.7127685546875,0.011845942921514386,8,2,8,37,28,20260920,761,2.0197579000378028
depth_optimal,S1,2,0.03,2,8,1024,8192,0.6939697265625,0.683901309775034,0.7038563129129584,0.3896484375,-0.328369140625,0.0306396484375,nan,0.0836181640625,nan,0.275390625,nan,0.0836181640625,0,0.6871337890625,0.701416015625,0.010898786266740892,8,2,8,37,28,20260920,761,2.005636499961838
depth_optimal,S1,2,0.05,0,8,1024,8192,0.5552978515625,0.5445134710725621,0.5660303949297416,0.6956787109375,0.6956787109375,0.062744140625,0.4447021484375,nan,0.188232421875,nan,0.4447021484375,nan,0,0.545654296875,0.5648193359375,0.014689650914348554,8,2,8,37,28,20260920,761,2.076912199961953
depth_optimal,S1,2,0.05,1,8,1024,8192,0.5784912109375,0.5677637351080509,0.5891451078047112,0.52490234375,0.206787109375,0.1033935546875,nan,0.1590576171875,0.262451171875,nan,nan,0.1590576171875,0,0.5694580078125,0.589599609375,0.01581512312238025,8,2,8,37,28,20260920,761,2.078434900031425
depth_optimal,S1,2,0.05,2,8,1024,8192,0.5609130859375,0.5501402909607329,0.571628779977787,0.5643310546875,-0.4468994140625,0.0587158203125,nan,0.125244140625,nan,0.38037109375,nan,0.125244140625,0,0.554931640625,0.5675048828125,0.009750790909767354,8,2,8,37,28,20260920,761,1.9250197000219487
depth_optimal,S1,4,0.0,0,8,1024,8192,1.0,0.9995312917117791,1.0,0.0,0.0,0.0,0.0,nan,0.0,nan,0.0,nan,1,1.0,1.0,0.0,8,3,16,75,102,20260920,761,4.984482800005935
depth_optimal,S1,4,0.0,1,8,1024,8192,1.0,0.9995312917117791,1.0,0.0,0.0,0.0,nan,0.0,0.0,nan,0.0,nan,1,1.0,1.0,0.0,8,3,16,75,102,20260920,761,5.139866399986204
depth_optimal,S1,4,0.0,2,8,1024,8192,1.0,0.9995312917117791,1.0,0.0,0.0,0.0,nan,0.0,nan,0.0,nan,0.0,1,1.0,1.0,0.0,8,3,16,75,102,20260920,761,5.02946140000131
depth_optimal,S1,4,0.0,3,8,1024,8192,1.0,0.9995312917117791,1.0,0.0,0.0,0.0,nan,0.0,nan,0.0,nan,0.0,1,1.0,1.0,0.0,8,3,16,75,102,20260920,761,5.043113099993207
depth_optimal,S1,4,0.0,4,8,1024,8192,1.0,0.9995312917117791,1.0,0.0,0.0,0.0,nan,0.0,nan,0.0,nan,0.0,1,1.0,1.0,0.0,8,3,16,75,102,20260920,761,4.937608400010504
depth_optimal,S1,4,0.001,0,8,1024,8192,0.9544677734375,0.9497364658068826,0.9587730554438384,0.121826171875,0.121826171875,0.008056640625,0.0455322265625,nan,0.02490234375,nan,0.02490234375,nan,1,0.948486328125,0.960205078125,0.008949391749142383,8,3,16,75,102,20260920,761,5.738604100013617
depth_optimal,S1,4,0.001,1,8,1024,8192,0.9556884765625,0.9510145684127133,0.9599352147806636,0.0972900390625,0.0823974609375,0.01318359375,nan,0.0074462890625,0.036865234375,nan,0.036865234375,nan,1,0.94970703125,0.961669921875,0.009292933623473665,8,3,16,75,102,20260920,761,5.845568899996579
depth_optimal,S1,4,0.001,2,8,1024,8192,0.9564208984375,0.9517818702223676,0.9606320701366026,0.0872802734375,0.0423583984375,0.010986328125,nan,0.0057373046875,nan,0.0167236328125,nan,0.0167236328125,1,0.9521484375,0.960693359375,0.006683518817548767,8,3,16,75,102,20260920,761,5.852385299978778
depth_optimal,S1,4,0.001,3,8,1024,8192,0.9581298828125,0.9535735773314841,0.9622567297472041,0.077880859375,0.018310546875,0.0123291015625,nan,0.00048828125,nan,0.0068359375,nan,0.0068359375,1,0.9537353515625,0.962890625,0.0069923414257548645,8,3,16,75,102,20260920,761,5.856610900023952
depth_optimal,S1,4,0.001,4,8,1024,8192,0.952392578125,0.9475657094235936,0.9567953665246127,0.0941162109375,-0.0714111328125,0.0068359375,nan,0.010986328125,nan,0.0115966796875,nan,0.0115966796875,1,0.9461669921875,0.9581298828125,0.009275507924563999,8,3,16,75,102,20260920,761,5.711617599998135
depth_optimal,S1,4,0.003,0,8,1024,8192,0.8756103515625,0.8682871864053161,0.882581413349846,0.33447265625,0.33447265625,0.0203857421875,0.1243896484375,nan,0.066650390625,nan,0.066650390625,nan,1,0.865966796875,0.8858642578125,0.015563298058852443,8,3,16,75,102,20260920,761,6.071259499993175
depth_optimal,S1,4,0.003,1,8,1024,8192,0.8746337890625,0.8672871091310715,0.8816292810699661,0.29052734375,0.246826171875,0.0399169921875,nan,0.0218505859375,0.103515625,nan,0.103515625,nan,1,0.8646240234375,0.8851318359375,0.015563298058852443,8,3,16,75,102,20260920,761,5.802484999992885
depth_optimal,S1,4,0.003,2,8,1024,8192,0.8736572265625,0.8662871738259644,0.8806770068209485,0.2529296875,0.12939453125,0.0308837890625,nan,0.0164794921875,nan,0.0452880859375,nan,0.0452880859375,1,0.8616943359375,0.8846435546875,0.017499961852985767,8,3,16,75,102,20260920,761,5.617426400014665
depth_optimal,S1,4,0.003,3,8,1024,8192,0.873046875,0.8656622857281064,0.8800817639474787,0.2552490234375,0.0897216796875,0.045166015625,nan,0.0023193359375,nan,0.0191650390625,nan,0.0191650390625,1,0.8658447265625,0.8812255859375,0.011868922463813172,8,3,16,75,102,20260920,761,5.777752299967688
depth_optimal,S1,4,0.003,4,8,1024,8192,0.8641357421875,0.8565449675627171,0.8713851699314813,0.2672119140625,-0.1873779296875,0.0225830078125,nan,0.0289306640625,nan,0.03173828125,nan,0.03173828125,1,0.8551025390625,0.874755859375,0.014832709085504927,8,3,16,75,102,20260920,761,5.9040338000049815
depth_optimal,S1,4,0.005,0,8,1024,8192,0.792236328125,0.7833148696285465,0.8008838394432306,0.5496826171875,0.5496826171875,0.031005859375,0.207763671875,nan,0.118408203125,nan,0.118408203125,nan,1,0.7780731201171875,0.8067626953125,0.0223712909178526,8,3,16,75,102,20260920,761,5.661711099965032
depth_optimal,S1,4,0.005,1,8,1024,8192,0.79541015625,0.7865370856150246,0.8040063045076574,0.48388671875,0.424560546875,0.065673828125,nan,0.0296630859375,0.1749267578125,nan,0.1749267578125,nan,1,0.7850341796875,0.8060302734375,0.016012562316044962,8,3,16,75,102,20260920,761,5.838506900006905
depth_optimal,S1,4,0.005,2,8,1024,8192,0.8046875,0.7959606832289624,0.813128697657903,0.3988037109375,0.1995849609375,0.05322265625,nan,0.023681640625,nan,0.075927734375,nan,0.075927734375,1,0.78857421875,0.81982421875,0.024400107618894145,8,3,16,75,102,20260920,761,5.58257800003048
depth_optimal,S1,4,0.005,3,8,1024,8192,0.8038330078125,0.7950924139145916,0.8122887836124146,0.3863525390625,0.1016845703125,0.0648193359375,nan,0.00732421875,nan,0.03515625,nan,0.03515625,1,0.7882080078125,0.8182373046875,0.02290502310221468,8,3,16,75,102,20260920,761,5.8180432000081055
depth_optimal,S1,4,0.005,4,8,1024,8192,0.7958984375,0.7870328844478761,0.8044866104518681,0.3966064453125,-0.2696533203125,0.0355224609375,nan,0.040283203125,nan,0.045166015625,nan,0.045166015625,1,0.7867431640625,0.806640625,0.01561627825776308,8,3,16,75,102,20260920,761,5.807011199998669
depth_optimal,S1,4,0.01,0,8,1024,8192,0.6353759765625,0.6248918125045093,0.6457332369360089,1.0435791015625,1.0435791015625,0.069091796875,0.3646240234375,nan,0.2264404296875,nan,0.2264404296875,nan,1,0.61962890625,0.6541778564453125,0.026255537733498306,8,3,16,75,102,20260920,761,5.808188099996187
depth_optimal,S1,4,0.01,1,8,1024,8192,0.652587890625,0.6422076749993997,0.6628250678325642,0.8349609375,0.718994140625,0.1109619140625,nan,0.0579833984375,0.2894287109375,nan,0.2894287109375,nan,1,0.631103515625,0.67529296875,0.03381199708075532,8,3,16,75,102,20260920,761,5.82369860005565
depth_optimal,S1,4,0.01,2,8,1024,8192,0.651611328125,0.641224822125625,0.6618557111522142,0.7115478515625,0.3770751953125,0.0927734375,nan,0.04248046875,nan,0.124755859375,nan,0.124755859375,1,0.63232421875,0.6722412109375,0.03113534876353488,8,3,16,75,102,20260920,761,5.709333499951754
depth_optimal,S1,4,0.01,3,8,1024,8192,0.663330078125,0.6530222319903359,0.673484815936998,0.665283203125,0.15966796875,0.1116943359375,nan,0.0133056640625,nan,0.0662841796875,nan,0.0662841796875,1,0.6422119140625,0.6851806640625,0.0338401905317009,8,3,16,75,102,20260920,761,5.694624700001441
depth_optimal,S1,4,0.01,4,8,1024,8192,0.6578369140625,0.6474913303460967,0.6680345388392865,0.6798095703125,-0.4100341796875,0.069580078125,nan,0.062255859375,nan,0.0755615234375,nan,0.0755615234375,1,0.6456298828125,0.67333984375,0.021093604677698816,8,3,16,75,102,20260920,761,5.7066813000128604
depth_optimal,S1,4,0.02,0,8,1024,8192,0.473876953125,0.46307913851471816,0.48469925591244967,1.499755859375,1.499755859375,0.1103515625,0.526123046875,nan,0.32861328125,nan,0.32861328125,nan,1,0.44775390625,0.4930419921875,0.036471513714193875,8,3,16,75,102,20260920,761,5.765586800000165
depth_optimal,S1,4,0.02,1,8,1024,8192,0.4439697265625,0.4332393019883114,0.45475267484379145,1.4237060546875,1.2452392578125,0.1888427734375,nan,0.0892333984375,0.466796875,nan,0.466796875,nan,1,0.4207763671875,0.472412109375,0.03985980909681211,8,3,16,75,102,20260920,761,6.0081725000054576
depth_optimal,S1,4,0.02,2,8,1024,8192,0.455078125,0.44431810081753953,0.4658802596927303,1.1585693359375,0.6358642578125,0.1610107421875,nan,0.067626953125,nan,0.1937255859375,nan,0.1937255859375,1,0.4373779296875,0.477783203125,0.03204213665168659,8,3,16,75,102,20260920,761,5.8726982999942265
depth_optimal,S1,4,0.02,3,8,1024,8192,0.44580078125,0.43506510403155996,0.45658726571452646,1.14111328125,0.277099609375,0.1922607421875,nan,0.0333251953125,nan,0.1209716796875,nan,0.1209716796875,1,0.42138671875,0.47216796875,0.039041568052439996,8,3,16,75,102,20260920,761,5.778740699985065
depth_optimal,S1,4,0.02,4,8,1024,8192,0.422607421875,0.4119492582601072,0.43333813457552073,1.19873046875,-0.636474609375,0.14208984375,nan,0.1002197265625,nan,0.139404296875,nan,0.139404296875,1,0.411376953125,0.43701171875,0.019977805220194125,8,3,16,75,102,20260920,761,5.82557220000308
depth_optimal,S1,4,0.03,0,8,1024,8192,0.3031005859375,0.2932422934465872,0.3131434552030467,2.2528076171875,2.2528076171875,0.1982421875,0.6968994140625,nan,0.4974365234375,nan,0.4974365234375,nan,1,0.2835693359375,0.3253173828125,0.032114072051062335,8,3,16,75,102,20260920,761,5.868569399986882
depth_optimal,S1,4,0.03,1,8,1024,8192,0.3175048828125,0.307512011750601,0.3276688278223702,1.839599609375,1.640869140625,0.241455078125,nan,0.099365234375,0.5831298828125,nan,0.5831298828125,nan,1,0.299072265625,0.3411865234375,0.03279205515736348,8,3,16,75,102,20260920,761,5.838382899994031
depth_optimal,S1,4,0.03,2,8,1024,8192,0.3375244140625,0.3273629038265911,0.3478382316059338,1.4849853515625,0.8675537109375,0.2203369140625,nan,0.084716796875,nan,0.2239990234375,nan,0.2239990234375,1,0.3194580078125,0.358154296875,0.03008581286186368,8,3,16,75,102,20260920,761,5.736742500041146
depth_optimal,S1,4,0.03,3,8,1024,8192,0.3289794921875,0.3188873989117321,0.33923190292220284,1.4139404296875,0.3031005859375,0.2430419921875,nan,0.057373046875,nan,0.165283203125,nan,0.165283203125,1,0.3074951171875,0.354248046875,0.03640678550377831,8,3,16,75,102,20260920,761,5.619610900001135
depth_optimal,S1,4,0.03,4,8,1024,8192,0.31396484375,0.3040039997183333,0.32410008022093645,1.4324951171875,-0.6763916015625,0.187255859375,nan,0.10400390625,nan,0.1622314453125,nan,0.1622314453125,1,0.29443359375,0.33544921875,0.031471556955160636,8,3,16,75,102,20260920,761,5.6832209000131115
depth_optimal,S1,4,0.05,0,8,1024,8192,0.2047119140625,0.1961137750492566,0.21358686102232705,2.654541015625,2.654541015625,0.24267578125,0.7952880859375,nan,0.591796875,nan,0.591796875,nan,1,0.188232421875,0.2200927734375,0.024760034659964705,8,3,16,75,102,20260920,761,5.652429800014943
depth_optimal,S1,4,0.05,1,8,1024,8192,0.211181640625,0.20247972719425136,0.22015429717340754,2.2012939453125,1.9774169921875,0.28271484375,nan,0.1119384765625,0.6768798828125,nan,0.6768798828125,nan,1,0.1966552734375,0.2244873046875,0.021584019634082366,8,3,16,75,102,20260920,761,5.957686999987345
depth_optimal,S1,4,0.05,2,8,1024,8192,0.22021484375,0.21137358430253886,0.22931837844077227,1.807861328125,1.116943359375,0.2750244140625,nan,0.0975341796875,nan,0.2479248046875,nan,0.2479248046875,1,0.2030029296875,0.239013671875,0.028105423184155955,8,3,16,75,102,20260920,761,5.806212500028778
depth_optimal,S1,4,0.05,3,8,1024,8192,0.2073974609375,0.1987558342297187,0.2163133781157075,1.7373046875,0.376953125,0.3055419921875,nan,0.0897216796875,nan,0.210693359375,nan,0.210693359375,1,0.193115234375,0.2264404296875,0.02614634230206428,8,3,16,75,102,20260920,761,5.850643799989484
depth_optimal,S1,4,0.05,4,8,1024,8192,0.1881103515625,0.17979457654279926,0.1967184971086667,1.7550048828125,-0.6524658203125,0.268798828125,nan,0.1077880859375,nan,0.20166015625,nan,0.20166015625,1,0.176025390625,0.2012939453125,0.019362675838767923,8,3,16,75,102,20260920,761,5.823070999991614
depth_optimal,S1,6,0.0,0,8,1024,8192,1.0,0.9995312917117791,1.0,0.0,0.0,0.0,0.0,nan,0.0,nan,0.0,nan,1,1.0,1.0,0.0,8,3,24,101,193,20260920,761,12.228104799985886
depth_optimal,S1,6,0.0,1,8,1024,8192,1.0,0.9995312917117791,1.0,0.0,0.0,0.0,nan,0.0,0.0,nan,0.0,nan,1,1.0,1.0,0.0,8,3,24,101,193,20260920,761,12.151446200034115
depth_optimal,S1,6,0.0,2,8,1024,8192,1.0,0.9995312917117791,1.0,0.0,0.0,0.0,nan,0.0,nan,0.0,nan,0.0,1,1.0,1.0,0.0,8,3,24,101,193,20260920,761,12.581889599969145
depth_optimal,S1,6,0.0,3,8,1024,8192,1.0,0.9995312917117791,1.0,0.0,0.0,0.0,nan,0.0,nan,0.0,nan,0.0,1,1.0,1.0,0.0,8,3,24,101,193,20260920,761,11.99663100001635
depth_optimal,S1,6,0.0,4,8,1024,8192,1.0,0.9995312917117791,1.0,0.0,0.0,0.0,nan,0.0,nan,0.0,nan,0.0,1,1.0,1.0,0.0,8,3,24,101,193,20260920,761,12.04463990003569
depth_optimal,S1,6,0.0,5,8,1024,8192,1.0,0.9995312917117791,1.0,0.0,0.0,0.0,nan,0.0,nan,0.0,nan,0.0,1,1.0,1.0,0.0,8,3,24,101,193,20260920,761,12.475998200010508
depth_optimal,S1,6,0.0,6,8,1024,8192,1.0,0.9995312917117791,1.0,0.0,0.0,0.0,nan,0.0,nan,0.0,nan,0.0,1,1.0,1.0,0.0,8,3,24,101,193,20260920,761,12.714237099979073
depth_optimal,S1,6,0.001,0,8,1024,8192,0.9146728515625,0.9084271454188748,0.92052983650127,0.23681640625,0.23681640625,0.0050048828125,0.0853271484375,nan,0.0511474609375,nan,0.0511474609375,nan,1,0.90966796875,0.9199249267578125,0.008034945254387343,8,3,24,101,193,20260920,761,17.28789089998463
depth_optimal,S1,6,0.001,1,8,1024,8192,0.9154052734375,0.909182804030397,0.9212383350553414,0.2066650390625,0.1846923828125,0.008056640625,nan,0.010986328125,0.0736083984375,nan,0.0736083984375,nan,1,0.908203125,0.9232177734375,0.0115776651856322,8,3,24,101,193,20260920,761,16.392644900013693
depth_optimal,S1,6,0.001,2,8,1024,8192,0.918212890625,0.9120807551655141,0.9239529863883322,0.1658935546875,0.0950927734375,0.001708984375,nan,0.0091552734375,nan,0.0262451171875,nan,0.0262451171875,1,0.9111328125,0.9256591796875,0.011301514889801653,8,3,24,101,193,20260920,761,16.946581800002605
depth_optimal,S1,6,0.001,3,8,1024,8192,0.9171142578125,0.9109465331406299,0.9228909726648264,0.1676025390625,0.0797119140625,0.01904296875,nan,0.000732421875,nan,0.0118408203125,nan,0.0118408203125,1,0.91162109375,0.9227294921875,0.008568307444575854,8,3,24,101,193,20260920,761,17.83560039999429
depth_optimal,S1,6,0.001,4,8,1024,8192,0.918701171875,0.9125849551802774,0.9244248911506314,0.168212890625,-0.08154296875,0.0028076171875,nan,0.0186767578125,nan,0.02001953125,nan,0.02001953125,1,0.909912109375,0.9267578125,0.013109757272169918,8,3,24,101,193,20260920,761,17.824186499987263
depth_optimal,S1,6,0.001,5,8,1024,8192,0.9127197265625,0.9064127013609335,0.9186398614509621,0.177978515625,-0.122802734375,0.0084228515625,nan,0.0018310546875,nan,0.0206298828125,nan,0.0206298828125,1,0.9072265625,0.9183349609375,0.00865531764485928,8,3,24,101,193,20260920,761,17.766284400015138
depth_optimal,S1,6,0.001,6,8,1024,8192,0.918701171875,0.9125849551802774,0.9244248911506314,0.1976318359375,-0.1883544921875,0.004638671875,nan,0.0089111328125,nan,0.010986328125,nan,0.010986328125,1,0.9110107421875,0.924560546875,0.010265525410951484,8,3,24,101,193,20260920,761,17.78017580002779
depth_optimal,S1,6,0.003,0,8,1024,8192,0.778076171875,0.7689485826271796,0.7869430879097914,0.6422119140625,0.6422119140625,0.0150146484375,0.221923828125,nan,0.140380859375,nan,0.140380859375,nan,1,0.7623291015625,0.7950439453125,0.025709228321043793,8,3,24,101,193,20260920,761,16.9666092999978
depth_optimal,S1,6,0.003,1,8,1024,8192,0.7674560546875,0.7581838494637536,0.7764775421721126,0.58935546875,0.5263671875,0.02587890625,nan,0.031494140625,0.2010498046875,nan,0.2010498046875,nan,1,0.756103515625,0.779296875,0.01793442759350058,8,3,24,101,193,20260920,761,17.22025549999671
depth_optimal,S1,6,0.003,2,8,1024,8192,0.7806396484375,0.7715482241486987,0.7894679964678492,0.4515380859375,0.2681884765625,0.0072021484375,nan,0.0260009765625,nan,0.065673828125,nan,0.065673828125,1,0.7663543701171875,0.7965087890625,0.02400004702518034,8,3,24,101,193,20260920,761,16.975398900045548
depth_optimal,S1,6,0.003,3,8,1024,8192,0.771240234375,0.7620186104645389,0.78020759319356,0.4649658203125,0.1932373046875,0.0491943359375,nan,0.0078125,nan,0.0374755859375,nan,0.0374755859375,1,0.7635498046875,0.77978515625,0.012426870871775544,8,3,24,101,193,20260920,761,16.802014700020663
depth_optimal,S1,6,0.003,4,8,1024,8192,0.77197265625,0.7627609424232114,0.7809294184004809,0.4713134765625,-0.2408447265625,0.006103515625,nan,0.0504150390625,nan,0.0582275390625,nan,0.0582275390625,1,0.7591552734375,0.7886993408203125,0.023466546361375386,8,3,24,101,193,20260920,761,16.88352809997741
depth_optimal,S1,6,0.003,5,8,1024,8192,0.778076171875,0.7689485826271796,0.7869430879097914,0.4532470703125,-0.2938232421875,0.0238037109375,nan,0.007568359375,nan,0.04931640625,nan,0.04931640625,1,0.771484375,0.7857666015625,0.011228952246212114,8,3,24,101,193,20260920,761,16.96458430000348
depth_optimal,S1,6,0.003,6,8,1024,8192,0.767822265625,0.7585549101900839,0.776838560028579,0.5657958984375,-0.5301513671875,0.017822265625,nan,0.021240234375,nan,0.0281982421875,nan,0.0281982421875,1,0.7535400390625,0.7828369140625,0.02249881559615154,8,3,24,101,193,20260920,761,16.813528699974995
depth_optimal,S1,6,0.005,0,8,1024,8192,0.65087890625,0.6404877137756437,0.6611286623366022,1.0428466796875,1.0428466796875,0.02685546875,0.34912109375,nan,0.2252197265625,nan,0.2252197265625,nan,1,0.63671875,0.6676025390625,0.023823779243641777,8,3,24,101,193,20260920,761,16.827097999979742
depth_optimal,S1,6,0.005,1,8,1024,8192,0.658447265625,0.6481057991632714,0.6686402009934399,0.87060546875,0.775634765625,0.0357666015625,nan,0.0474853515625,0.2940673828125,nan,0.2940673828125,nan,1,0.6376953125,0.679443359375,0.03271432319015479,8,3,24,101,193,20260920,761,16.863857300020754
depth_optimal,S1,6,0.005,2,8,1024,8192,0.662109375,0.6517930097208212,0.6722737762638572,0.7313232421875,0.4459228515625,0.0130615234375,nan,0.04296875,nan,0.0997314453125,nan,0.0997314453125,1,0.6395263671875,0.6817626953125,0.032451947918247,8,3,24,101,193,20260920,761,16.78940299997339
depth_optimal,S1,6,0.005,3,8,1024,8192,0.6617431640625,0.6514242579033388,0.671910449498543,0.6875,0.275390625,0.066162109375,nan,0.014404296875,nan,0.0589599609375,nan,0.0589599609375,1,0.645751953125,0.6781036376953125,0.024804014662380403,8,3,24,101,193,20260920,761,16.838457999983802
depth_optimal,S1,6,0.005,4,8,1024,8192,0.6728515625,0.6626128032868343,0.6829282877932145,0.685302734375,-0.3359375,0.0146484375,nan,0.0721435546875,nan,0.0850830078125,nan,0.0850830078125,1,0.6528289794921875,0.6900665283203125,0.029334053790339883,8,3,24,101,193,20260920,761,16.306940799986478
depth_optimal,S1,6,0.005,5,8,1024,8192,0.6712646484375,0.6610140477862809,0.6813547027683153,0.6728515625,-0.4423828125,0.036376953125,nan,0.0135498046875,nan,0.070556640625,nan,0.070556640625,1,0.6617431640625,0.681396484375,0.015253835691543873,8,3,24,101,193,20260920,761,16.545266599976458
depth_optimal,S1,6,0.005,6,8,1024,8192,0.64892578125,0.638522222374659,0.6591897346293377,0.91943359375,-0.868896484375,0.0252685546875,nan,0.0352783203125,nan,0.0516357421875,nan,0.0516357421875,1,0.634765625,0.662841796875,0.021911341782659452,8,3,24,101,193,20260920,761,16.6566147999838
depth_optimal,S1,6,0.01,0,8,1024,8192,0.4259033203125,0.41523268126181634,0.43664341881898205,1.7696533203125,1.7696533203125,0.046630859375,0.5740966796875,nan,0.3887939453125,nan,0.3887939453125,nan,1,0.41162109375,0.4395751953125,0.021776858904155923,8,3,24,101,193,20260920,761,18.097932999953628
depth_optimal,S1,6,0.01,1,8,1024,8192,0.4521484375,0.4413956935374333,0.4629460383104628,1.4608154296875,1.3204345703125,0.0567626953125,nan,0.0701904296875,0.4776611328125,nan,0.4776611328125,nan,1,0.4362762451171875,0.469970703125,0.026188319394038095,8,3,24,101,193,20260920,761,18.358013899996877
depth_optimal,S1,6,0.01,2,8,1024,8192,0.448486328125,0.43774321415038536,0.4592777318695436,1.23486328125,0.803955078125,0.0404052734375,nan,0.06591796875,nan,0.1495361328125,nan,0.1495361328125,1,0.428466796875,0.46875,0.031292477756916785,8,3,24,101,193,20260920,761,17.428392999980133
depth_optimal,S1,6,0.01,3,8,1024,8192,0.466552734375,0.4557678111853689,0.47736901158586464,1.0948486328125,0.3577880859375,0.0902099609375,nan,0.03759765625,nan,0.1138916015625,nan,0.1138916015625,1,0.4471435546875,0.48865051269531246,0.03225297382284511,8,3,24,101,193,20260920,761,17.10594769997988
depth_optimal,S1,6,0.01,4,8,1024,8192,0.460205078125,0.44943321798673314,0.4710142426826907,1.12548828125,-0.46923828125,0.0350341796875,nan,0.09814453125,nan,0.135009765625,nan,0.135009765625,1,0.4459228515625,0.4749755859375,0.022510923125937415,8,3,24,101,193,20260920,761,17.012915499974042
depth_optimal,S1,6,0.01,5,8,1024,8192,0.4432373046875,0.43250902256714185,0.45401879709936765,1.263916015625,-0.909423828125,0.054931640625,nan,0.044189453125,nan,0.146728515625,nan,0.146728515625,1,0.431396484375,0.45703125,0.019797553236308305,8,3,24,101,193,20260920,761,16.914954300038517
depth_optimal,S1,6,0.01,6,8,1024,8192,0.470703125,0.4599106101120177,0.4815231032642452,1.3720703125,-1.290771484375,0.0406494140625,nan,0.049072265625,nan,0.087890625,nan,0.087890625,1,0.4498291015625,0.4910888671875,0.03191859408398169,8,3,24,101,193,20260920,761,16.561385400011204
depth_optimal,S1,6,0.02,0,8,1024,8192,0.24658203125,0.2373685854468746,0.25603303525779986,2.5347900390625,2.5347900390625,0.071044921875,0.75341796875,nan,0.56396484375,nan,0.56396484375,nan,1,0.22705078125,0.26318359375,0.02794500001697371,8,3,24,101,193,20260920,761,16.767976699979044
depth_optimal,S1,6,0.02,1,8,1024,8192,0.2572021484375,0.2478523724779806,0.26677952712779857,2.0218505859375,1.8338623046875,0.0810546875,nan,0.093994140625,0.6488037109375,nan,0.6488037109375,nan,1,0.2410888671875,0.2703857421875,0.02247571755074105,8,3,24,101,193,20260920,761,16.82513770001242
depth_optimal,S1,6,0.02,2,8,1024,8192,0.2689208984375,0.25942915879341866,0.27862925546185535,1.6732177734375,1.0924072265625,0.0689697265625,nan,0.0877685546875,nan,0.20263671875,nan,0.20263671875,1,0.2552490234375,0.2825927734375,0.021106518307178697,8,3,24,101,193,20260920,761,16.819713599979877
depth_optimal,S1,6,0.02,3,8,1024,8192,0.2593994140625,0.2500223539834134,0.2690020171191461,1.5968017578125,0.5169677734375,0.11962890625,nan,0.072265625,nan,0.168212890625,nan,0.168212890625,1,0.2443817138671875,0.274169921875,0.022830551977811166,8,3,24,101,193,20260920,761,16.86284430004889
depth_optimal,S1,6,0.02,4,8,1024,8192,0.26318359375,0.2537602699013473,0.2728289132234449,1.5543212890625,-0.5438232421875,0.06884765625,nan,0.1065673828125,nan,0.183349609375,nan,0.183349609375,1,0.2451171875,0.2786865234375,0.02604747889007721,8,3,24,101,193,20260920,761,16.713292900007218
depth_optimal,S1,6,0.02,5,8,1024,8192,0.2672119140625,0.25774033811725416,0.27690170941830183,1.7220458984375,-1.2137451171875,0.079833984375,nan,0.073974609375,nan,0.1861572265625,nan,0.1861572265625,1,0.251220703125,0.28515625,0.026271100030328034,8,3,24,101,193,20260920,761,16.81267920002574
depth_optimal,S1,6,0.02,6,8,1024,8192,0.25439453125,0.2450800737640793,0.2639392233735917,2.0953369140625,-1.9503173828125,0.072509765625,nan,0.0792236328125,nan,0.1611328125,nan,0.1611328125,1,0.2413330078125,0.2685546875,0.020977430191218737,8,3,24,101,193,20260920,761,16.438104400003795
depth_optimal,S1,6,0.03,0,8,1024,8192,0.1756591796875,0.16757145020331407,0.18405095163306365,2.9322509765625,2.9322509765625,0.0916748046875,0.8243408203125,nan,0.6494140625,nan,0.6494140625,nan,1,0.166015625,0.1845703125,0.014460640503469324,8,3,24,101,193,20260920,761,16.84751559997676
depth_optimal,S1,6,0.03,1,8,1024,8192,0.1678466796875,0.15990973153645843,0.17609499386692273,2.4285888671875,2.2012939453125,0.0999755859375,nan,0.1136474609375,0.718505859375,nan,0.718505859375,nan,1,0.1614990234375,0.173583984375,0.009460027307340196,8,3,24,101,193,20260920,761,17.15642250003293
depth_optimal,S1,6,0.03,2,8,1024,8192,0.1820068359375,0.17380102304764378,0.19051074089054365,1.9700927734375,1.3031005859375,0.0960693359375,nan,0.10205078125,nan,0.2314453125,nan,0.2314453125,1,0.167236328125,0.197265625,0.023191707236739124,8,3,24,101,193,20260920,761,16.991487099963706
depth_optimal,S1,6,0.03,3,8,1024,8192,0.203857421875,0.1952732439575493,0.21271920875417533,1.7412109375,0.43310546875,0.112548828125,nan,0.100830078125,nan,0.20947265625,nan,0.20947265625,1,0.19140625,0.21728515625,0.020025485014072145,8,3,24,101,193,20260920,761,16.34550140000647
depth_optimal,S1,6,0.03,4,8,1024,8192,0.1904296875,0.18207301883631674,0.19907655250619508,1.78173828125,-0.540283203125,0.0972900390625,nan,0.1173095703125,nan,0.21533203125,nan,0.21533203125,1,0.1794403076171875,0.199462890625,0.015598820143576622,8,3,24,101,193,20260920,761,16.35806480003521
depth_optimal,S1,6,0.03,5,8,1024,8192,0.18603515625,0.17775638320244583,0.1946082451465054,1.9775390625,-1.37255859375,0.10205078125,nan,0.0908203125,nan,0.20947265625,nan,0.20947265625,1,0.1734619140625,0.2008056640625,0.02102932249114041,8,3,24,101,193,20260920,761,16.944983199995477
depth_optimal,S1,6,0.03,6,8,1024,8192,0.1683349609375,0.16038840728882095,0.1765924228916225,2.4544677734375,-2.2857666015625,0.0843505859375,nan,0.0992431640625,nan,0.1986083984375,nan,0.1986083984375,1,0.1605224609375,0.1768798828125,0.012635477771161271,8,3,24,101,193,20260920,761,16.957370599964634
depth_optimal,S1,6,0.05,0,8,1024,8192,0.13330078125,0.1261119362508921,0.14083337617533245,3.3443603515625,3.3443603515625,0.115234375,0.86669921875,nan,0.7310791015625,nan,0.7310791015625,nan,1,0.12890625,0.1376953125,0.006885581852261756,8,3,24,101,193,20260920,761,16.666872899979353
depth_optimal,S1,6,0.05,1,8,1024,8192,0.1334228515625,0.1262311013317213,0.1409582372887688,2.6337890625,2.40771484375,0.11279296875,nan,0.113037109375,0.7535400390625,nan,0.7535400390625,nan,1,0.128173828125,0.13818359375,0.00767061270972301,8,3,24,101,193,20260920,761,17.059279999986757
depth_optimal,S1,6,0.05,2,8,1024,8192,0.141357421875,0.13398112133910248,0.1490699199086498,2.1697998046875,1.4598388671875,0.116455078125,nan,0.1165771484375,nan,0.2384033203125,nan,0.2384033203125,1,0.133544921875,0.1492919921875,0.012082230340636007,8,3,24,101,193,20260920,761,16.71187869994901
depth_optimal,S1,6,0.05,3,8,1024,8192,0.144775390625,0.13732210641579,0.15256166827139822,1.90966796875,0.515380859375,0.12109375,nan,0.1072998046875,nan,0.229736328125,nan,0.229736328125,1,0.1370849609375,0.1524658203125,0.011785408445411105,8,3,24,101,193,20260920,761,17.161514799983706
depth_optimal,S1,6,0.05,4,8,1024,8192,0.1484375,0.14090334102649707,0.1563012194886583,1.911376953125,-0.54150390625,0.1099853515625,nan,0.11572265625,nan,0.236572265625,nan,0.236572265625,1,0.141357421875,0.155517578125,0.010824310681512737,8,3,24,101,193,20260920,761,16.871027799963485
depth_optimal,S1,6,0.05,5,8,1024,8192,0.1361083984375,0.12885324729643882,0.14370466759789385,2.1761474609375,-1.4874267578125,0.1138916015625,nan,0.1187744140625,nan,0.2391357421875,nan,0.2391357421875,1,0.12744140625,0.14599609375,0.014587274654579742,8,3,24,101,193,20260920,761,17.02553959999932
depth_optimal,S1,6,0.05,6,8,1024,8192,0.130126953125,0.12301437118002646,0.13758626019529321,2.664794921875,-2.446533203125,0.109130859375,nan,0.112060546875,nan,0.23095703125,nan,0.23095703125,1,0.1234130859375,0.1363525390625,0.010023791757254404,8,3,24,101,193,20260920,761,16.630300399963744
depth_optimal,S2,2,0.0,0,8,1024,8192,0.89306640625,0.8861892644922852,0.8995750810428537,0.17822265625,0.17822265625,0.0174560546875,0.10693359375,nan,0.0538330078125,nan,0.10693359375,nan,0,0.8851318359375,0.9012451171875,0.012484295380132307,8,2,8,37,28,20260920,761,2.1421762999962084
depth_optimal,S2,2,0.0,1,8,1024,8192,0.8931884765625,0.8863146375686832,0.8996937341607212,0.1441650390625,0.0709228515625,0.037353515625,nan,0.03662109375,0.0701904296875,nan,nan,0.03662109375,0,0.8843994140625,0.901611328125,0.013194569050926308,8,2,8,37,28,20260920,761,2.0991007999982685
depth_optimal,S2,2,0.0,2,8,1024,8192,0.8963623046875,0.8895753089619628,0.9027777438183465,0.1427001953125,-0.1087646484375,0.0169677734375,nan,0.0390625,nan,0.086669921875,nan,0.0390625,0,0.89111328125,0.9017333984375,0.008227627031309605,8,2,8,37,28,20260920,761,2.1530168000026606
depth_optimal,S2,2,0.001,0,8,1024,8192,0.8851318359375,0.878045687300104,0.8918569556077726,0.190185546875,0.190185546875,0.018798828125,0.1148681640625,nan,0.0565185546875,nan,0.1148681640625,nan,0,0.8790283203125,0.891845703125,0.009848110072435938,8,2,8,37,28,20260920,761,2.742312799964566
depth_optimal,S2,2,0.001,1,8,1024,8192,0.8824462890625,0.875291826508295,0.8892422401257392,0.1572265625,0.0771484375,0.0396728515625,nan,0.0400390625,0.0775146484375,nan,nan,0.0400390625,0,0.875,0.889892578125,0.01163635351092344,8,2,8,37,28,20260920,761,2.3250447000027634
depth_optimal,S2,2,0.001,2,8,1024,8192,0.88525390625,0.8781708910834907,0.8919757780186517,0.1558837890625,-0.1204833984375,0.0177001953125,nan,0.0411376953125,nan,0.0970458984375,nan,0.0411376953125,0,0.8782958984375,0.892333984375,0.010836889780099583,8,2,8,37,28,20260920,761,2.3112983000464737
depth_optimal,S2,2,0.003,0,8,1024,8192,0.8612060546875,0.8535498691169706,0.868523639714854,0.2208251953125,0.2208251953125,0.020263671875,0.1387939453125,nan,0.061767578125,nan,0.1387939453125,nan,0,0.85693359375,0.8656005859375,0.00675448725670089,8,2,8,37,28,20260920,761,2.74482960003661
depth_optimal,S2,2,0.003,1,8,1024,8192,0.8631591796875,0.8555464747949083,0.8704314531451657,0.181640625,0.089599609375,0.0447998046875,nan,0.0460205078125,0.0908203125,nan,nan,0.0460205078125,0,0.856201171875,0.869140625,0.010100798085149585,8,2,8,37,28,20260920,761,2.357266199949663
depth_optimal,S2,2,0.003,2,8,1024,8192,0.866455078125,0.8589169036465826,0.8736497315386617,0.177490234375,-0.140380859375,0.0185546875,nan,0.0439453125,nan,0.114990234375,nan,0.0439453125,0,0.8565673828125,0.875732421875,0.014752698157378265,8,2,8,37,28,20260920,761,2.297286599990912
depth_optimal,S2,2,0.005,0,8,1024,8192,0.84033203125,0.8322406825956189,0.8481043470167932,0.2529296875,0.2529296875,0.023193359375,0.15966796875,nan,0.070068359375,nan,0.15966796875,nan,0,0.8331268310546875,0.84814453125,0.011601910092796758,8,2,8,37,28,20260920,761,2.7344342000433244
depth_optimal,S2,2,0.005,1,8,1024,8192,0.8441162109375,0.8360999515913523,0.8518098900432924,0.2008056640625,0.0880126953125,0.044921875,nan,0.056396484375,0.0994873046875,nan,nan,0.056396484375,0,0.8360595703125,0.852294921875,0.012340923075296138,8,2,8,37,28,20260920,761,2.3631117999902926
depth_optimal,S2,2,0.005,2,8,1024,8192,0.8463134765625,0.838341558789033,0.8539607543423919,0.2032470703125,-0.1619873046875,0.0206298828125,nan,0.049560546875,nan,0.133056640625,nan,0.049560546875,0,0.83544921875,0.85693359375,0.016531145796523372,8,2,8,37,28,20260920,761,2.294681600003969
depth_optimal,S2,2,0.01,0,8,1024,8192,0.7939453125,0.7850498067514805,0.8025652690400146,0.31640625,0.31640625,0.025634765625,0.2060546875,nan,0.084716796875,nan,0.2060546875,nan,0,0.7843017578125,0.804443359375,0.015449629687396348,8,2,8,37,28,20260920,761,2.7484948999481276
depth_optimal,S2,2,0.01,1,8,1024,8192,0.7978515625,0.7890162772357682,0.8064076367722252,0.2607421875,0.111328125,0.05859375,nan,0.07470703125,0.12744140625,nan,nan,0.07470703125,0,0.7896728515625,0.80615234375,0.012636151645339566,8,2,8,37,28,20260920,761,2.3344798000180162
depth_optimal,S2,2,0.01,2,8,1024,8192,0.7935791015625,0.7846780144911055,0.8022049827175929,0.2684326171875,-0.2152099609375,0.026611328125,nan,0.06201171875,nan,0.1798095703125,nan,0.06201171875,0,0.7838134765625,0.802734375,0.014568583496548743,8,2,8,37,28,20260920,761,2.3107560999924317
depth_optimal,S2,2,0.02,0,8,1024,8192,0.7142333984375,0.704351608104663,0.7239143628314142,0.444580078125,0.444580078125,0.03857421875,0.2857666015625,nan,0.1202392578125,nan,0.2857666015625,nan,0,0.7088623046875,0.719482421875,0.008252427771905102,8,2,8,37,28,20260920,761,2.770235900010448
depth_optimal,S2,2,0.02,1,8,1024,8192,0.7120361328125,0.7021329676749886,0.7217405317643084,0.365966796875,0.152587890625,0.0780029296875,nan,0.106689453125,0.1812744140625,nan,nan,0.106689453125,0,0.70703125,0.71728515625,0.008060338876571864,8,2,8,37,28,20260920,761,2.3253955999971367
depth_optimal,S2,2,0.02,2,8,1024,8192,0.7056884765625,0.6957251353183117,0.7154590020191754,0.3846435546875,-0.3087158203125,0.0379638671875,nan,0.09033203125,nan,0.25634765625,nan,0.09033203125,0,0.69873046875,0.7135009765625,0.011315821087134876,8,2,8,37,28,20260920,761,2.31681980000576
depth_optimal,S2,2,0.03,0,8,1024,8192,0.6329345703125,0.6224368361497441,0.6433076894054628,0.5738525390625,0.5738525390625,0.052734375,0.3670654296875,nan,0.154052734375,nan,0.3670654296875,nan,0,0.6243896484375,0.640625,0.012390501807549968,8,2,8,37,28,20260920,761,2.7642613999778405
depth_optimal,S2,2,0.03,1,8,1024,8192,0.647216796875,0.6368025730950393,0.6574930171892395,0.4515380859375,0.1971435546875,0.0987548828125,nan,0.127197265625,0.2255859375,nan,nan,0.127197265625,0,0.64111328125,0.653564453125,0.009607395584096618,8,2,8,37,28,20260920,761,2.353052899998147
depth_optimal,S2,2,0.03,2,8,1024,8192,0.6317138671875,0.6212094560232605,0.6420948075892906,0.4774169921875,-0.3758544921875,0.05078125,nan,0.109130859375,nan,0.3175048828125,nan,0.109130859375,0,0.6246337890625,0.639404296875,0.011381846860008472,8,2,8,37,28,20260920,761,2.3450076999724843
depth_optimal,S2,2,0.05,0,8,1024,8192,0.5179443359375,0.5071180595414982,0.5287537910155408,0.7822265625,0.7822265625,0.080078125,0.4820556640625,nan,0.2200927734375,nan,0.4820556640625,nan,0,0.51171875,0.5252685546875,0.01036047538924855,8,2,8,37,28,20260920,761,2.7293582999845967
depth_optimal,S2,2,0.05,1,8,1024,8192,0.5390625,0.5282524249998932,0.5498359571650895,0.5831298828125,0.2386474609375,0.1221923828125,nan,0.1722412109375,0.2886962890625,nan,nan,0.1722412109375,0,0.53125,0.5478515625,0.012881744099875898,8,2,8,37,28,20260920,761,2.344796999997925
depth_optimal,S2,2,0.05,2,8,1024,8192,0.51611328125,0.5052865128291224,0.526924944813933,0.6297607421875,-0.4754638671875,0.0771484375,nan,0.1458740234375,nan,0.40673828125,nan,0.1458740234375,0,0.505859375,0.5247802734375,0.014587858367377022,8,2,8,37,28,20260920,761,2.3036344000138342
depth_optimal,S2,4,0.0,0,8,1024,8192,0.7108154296875,0.7009005113194051,0.7205327261772361,0.9527587890625,0.9527587890625,0.0743408203125,0.2891845703125,nan,0.2015380859375,nan,0.2015380859375,nan,1,0.697509765625,0.723876953125,0.020300406744128325,8,3,16,75,102,20260920,761,6.074690700042993
depth_optimal,S2,4,0.0,1,8,1024,8192,0.705078125,0.6951091196390833,0.7148548867270761,0.8272705078125,0.7349853515625,0.126708984375,nan,0.046142578125,0.248779296875,nan,0.248779296875,nan,1,0.6929901123046875,0.717529296875,0.01917930675902277,8,3,16,75,102,20260920,761,5.944705299974885
depth_optimal,S2,4,0.0,2,8,1024,8192,0.703125,0.693138012081133,0.7129215751767772,0.6605224609375,0.3824462890625,0.0941162109375,nan,0.038818359375,nan,0.1002197265625,nan,0.1002197265625,1,0.6893310546875,0.7158203125,0.020337703285872682,8,3,16,75,102,20260920,761,5.899886499973945
depth_optimal,S2,4,0.0,3,8,1024,8192,0.6920166015625,0.6819314168724819,0.7019217867072614,0.673583984375,0.254638671875,0.1259765625,nan,0.011962890625,nan,0.0614013671875,nan,0.0614013671875,1,0.6746826171875,0.7103302001953125,0.028085723579027114,8,3,16,75,102,20260920,761,5.809719200013205
depth_optimal,S2,4,0.0,4,8,1024,8192,0.695556640625,0.6855020029490358,0.705427960264409,0.647216796875,-0.37646484375,0.0787353515625,nan,0.0694580078125,nan,0.0819091796875,nan,0.0819091796875,1,0.6824951171875,0.7100830078125,0.021310873595220402,8,3,16,75,102,20260920,761,5.960542299959343
depth_optimal,S2,4,0.001,0,8,1024,8192,0.6839599609375,0.6738078134710139,0.6939396612872017,1.027099609375,1.027099609375,0.0802001953125,0.3160400390625,nan,0.2139892578125,nan,0.2139892578125,nan,1,0.6724853515625,0.695556640625,0.018142129104647752,8,3,16,75,102,20260920,761,8.758114800031763
depth_optimal,S2,4,0.001,1,8,1024,8192,0.675048828125,0.6648266826132059,0.6851068799636231,0.8714599609375,0.7689208984375,0.127197265625,nan,0.05126953125,0.273681640625,nan,0.273681640625,nan,1,0.6595458984375,0.6890869140625,0.022835399980997307,8,3,16,75,102,20260920,761,6.887668000010308
depth_optimal,S2,4,0.001,2,8,1024,8192,0.6798095703125,0.6696242950222837,0.6898262891309024,0.7161865234375,0.4039306640625,0.100830078125,nan,0.046142578125,nan,0.1099853515625,nan,0.1099853515625,1,0.66796875,0.690673828125,0.01770506542837481,8,3,16,75,102,20260920,761,6.671220499963965
depth_optimal,S2,4,0.001,3,8,1024,8192,0.6614990234375,0.6511784271644175,0.6716682278489329,0.722412109375,0.244873046875,0.1302490234375,nan,0.0145263671875,nan,0.0667724609375,nan,0.0667724609375,1,0.645751953125,0.6787109375,0.025699621666609218,8,3,16,75,102,20260920,761,7.028795999998692
depth_optimal,S2,4,0.001,4,8,1024,8192,0.6705322265625,0.6602762049849901,0.6806283884040126,0.69775390625,-0.3828125,0.08544921875,nan,0.0709228515625,nan,0.0850830078125,nan,0.0850830078125,1,0.6580810546875,0.6842041015625,0.020175868358484686,8,3,16,75,102,20260920,761,6.9494429000187665
depth_optimal,S2,4,0.003,0,8,1024,8192,0.6346435546875,0.6241552892927865,0.6450056029821384,1.157470703125,1.157470703125,0.088623046875,0.3653564453125,nan,0.250244140625,nan,0.250244140625,nan,1,0.621337890625,0.6475830078125,0.02026009979541943,8,3,16,75,102,20260920,761,8.671464899962302
depth_optimal,S2,4,0.003,1,8,1024,8192,0.6253662109375,0.6148282340180999,0.6357866674926416,1.009765625,0.8837890625,0.1441650390625,nan,0.06298828125,0.3116455078125,nan,0.3116455078125,nan,1,0.610595703125,0.6400146484375,0.022560420578666394,8,3,16,75,102,20260920,761,7.026237400015816
depth_optimal,S2,4,0.003,2,8,1024,8192,0.615478515625,0.6048920757145395,0.6259567040606906,0.85693359375,0.482421875,0.121337890625,nan,0.0556640625,nan,0.131591796875,nan,0.131591796875,1,0.604736328125,0.6263427734375,0.01683179703913653,8,3,16,75,102,20260920,761,6.810103700030595
depth_optimal,S2,4,0.003,3,8,1024,8192,0.6246337890625,0.6140920632363867,0.6350586811087613,0.7906494140625,0.2791748046875,0.146240234375,nan,0.01416015625,nan,0.06982421875,nan,0.06982421875,1,0.6077880859375,0.640625,0.02554009010405734,8,3,16,75,102,20260920,761,6.9157833000062965
depth_optimal,S2,4,0.003,4,8,1024,8192,0.6119384765625,0.6013358060143245,0.6224362141272043,0.80908203125,-0.4326171875,0.100830078125,nan,0.0782470703125,nan,0.0953369140625,nan,0.0953369140625,1,0.5893524169921875,0.6322021484375,0.03275256229473453,8,3,16,75,102,20260920,761,6.971500699990429
depth_optimal,S2,4,0.005,0,8,1024,8192,0.57861328125,0.5678861684193018,0.589266700687726,1.3233642578125,1.3233642578125,0.1019287109375,0.42138671875,nan,0.2791748046875,nan,0.2791748046875,nan,1,0.5594482421875,0.5970458984375,0.0292875729280081,8,3,16,75,102,20260920,761,8.680131300003268
depth_optimal,S2,4,0.005,1,8,1024,8192,0.5665283203125,0.5557685064610391,0.5772257694136971,1.1455078125,1.0107421875,0.16259765625,nan,0.0673828125,0.3660888671875,nan,0.3660888671875,nan,1,0.5533447265625,0.5855712890625,0.025548090341306177,8,3,16,75,102,20260920,761,7.011902600002941
depth_optimal,S2,4,0.005,2,8,1024,8192,0.5889892578125,0.5782954555460249,0.5995996400735764,0.893798828125,0.48388671875,0.1256103515625,nan,0.056640625,nan,0.1483154296875,nan,0.1483154296875,1,0.5704345703125,0.6074249267578125,0.02873075374133319,8,3,16,75,102,20260920,761,6.992349500011187
depth_optimal,S2,4,0.005,3,8,1024,8192,0.578369140625,0.5676413024662915,0.589023514252205,0.874755859375,0.25341796875,0.150146484375,nan,0.0218505859375,nan,0.0875244140625,nan,0.0875244140625,1,0.5528564453125,0.6055938720703125,0.04130607063913016,8,3,16,75,102,20260920,761,6.694018200039864
depth_optimal,S2,4,0.005,4,8,1024,8192,0.554443359375,0.5436573378639514,0.5651783447784932,0.9547119140625,-0.5374755859375,0.10888671875,nan,0.0948486328125,nan,0.1153564453125,nan,0.1153564453125,1,0.5379638671875,0.5704345703125,0.02531942928675698,8,3,16,75,102,20260920,761,6.952078600006644
depth_optimal,S2,4,0.01,0,8,1024,8192,0.47607421875,0.4652729915618459,0.4868978743621022,1.674560546875,1.674560546875,0.138427734375,0.52392578125,nan,0.35986328125,nan,0.35986328125,nan,1,0.4600799560546875,0.4931640625,0.025476331994784534,8,3,16,75,102,20260920,761,8.574735899979714
depth_optimal,S2,4,0.01,1,8,1024,8192,0.4835205078125,0.47270927431760507,0.4943471894565428,1.3961181640625,1.2322998046875,0.19580078125,nan,0.0819091796875,0.4345703125,nan,0.4345703125,nan,1,0.4602020263671875,0.509765625,0.03782728066191174,8,3,16,75,102,20260920,761,6.6258094000513665
depth_optimal,S2,4,0.01,2,8,1024,8192,0.4903564453125,0.47953814205882833,0.5011837885941915,1.1199951171875,0.6053466796875,0.1573486328125,nan,0.0736083984375,nan,0.1837158203125,nan,0.1837158203125,1,0.4645965576171875,0.515625,0.03991957856511434,8,3,16,75,102,20260920,761,6.673282900010236
depth_optimal,S2,4,0.01,3,8,1024,8192,0.4996337890625,0.48880912772023555,0.5104587936969678,1.0458984375,0.282958984375,0.1834716796875,nan,0.02880859375,nan,0.105712890625,nan,0.105712890625,1,0.4876708984375,0.510986328125,0.017708912473980185,8,3,16,75,102,20260920,761,6.6179255999741144
depth_optimal,S2,4,0.01,4,8,1024,8192,0.47607421875,0.4652729915618459,0.4868978743621022,1.10546875,-0.580078125,0.1343994140625,nan,0.099365234375,nan,0.1309814453125,nan,0.1309814453125,1,0.4578857421875,0.49804992675781246,0.03151481684768421,8,3,16,75,102,20260920,761,6.555596000049263
depth_optimal,S2,4,0.02,0,8,1024,8192,0.3319091796875,0.32179286104561483,0.3421830694506938,2.235107421875,2.235107421875,0.198974609375,0.6680908203125,nan,0.4893798828125,nan,0.4893798828125,nan,1,0.3203125,0.3509521484375,0.02577108868256087,8,3,16,75,102,20260920,761,8.626763899985235
depth_optimal,S2,4,0.02,1,8,1024,8192,0.3648681640625,0.35450930482538473,0.37535369812262814,1.7386474609375,1.5452880859375,0.238037109375,nan,0.0966796875,0.5384521484375,nan,0.5384521484375,nan,1,0.3380126953125,0.39013671875,0.04008136070147631,8,3,16,75,102,20260920,761,6.684472699998878
depth_optimal,S2,4,0.02,2,8,1024,8192,0.3499755859375,0.33971959513791156,0.36037221210970166,1.474609375,0.858642578125,0.21923828125,nan,0.08740234375,nan,0.2205810546875,nan,0.2205810546875,1,0.3287353515625,0.37353515625,0.0355222511940758,8,3,16,75,102,20260920,761,6.771298600011505
depth_optimal,S2,4,0.02,3,8,1024,8192,0.344970703125,0.33475174975227623,0.3553349835304485,1.3807373046875,0.3018798828125,0.237060546875,nan,0.0567626953125,nan,0.1607666015625,nan,0.1607666015625,1,0.32666015625,0.36376953125,0.028618208871466464,8,3,16,75,102,20260920,761,6.800394299963955
depth_optimal,S2,4,0.02,4,8,1024,8192,0.337646484375,0.32748400970102004,0.34796115192577043,1.408447265625,-0.62646484375,0.195068359375,nan,0.1080322265625,nan,0.1595458984375,nan,0.1595458984375,1,0.31591796875,0.3604736328125,0.03498435001424728,8,3,16,75,102,20260920,761,6.67502309998963
depth_optimal,S2,4,0.03,0,8,1024,8192,0.2391357421875,0.23002240926252457,0.24849361359195007,2.6033935546875,2.6033935546875,0.2452392578125,0.7608642578125,nan,0.5684814453125,nan,0.5684814453125,nan,1,0.2310791015625,0.24755859375,0.013002146072149593,8,3,16,75,102,20260920,761,8.783878799993545
depth_optimal,S2,4,0.03,1,8,1024,8192,0.2740478515625,0.2644967038209043,0.28381081059352364,2.05517578125,1.830810546875,0.2777099609375,nan,0.1121826171875,0.61376953125,nan,0.61376953125,nan,1,0.2563446044921875,0.294189453125,0.030031423460197305,8,3,16,75,102,20260920,761,6.761952399974689
depth_optimal,S2,4,0.03,2,8,1024,8192,0.2822265625,0.27258395033671967,0.29207331909350154,1.6505126953125,0.9678955078125,0.248291015625,nan,0.1009521484375,nan,0.2403564453125,nan,0.2403564453125,1,0.2655029296875,0.300537109375,0.026992724533369636,8,3,16,75,102,20260920,761,6.773628199996892
depth_optimal,S2,4,0.03,3,8,1024,8192,0.2918701171875,0.2821247500907505,0.3018105886864509,1.50732421875,0.327392578125,0.2606201171875,nan,0.066650390625,nan,0.177490234375,nan,0.177490234375,1,0.27197265625,0.3123779296875,0.03111209413160478,8,3,16,75,102,20260920,761,6.806031699990854
depth_optimal,S2,4,0.03,4,8,1024,8192,0.252197265625,0.2429108084150216,0.2617160172258692,1.6033935546875,-0.6646728515625,0.231201171875,nan,0.11083984375,nan,0.181640625,nan,0.181640625,1,0.2338836669921875,0.27197265625,0.02944877843957923,8,3,16,75,102,20260920,761,6.699237499968149
depth_optimal,S2,4,0.05,0,8,1024,8192,0.1680908203125,0.16014906633110057,0.1763437114608117,2.984130859375,2.984130859375,0.292236328125,0.8319091796875,nan,0.6614990234375,nan,0.6614990234375,nan,1,0.1611328125,0.17578125,0.011583547398731442,8,3,16,75,102,20260920,761,8.77535099996021
depth_optimal,S2,4,0.05,1,8,1024,8192,0.1842041015625,0.1759583053422286,0.19274593009273908,2.39697265625,2.17041015625,0.3214111328125,nan,0.11328125,0.7025146484375,nan,0.7025146484375,nan,1,0.17236328125,0.1998291015625,0.021407746231883563,8,3,16,75,102,20260920,761,6.784973400004674
depth_optimal,S2,4,0.05,2,8,1024,8192,0.19140625,0.18303250711775967,0.2000692737788767,1.9482421875,1.222412109375,0.305908203125,nan,0.1103515625,nan,0.2525634765625,nan,0.2525634765625,1,0.1815185546875,0.203125,0.01629091582253906,8,3,16,75,102,20260920,761,7.0568722000462
depth_optimal,S2,4,0.05,3,8,1024,8192,0.191650390625,0.18327239244147286,0.20031744084369463,1.74560546875,0.370849609375,0.3067626953125,nan,0.091552734375,nan,0.2088623046875,nan,0.2088623046875,1,0.17529296875,0.20935363769531246,0.026296045310817372,8,3,16,75,102,20260920,761,6.739499100018293
depth_optimal,S2,4,0.05,4,8,1024,8192,0.1712646484375,0.16326097565026793,0.1795764831925492,1.824951171875,-0.6875,0.2794189453125,nan,0.1170654296875,nan,0.2218017578125,nan,0.2218017578125,1,0.158935546875,0.182861328125,0.01823949197042549,8,3,16,75,102,20260920,761,7.004649800015613
depth_optimal,S2,6,0.0,0,8,1024,8192,0.5740966796875,0.563356581181018,0.5847673187381837,1.4569091796875,1.4569091796875,0.0477294921875,0.4259033203125,nan,0.3116455078125,nan,0.3116455078125,nan,1,0.5634765625,0.5843505859375,0.016261095723294296,8,3,24,101,193,20260920,761,16.27160019997973
depth_optimal,S2,6,0.0,1,8,1024,8192,0.556396484375,0.5456142610700849,0.567125840680609,1.22021484375,1.08740234375,0.05712890625,nan,0.06640625,0.377197265625,nan,0.377197265625,nan,1,0.5443115234375,0.5667724609375,0.01759168313930842,8,3,24,101,193,20260920,761,16.209874399995897
depth_optimal,S2,6,0.0,2,8,1024,8192,0.5643310546875,0.5535659946813644,0.5750358096965916,1.001220703125,0.625244140625,0.02685546875,nan,0.057373046875,nan,0.130615234375,nan,0.130615234375,1,0.5516357421875,0.576171875,0.019082723070375,8,3,24,101,193,20260920,761,15.80929579999065
depth_optimal,S2,6,0.0,3,8,1024,8192,0.5462646484375,0.5354645450626815,0.5570213825639699,0.9688720703125,0.3472900390625,0.095458984375,nan,0.0260009765625,nan,0.0941162109375,nan,0.0941162109375,1,0.5289306640625,0.5650634765625,0.02793494298003705,8,3,24,101,193,20260920,761,16.012631699966732
depth_optimal,S2,6,0.0,4,8,1024,8192,0.5450439453125,0.5342419920202002,0.5558036736637955,0.9864501953125,-0.4471435546875,0.027587890625,nan,0.098876953125,nan,0.1226806640625,nan,0.1226806640625,1,0.5352783203125,0.5543243408203125,0.014694287433335423,8,3,24,101,193,20260920,761,16.351197900017723
depth_optimal,S2,6,0.0,5,8,1024,8192,0.543212890625,0.532408284849938,0.5539769879200741,1.0499267578125,-0.7254638671875,0.05126953125,nan,0.02783203125,nan,0.130859375,nan,0.130859375,1,0.5242919921875,0.5636016845703125,0.029998799254592756,8,3,24,101,193,20260920,761,15.63291800004663
depth_optimal,S2,6,0.0,6,8,1024,8192,0.5289306640625,0.5181103952287364,0.539723812812204,1.3125,-1.221923828125,0.0452880859375,nan,0.0528564453125,nan,0.082763671875,nan,0.082763671875,1,0.5147705078125,0.5435791015625,0.022041141411379948,8,3,24,101,193,20260920,761,16.30548630002886
depth_optimal,S2,6,0.001,0,8,1024,8192,0.5247802734375,0.5139571190019513,0.5355801984339595,1.6300048828125,1.6300048828125,0.0523681640625,0.4752197265625,nan,0.34716796875,nan,0.34716796875,nan,1,0.5172088623046875,0.533203125,0.012373997635312724,8,3,24,101,193,20260920,761,23.368656300008297
depth_optimal,S2,6,0.001,1,8,1024,8192,0.515625,0.5047981249193966,0.5264372279465964,1.3603515625,1.22705078125,0.0601806640625,nan,0.066650390625,0.417724609375,nan,0.417724609375,nan,1,0.5001220703125,0.5306396484375,0.02358815050038934,8,3,24,101,193,20260920,761,18.797409699996933
depth_optimal,S2,6,0.001,2,8,1024,8192,0.518310546875,0.5074843863283846,0.5291195428114511,1.0875244140625,0.6673583984375,0.02880859375,nan,0.0679931640625,nan,0.14208984375,nan,0.14208984375,1,0.5052490234375,0.5325927734375,0.021169761668873566,8,3,24,101,193,20260920,761,18.487024699978065
depth_optimal,S2,6,0.001,3,8,1024,8192,0.515625,0.5047981249193966,0.5264372279465964,1.0384521484375,0.3865966796875,0.1005859375,nan,0.02685546875,nan,0.0992431640625,nan,0.0992431640625,1,0.50341796875,0.527587890625,0.01870460464519461,8,3,24,101,193,20260920,761,18.618338700034656
depth_optimal,S2,6,0.001,4,8,1024,8192,0.510498046875,0.49967067559582456,0.5213155771110146,1.0811767578125,-0.4954833984375,0.03076171875,nan,0.1097412109375,nan,0.1392822265625,nan,0.1392822265625,1,0.4937744140625,0.5267333984375,0.025735710845907107,8,3,24,101,193,20260920,761,18.125941600010265
depth_optimal,S2,6,0.001,5,8,1024,8192,0.4996337890625,0.48880912772023555,0.5104587936969678,1.1488037109375,-0.7833251953125,0.0601806640625,nan,0.0328369140625,nan,0.13525390625,nan,0.13525390625,1,0.4840087890625,0.5162353515625,0.02496279263782296,8,3,24,101,193,20260920,761,18.541371700004674
depth_optimal,S2,6,0.001,6,8,1024,8192,0.502685546875,0.49185960831534936,0.5135089679584931,1.3939208984375,-1.3026123046875,0.045654296875,nan,0.0604248046875,nan,0.090087890625,nan,0.090087890625,1,0.4837646484375,0.5260009765625,0.03290533311016983,8,3,24,101,193,20260920,761,17.964924400032032
depth_optimal,S2,6,0.003,0,8,1024,8192,0.4476318359375,0.4368910537740207,0.4584217088860493,1.8896484375,1.8896484375,0.058349609375,0.5523681640625,nan,0.4053955078125,nan,0.4053955078125,nan,1,0.43603515625,0.460205078125,0.018638479005795613,8,3,24,101,193,20260920,761,23.261136799992528
depth_optimal,S2,6,0.003,1,8,1024,8192,0.457763671875,0.44699730448790537,0.468569632296207,1.450439453125,1.289306640625,0.0650634765625,nan,0.08056640625,0.461669921875,nan,0.461669921875,nan,1,0.447998046875,0.4674072265625,0.014844759569756352,8,3,24,101,193,20260920,761,18.93246649997309
depth_optimal,S2,6,0.003,2,8,1024,8192,0.442138671875,0.43141364782536973,0.45291793609274955,1.279296875,0.8037109375,0.0390625,nan,0.073486328125,nan,0.164306640625,nan,0.164306640625,1,0.4293212890625,0.4559326171875,0.020694634272207742,8,3,24,101,193,20260920,761,18.839138499984983
depth_optimal,S2,6,0.003,3,8,1024,8192,0.45556640625,0.44480520527037143,0.4663692600169607,1.1661376953125,0.3951416015625,0.10546875,nan,0.0386962890625,nan,0.118896484375,nan,0.118896484375,1,0.44140625,0.4697265625,0.021742814504138692,8,3,24,101,193,20260920,761,18.458464199968148
depth_optimal,S2,6,0.003,4,8,1024,8192,0.454345703125,0.443587463722936,0.46514673962174047,1.1619873046875,-0.4815673828125,0.0367431640625,nan,0.102783203125,nan,0.1427001953125,nan,0.1427001953125,1,0.4429901123046875,0.4654541015625,0.01760716537169059,8,3,24,101,193,20260920,761,18.834478300006595
depth_optimal,S2,6,0.003,5,8,1024,8192,0.4344482421875,0.4237475195421493,0.44521041413723905,1.3055419921875,-0.9051513671875,0.0655517578125,nan,0.0399169921875,nan,0.150146484375,nan,0.150146484375,1,0.418212890625,0.451904296875,0.025802788262920606,8,3,24,101,193,20260920,761,18.93265790003352
depth_optimal,S2,6,0.003,6,8,1024,8192,0.4195556640625,0.40890948646004255,0.43027725151894614,1.6024169921875,-1.4996337890625,0.0513916015625,nan,0.0667724609375,nan,0.107177734375,nan,0.107177734375,1,0.402099609375,0.4354248046875,0.02573670341049262,8,3,24,101,193,20260920,761,19.15486549999332
depth_optimal,S2,6,0.005,0,8,1024,8192,0.384765625,0.3742860694790424,0.3953532031342585,2.0811767578125,2.0811767578125,0.0595703125,0.615234375,nan,0.45361328125,nan,0.45361328125,nan,1,0.3680419921875,0.3985595703125,0.023812339252949188,8,3,24,101,193,20260920,761,23.230985099973623
depth_optimal,S2,6,0.005,1,8,1024,8192,0.3966064453125,0.38606392837450304,0.40724588508255827,1.67333984375,1.503662109375,0.0777587890625,nan,0.0848388671875,0.5185546875,nan,0.5185546875,nan,1,0.3836669921875,0.408935546875,0.019541274631614154,8,3,24,101,193,20260920,761,18.98915769997984
depth_optimal,S2,6,0.005,2,8,1024,8192,0.401611328125,0.3910441526358322,0.4122707347861175,1.366455078125,0.861083984375,0.0433349609375,nan,0.0753173828125,nan,0.1773681640625,nan,0.1773681640625,1,0.3857421875,0.4180908203125,0.024515692487017873,8,3,24,101,193,20260920,761,18.892430100007914
depth_optimal,S2,6,0.005,3,8,1024,8192,0.4007568359375,0.3901937888214252,0.4114129152406656,1.28564453125,0.438232421875,0.1158447265625,nan,0.0447998046875,nan,0.1292724609375,nan,0.1292724609375,1,0.38134765625,0.416015625,0.02701259079281978,8,3,24,101,193,20260920,761,18.6105887000449
depth_optimal,S2,6,0.005,4,8,1024,8192,0.377197265625,0.3667613966132013,0.3877482519556342,1.321044921875,-0.53466796875,0.0455322265625,nan,0.109375,nan,0.1630859375,nan,0.1630859375,1,0.3629150390625,0.392822265625,0.023001845291701746,8,3,24,101,193,20260920,761,19.415668300003745
depth_optimal,S2,6,0.005,5,8,1024,8192,0.393798828125,0.3832706503579448,0.4044265606310084,1.3929443359375,-0.9622802734375,0.06787109375,nan,0.0462646484375,nan,0.15673828125,nan,0.15673828125,1,0.37841796875,0.40710754394531246,0.02238955319919409,8,3,24,101,193,20260920,761,18.488023400015663
depth_optimal,S2,6,0.005,6,8,1024,8192,0.37060546875,0.36020986564058866,0.38112236843790603,1.745361328125,-1.616943359375,0.064208984375,nan,0.0723876953125,nan,0.1219482421875,nan,0.1219482421875,1,0.3502197265625,0.39123840332031246,0.0318587813802155,8,3,24,101,193,20260920,761,19.016212399990764
depth_optimal,S2,6,0.01,0,8,1024,8192,0.2869873046875,0.27729328625525695,0.2968810047513215,2.422119140625,2.422119140625,0.0743408203125,0.7130126953125,nan,0.5294189453125,nan,0.5294189453125,nan,1,0.2728271484375,0.30017395019531246,0.021206332306202048,8,3,24,101,193,20260920,761,23.359857000003103
depth_optimal,S2,6,0.01,1,8,1024,8192,0.303955078125,0.294088484030493,0.31400544797899993,1.9873046875,1.798583984375,0.0870361328125,nan,0.0943603515625,0.6016845703125,nan,0.6016845703125,nan,1,0.2929656982421875,0.3153076171875,0.016888361086840185,8,3,24,101,193,20260920,761,19.15416470001219
depth_optimal,S2,6,0.01,2,8,1024,8192,0.2933349609375,0.28357445781070906,0.3032891952976791,1.6517333984375,1.0277099609375,0.0697021484375,nan,0.0987548828125,nan,0.2132568359375,nan,0.2132568359375,1,0.270751953125,0.3104248046875,0.03166979432495184,8,3,24,101,193,20260920,761,18.92619739996735
depth_optimal,S2,6,0.01,3,8,1024,8192,0.3048095703125,0.29493471520066994,0.314867400168682,1.4844970703125,0.4542236328125,0.10888671875,nan,0.064697265625,nan,0.1634521484375,nan,0.1634521484375,1,0.2891845703125,0.318359375,0.022563439805897773,8,3,24,101,193,20260920,761,19.3057298999629
depth_optimal,S2,6,0.01,4,8,1024,8192,0.2933349609375,0.28357445781070906,0.3032891952976791,1.5301513671875,-0.5279541015625,0.0682373046875,nan,0.118408203125,nan,0.187744140625,nan,0.187744140625,1,0.281005859375,0.30419921875,0.01796857940403296,8,3,24,101,193,20260920,761,19.384135300002526
depth_optimal,S2,6,0.01,5,8,1024,8192,0.2830810546875,0.27342911733871494,0.29293633545136527,1.7037353515625,-1.2210693359375,0.0792236328125,nan,0.0701904296875,nan,0.1947021484375,nan,0.1947021484375,1,0.265380859375,0.3001708984375,0.02689380634089575,8,3,24,101,193,20260920,761,19.25943020003615
depth_optimal,S2,6,0.01,6,8,1024,8192,0.2755126953125,0.2659448693581429,0.28529095938747195,2.0198974609375,-1.8763427734375,0.07177734375,nan,0.076904296875,nan,0.14697265625,nan,0.14697265625,1,0.265380859375,0.2855224609375,0.015418182553814995,8,3,24,101,193,20260920,761,19.148201400006656
depth_optimal,S2,6,0.02,0,8,1024,8192,0.17822265625,0.17008677253493568,0.186660179381019,2.9989013671875,2.9989013671875,0.098876953125,0.82177734375,nan,0.6541748046875,nan,0.6541748046875,nan,1,0.1707763671875,0.1846923828125,0.010697706201272776,8,3,24,101,193,20260920,761,24.255611600005068
depth_optimal,S2,6,0.02,1,8,1024,8192,0.1927490234375,0.18435194170016844,0.20143412733338922,2.36962890625,2.16162109375,0.098876953125,nan,0.10400390625,0.7032470703125,nan,0.7032470703125,nan,1,0.1859130859375,0.2005615234375,0.011483139994865138,8,3,24,101,193,20260920,761,19.561344899993856
depth_optimal,S2,6,0.02,2,8,1024,8192,0.2122802734375,0.20356107175796334,0.22126918835808568,1.83837890625,1.18017578125,0.0804443359375,nan,0.1015625,nan,0.2275390625,nan,0.2275390625,1,0.2015380859375,0.2220458984375,0.015823735265485278,8,3,24,101,193,20260920,761,19.32447890000185
depth_optimal,S2,6,0.02,3,8,1024,8192,0.19580078125,0.18735124548568827,0.20453547840450864,1.771240234375,0.4404296875,0.1141357421875,nan,0.096923828125,nan,0.2154541015625,nan,0.2154541015625,1,0.18603515625,0.206787109375,0.016029569821971373,8,3,24,101,193,20260920,761,19.511645199963823
depth_optimal,S2,6,0.02,4,8,1024,8192,0.2071533203125,0.19851562272251816,0.21606553723437688,1.71875,-0.55126953125,0.0872802734375,nan,0.11474609375,nan,0.20654296875,nan,0.20654296875,1,0.19775390625,0.2169189453125,0.014675732568469869,8,3,24,101,193,20260920,761,19.096320499957073
depth_optimal,S2,6,0.02,5,8,1024,8192,0.19384765625,0.18543159730209963,0.20255070747984816,1.965087890625,-1.389892578125,0.09228515625,nan,0.0947265625,nan,0.2115478515625,nan,0.2115478515625,1,0.179931640625,0.206787109375,0.020643550572649456,8,3,24,101,193,20260920,761,19.23593919997802
depth_optimal,S2,6,0.02,6,8,1024,8192,0.1849365234375,0.1766774993396389,0.19349089326092223,2.3245849609375,-2.1270751953125,0.0987548828125,nan,0.090576171875,nan,0.1834716796875,nan,0.1834716796875,1,0.1737060546875,0.1947021484375,0.016298754149156998,8,3,24,101,193,20260920,761,19.47307109995745
depth_optimal,S2,6,0.03,0,8,1024,8192,0.151123046875,0.14353060798656694,0.159042528802431,3.1600341796875,3.1600341796875,0.1048583984375,0.848876953125,nan,0.692626953125,nan,0.692626953125,nan,1,0.1440399169921875,0.1585693359375,0.011192494512813659,8,3,24,101,193,20260920,761,23.459545999998227
depth_optimal,S2,6,0.03,1,8,1024,8192,0.1495361328125,0.14197802828092795,0.15742276798261753,2.5496826171875,2.3192138671875,0.11376953125,nan,0.115234375,0.7352294921875,nan,0.7352294921875,nan,1,0.1417236328125,0.1585693359375,0.013230658591168794,8,3,24,101,193,20260920,761,19.181106099975295
depth_optimal,S2,6,0.03,2,8,1024,8192,0.170166015625,0.16218365984755378,0.17845756324687323,2.03955078125,1.346435546875,0.1029052734375,nan,0.1112060546875,nan,0.2353515625,nan,0.2353515625,1,0.165283203125,0.1741943359375,0.006939780470484324,8,3,24,101,193,20260920,761,19.24101930001052
depth_optimal,S2,6,0.03,3,8,1024,8192,0.1614990234375,0.15368922606974622,0.16962613723182524,1.8455810546875,0.4483642578125,0.1197509765625,nan,0.1063232421875,nan,0.223876953125,nan,0.223876953125,1,0.1494140625,0.174560546875,0.019348598370036392,8,3,24,101,193,20260920,761,19.418524299981073
depth_optimal,S2,6,0.03,4,8,1024,8192,0.16943359375,0.16146551758104805,0.17771154834778552,1.8348388671875,-0.5389404296875,0.10302734375,nan,0.11962890625,nan,0.2235107421875,nan,0.2235107421875,1,0.1593017578125,0.1796875,0.015659838393306116,8,3,24,101,193,20260920,761,19.45352979999734
depth_optimal,S2,6,0.03,5,8,1024,8192,0.1513671875,0.14376949279884577,0.1592916963786833,2.1153564453125,-1.4610595703125,0.1083984375,nan,0.10693359375,nan,0.228759765625,nan,0.228759765625,1,0.14208984375,0.161865234375,0.015164819466184367,8,3,24,101,193,20260920,761,19.670993299980182
depth_optimal,S2,6,0.03,6,8,1024,8192,0.1484375,0.14090334102649707,0.1563012194886583,2.5184326171875,-2.3126220703125,0.1029052734375,nan,0.102783203125,nan,0.203857421875,nan,0.203857421875,1,0.138916015625,0.1583251953125,0.014892864001208168,8,3,24,101,193,20260920,761,19.26383770001121
depth_optimal,S2,6,0.05,0,8,1024,8192,0.125,0.1180136526116864,0.13233787860447932,3.3724365234375,3.3724365234375,0.1126708984375,0.875,nan,0.7371826171875,nan,0.7371826171875,nan,1,0.12158203125,0.1287841796875,0.005597768595909285,8,3,24,101,193,20260920,761,24.319742000021506
depth_optimal,S2,6,0.05,1,8,1024,8192,0.12744140625,0.12039446965704605,0.13483758544443106,2.669677734375,2.440185546875,0.1131591796875,nan,0.11474609375,0.7578125,nan,0.7578125,nan,1,0.1199951171875,0.133544921875,0.010543774345809812,8,3,24,101,193,20260920,761,19.23965980001958
depth_optimal,S2,6,0.05,2,8,1024,8192,0.1439208984375,0.13648672255565086,0.15168886877167836,2.186279296875,1.47998046875,0.1243896484375,nan,0.1181640625,nan,0.2349853515625,nan,0.2349853515625,1,0.135009765625,0.1514892578125,0.012912774151379263,8,3,24,101,193,20260920,761,19.182948300032876
depth_optimal,S2,6,0.05,3,8,1024,8192,0.1422119140625,0.13481622933164605,0.14994299527596516,1.932373046875,0.48095703125,0.12158203125,nan,0.1163330078125,nan,0.2421875,nan,0.2421875,1,0.13623046875,0.1485595703125,0.009652490597415218,8,3,24,101,193,20260920,761,20.14019529998768
depth_optimal,S2,6,0.05,4,8,1024,8192,0.13525390625,0.1280188220791232,0.14283090945535046,1.93896484375,-0.505615234375,0.1156005859375,nan,0.11767578125,nan,0.2386474609375,nan,0.2386474609375,1,0.126708984375,0.1427001953125,0.012538740886507433,8,3,24,101,193,20260920,761,19.393276799994055
depth_optimal,S2,6,0.05,5,8,1024,8192,0.134765625,0.12754205192126827,0.14233157483614312,2.208984375,-1.535400390625,0.111083984375,nan,0.117431640625,nan,0.241943359375,nan,0.241943359375,1,0.1297607421875,0.138916015625,0.007119057378444796,8,3,24,101,193,20260920,761,19.920102500007488
depth_optimal,S2,6,0.05,6,8,1024,8192,0.1263427734375,0.11932299317905144,0.13371282617403557,2.727783203125,-2.497314453125,0.115234375,nan,0.1190185546875,nan,0.242919921875,nan,0.242919921875,1,0.1198699951171875,0.1326904296875,0.010053479379824442,8,3,24,101,193,20260920,761,19.378482900036033
