counter,scenario,L,p,m,pairs_per_m,shots,n_trials,p_correct,wilson_lo,wilson_hi,mae,bias,p_out_of_range,fn_t0,fp_t0,fn_t1,fp_t1,fn_tq,fp_tq,t_quarter,boot_lo,boot_hi,pair_sd,pairs_used,k,num_qubits,depth,cx,seed_pairs,seed_sim,elapsed_s
adder,S1,2,0.0,0,8,1024,8192,1.0,0.9995312917117791,1.0,0.0,0.0,0.0,0.0,nan,0.0,nan,0.0,nan,0,1.0,1.0,0.0,8,2,8,33,27,20260920,761,0.0919745999854058
adder,S1,2,0.0,1,8,1024,8192,1.0,0.9995312917117791,1.0,0.0,0.0,0.0,nan,0.0,0.0,nan,nan,0.0,0,1.0,1.0,0.0,8,2,8,33,27,20260920,761,0.09947739995550364
adder,S1,2,0.0,2,8,1024,8192,1.0,0.9995312917117791,1.0,0.0,0.0,0.0,nan,0.0,nan,0.0,nan,0.0,0,1.0,1.0,0.0,8,2,8,33,27,20260920,761,0.10767880000639707
adder,S1,2,0.001,0,8,1024,8192,0.98681640625,0.984108340523589,0.9890681222075083,0.0185546875,0.0185546875,0.00146484375,0.01318359375,nan,0.00390625,nan,0.01318359375,nan,0,0.98388671875,0.98974609375,0.004459923929449158,8,2,8,33,27,20260920,761,1.2255644999677315
adder,S1,2,0.001,1,8,1024,8192,0.98388671875,0.9809245609174309,0.9863952731512928,0.01806640625,0.003173828125,0.001953125,nan,0.0074462890625,0.0086669921875,nan,nan,0.0074462890625,0,0.9813232421875,0.9869384765625,0.004367320268554277,8,2,8,33,27,20260920,761,1.2250027999980375
adder,S1,2,0.001,2,8,1024,8192,0.988525390625,0.9859793128230768,0.9906135166277384,0.0137939453125,-0.0108642578125,0.00146484375,nan,0.0023193359375,nan,0.010009765625,nan,0.0023193359375,0,0.9857177734375,0.991455078125,0.004482775952304584,8,2,8,33,27,20260920,761,1.1738814000273123
adder,S1,2,0.003,0,8,1024,8192,0.9566650390625,0.9520377126179645,0.9608642801295367,0.0650634765625,0.0650634765625,0.00732421875,0.0433349609375,nan,0.014404296875,nan,0.0433349609375,nan,0,0.953857421875,0.9599609375,0.00481078289588699,8,2,8,33,27,20260920,761,1.2363418000750244
adder,S1,2,0.003,1,8,1024,8192,0.954833984375,0.9501198019030025,0.9591217979305152,0.0531005859375,0.0177001953125,0.0079345703125,nan,0.0177001953125,0.0274658203125,nan,nan,0.0177001953125,0,0.9521484375,0.9571533203125,0.003932320923397155,8,2,8,33,27,20260920,761,1.2250610999763012
adder,S1,2,0.003,2,8,1024,8192,0.96240234375,0.9580616881572437,0.9663095357207394,0.0439453125,-0.032470703125,0.0057373046875,nan,0.00634765625,nan,0.0318603515625,nan,0.00634765625,0,0.9588623046875,0.9664306640625,0.005789200312847776,8,2,8,33,27,20260920,761,1.2179227999877185
adder,S1,2,0.005,0,8,1024,8192,0.9344482421875,0.9288825177500756,0.9396067076410918,0.0977783203125,0.0977783203125,0.01123046875,0.0655517578125,nan,0.02099609375,nan,0.0655517578125,nan,0,0.9306640625,0.938232421875,0.005915779021600446,8,2,8,33,27,20260920,761,1.2509270999580622
adder,S1,2,0.005,1,8,1024,8192,0.93359375,0.9279961205258752,0.9387849215054332,0.0745849609375,0.0133056640625,0.0081787109375,nan,0.0306396484375,0.0357666015625,nan,nan,0.0306396484375,0,0.9310302734375,0.9361572265625,0.004110189693821494,8,2,8,33,27,20260920,761,1.2143761001061648
adder,S1,2,0.005,2,8,1024,8192,0.942626953125,0.9373804990266297,0.9474584813803311,0.0670166015625,-0.0491943359375,0.0089111328125,nan,0.0096435546875,nan,0.0484619140625,nan,0.0096435546875,0,0.939697265625,0.9449462890625,0.004134974981941666,8,2,8,33,27,20260920,761,1.2352451999904588
adder,S1,2,0.01,0,8,1024,8192,0.8712158203125,0.8637879475164596,0.878295709245142,0.1834716796875,0.1834716796875,0.018310546875,0.1287841796875,nan,0.036376953125,nan,0.1287841796875,nan,0,0.865966796875,0.875732421875,0.007590266573055379,8,2,8,33,27,20260920,761,1.2375854999991134
adder,S1,2,0.01,1,8,1024,8192,0.87890625,0.8716635145201553,0.8857937924801772,0.1400146484375,0.0357666015625,0.0189208984375,nan,0.0521240234375,0.0689697265625,nan,nan,0.0521240234375,0,0.8695068359375,0.888427734375,0.014550453540772793,8,2,8,33,27,20260920,761,1.227260599960573
adder,S1,2,0.01,2,8,1024,8192,0.8875732421875,0.88055023956601,0.8942329272271782,0.1298828125,-0.097412109375,0.0162353515625,nan,0.0174560546875,nan,0.09619140625,nan,0.0174560546875,0,0.882080078125,0.8939208984375,0.009122779949387826,8,2,8,33,27,20260920,761,1.1917236999142915
adder,S1,2,0.02,0,8,1024,8192,0.7659912109375,0.7566997026041832,0.7750333747004962,0.33447265625,0.33447265625,0.032470703125,0.2340087890625,nan,0.0679931640625,nan,0.2340087890625,nan,0,0.761474609375,0.7703857421875,0.006904106453539461,8,2,8,33,27,20260920,761,1.263520299922675
adder,S1,2,0.02,1,8,1024,8192,0.783203125,0.7741483672114354,0.7919924034846894,0.25390625,0.07275390625,0.037109375,nan,0.090576171875,0.126220703125,nan,nan,0.090576171875,0,0.7736785888671875,0.793212890625,0.015146841013549068,8,2,8,33,27,20260920,761,1.2252032000105828
adder,S1,2,0.02,2,8,1024,8192,0.7860107421875,0.7769967260095441,0.794756647154689,0.2547607421875,-0.1893310546875,0.03271484375,nan,0.040771484375,nan,0.1812744140625,nan,0.040771484375,0,0.7830810546875,0.7894287109375,0.004964097414434694,8,2,8,33,27,20260920,761,1.2112897000042722
adder,S1,2,0.03,0,8,1024,8192,0.683837890625,0.6736847556245626,0.6938186929393872,0.468505859375,0.468505859375,0.046142578125,0.316162109375,nan,0.106201171875,nan,0.316162109375,nan,0,0.6759033203125,0.6923828125,0.012470646862462579,8,2,8,33,27,20260920,761,1.2734638000838459
adder,S1,2,0.03,1,8,1024,8192,0.69970703125,0.6896890937416142,0.70953776007686,0.3564453125,0.1103515625,0.05615234375,nan,0.123046875,0.17724609375,nan,nan,0.123046875,0,0.6912811279296875,0.70751953125,0.012462450577079964,8,2,8,33,27,20260920,761,1.2381216998910531
adder,S1,2,0.03,2,8,1024,8192,0.691650390625,0.681562085333945,0.7015590396630016,0.3707275390625,-0.2620849609375,0.0543212890625,nan,0.0623779296875,nan,0.2540283203125,nan,0.0623779296875,0,0.6875,0.695556640625,0.006323464374457524,8,2,8,33,27,20260920,761,1.2202231000410393
adder,S1,2,0.05,0,8,1024,8192,0.54541015625,0.5346087510761801,0.5561689931906124,0.7025146484375,0.7025146484375,0.075927734375,0.45458984375,nan,0.1719970703125,nan,0.45458984375,nan,0,0.5390625,0.5535888671875,0.010799108526988632,8,2,8,33,27,20260920,761,1.3019845000235364
adder,S1,2,0.05,1,8,1024,8192,0.5743408203125,0.5636014003642936,0.5850105519434391,0.5057373046875,0.1488037109375,0.080078125,nan,0.178466796875,0.2471923828125,nan,nan,0.178466796875,0,0.5693359375,0.5806884765625,0.008803582685845295,8,2,8,33,27,20260920,761,1.235711699933745
adder,S1,2,0.05,2,8,1024,8192,0.568115234375,0.5573593428677425,0.5788072735324462,0.5311279296875,-0.3690185546875,0.0810546875,nan,0.0992431640625,nan,0.350830078125,nan,0.0992431640625,0,0.558837890625,0.5782470703125,0.015180533146110758,8,2,8,33,27,20260920,761,1.2269055999349803
adder,S1,4,0.0,0,8,1024,8192,1.0,0.9995312917117791,1.0,0.0,0.0,0.0,0.0,nan,0.0,nan,0.0,nan,1,1.0,1.0,0.0,8,3,16,101,111,20260920,761,0.13115649996325374
adder,S1,4,0.0,1,8,1024,8192,1.0,0.9995312917117791,1.0,0.0,0.0,0.0,nan,0.0,0.0,nan,0.0,nan,1,1.0,1.0,0.0,8,3,16,101,111,20260920,761,0.143993099918589
adder,S1,4,0.0,2,8,1024,8192,1.0,0.9995312917117791,1.0,0.0,0.0,0.0,nan,0.0,nan,0.0,nan,0.0,1,1.0,1.0,0.0,8,3,16,101,111,20260920,761,0.13825750001706183
adder,S1,4,0.0,3,8,1024,8192,1.0,0.9995312917117791,1.0,0.0,0.0,0.0,nan,0.0,nan,0.0,nan,0.0,1,1.0,1.0,0.0,8,3,16,101,111,20260920,761,0.1388170999707654
adder,S1,4,0.0,4,8,1024,8192,1.0,0.9995312917117791,1.0,0.0,0.0,0.0,nan,0.0,nan,0.0,nan,0.0,1,1.0,1.0,0.0,8,3,16,101,111,20260920,761,0.1394825999159366
adder,S1,4,0.001,0,8,1024,8192,0.9371337890625,0.9316700527713804,0.9421877488936297,0.1270751953125,0.1270751953125,0.0052490234375,0.0628662109375,nan,0.0299072265625,nan,0.0299072265625,nan,1,0.9332275390625,0.9412841796875,0.006327502776811342,8,3,16,101,111,20260920,761,4.83273999998346
adder,S1,4,0.001,1,8,1024,8192,0.9388427734375,0.9334453463986149,0.9438288219861132,0.1014404296875,0.0687255859375,0.0062255859375,nan,0.016357421875,0.0447998046875,nan,0.0447998046875,nan,1,0.934326171875,0.9423828125,0.006196968705250884,8,3,16,101,111,20260920,761,4.638244200032204
adder,S1,4,0.001,2,8,1024,8192,0.942138671875,0.9368724037240628,0.9469904719058355,0.087890625,0.034423828125,0.0059814453125,nan,0.0062255859375,nan,0.0205078125,nan,0.0205078125,1,0.9375,0.9473876953125,0.00770273759122525,8,3,16,101,111,20260920,761,4.8533896000590175
adder,S1,4,0.001,3,8,1024,8192,0.9453125,0.940176885531895,0.9500306711489082,0.08251953125,-0.013916015625,0.008544921875,nan,0.001708984375,nan,0.010498046875,nan,0.010498046875,1,0.9423828125,0.9478759765625,0.004272710053324094,8,3,16,101,111,20260920,761,4.669740999932401
adder,S1,4,0.001,4,8,1024,8192,0.943603515625,0.9383969977575894,0.9483941922034957,0.0966796875,-0.059814453125,0.01220703125,nan,0.004150390625,nan,0.0086669921875,nan,0.0086669921875,1,0.939453125,0.947509765625,0.006258495551383357,8,3,16,101,111,20260920,761,4.771696099895053
adder,S1,4,0.003,0,8,1024,8192,0.8470458984375,0.8390888843653952,0.8546775859316234,0.2847900390625,0.2847900390625,0.0086669921875,0.1529541015625,nan,0.066162109375,nan,0.066162109375,nan,1,0.83935546875,0.853515625,0.010848669438398222,8,3,16,101,111,20260920,761,4.487172299996018
adder,S1,4,0.003,1,8,1024,8192,0.8388671875,0.830747197471526,0.8466695178096991,0.27587890625,0.177001953125,0.019287109375,nan,0.0494384765625,0.1116943359375,nan,0.1116943359375,nan,1,0.83251953125,0.846435546875,0.010786485368346935,8,3,16,101,111,20260920,761,4.535262099932879
adder,S1,4,0.003,2,8,1024,8192,0.8463134765625,0.838341558789033,0.8539607543423919,0.2213134765625,0.0640869140625,0.01025390625,nan,0.0208740234375,nan,0.0577392578125,nan,0.0577392578125,1,0.8388671875,0.8531494140625,0.01102308150424647,8,3,16,101,111,20260920,761,4.445857600076124
adder,S1,4,0.003,3,8,1024,8192,0.8516845703125,0.8438234059491676,0.8592160597299425,0.2269287109375,-0.0391845703125,0.0247802734375,nan,0.0068359375,nan,0.0296630859375,nan,0.0296630859375,1,0.8427734375,0.860107421875,0.013353653704865253,8,3,16,101,111,20260920,761,4.414876000024378
adder,S1,4,0.003,4,8,1024,8192,0.84033203125,0.8322406825956189,0.8481043470167932,0.25732421875,-0.1611328125,0.037353515625,nan,0.009765625,nan,0.021728515625,nan,0.021728515625,1,0.830322265625,0.849609375,0.014819499692957032,8,3,16,101,111,20260920,761,4.424381899996661
adder,S1,4,0.005,0,8,1024,8192,0.744873046875,0.7353197782899713,0.7541967674067643,0.502197265625,0.502197265625,0.0162353515625,0.255126953125,nan,0.1185302734375,nan,0.1185302734375,nan,1,0.7344970703125,0.7568359375,0.017287008387957162,8,3,16,101,111,20260920,761,4.65745469997637
adder,S1,4,0.005,1,8,1024,8192,0.75390625,0.7444612370425997,0.763113247029788,0.430419921875,0.282470703125,0.0284423828125,nan,0.073974609375,0.172119140625,nan,0.172119140625,nan,1,0.7354736328125,0.7708740234375,0.02721389766798358,8,3,16,101,111,20260920,761,4.689547199988738
adder,S1,4,0.005,2,8,1024,8192,0.7518310546875,0.7423606908164475,0.7610653479534255,0.3856201171875,0.1199951171875,0.0269775390625,nan,0.0361328125,nan,0.0966796875,nan,0.0966796875,1,0.7415771484375,0.7625732421875,0.01608419063004734,8,3,16,101,111,20260920,761,4.891905100084841
adder,S1,4,0.005,3,8,1024,8192,0.7567138671875,0.7473036169095397,0.7658834696309562,0.39404296875,-0.041748046875,0.04736328125,nan,0.0133056640625,nan,0.049072265625,nan,0.049072265625,1,0.745361328125,0.7681884765625,0.01786592812370716,8,3,16,101,111,20260920,761,4.669254699954763
adder,S1,4,0.005,4,8,1024,8192,0.747314453125,0.7377899095066993,0.7566071600753477,0.4298095703125,-0.2794189453125,0.052978515625,nan,0.0189208984375,nan,0.04150390625,nan,0.04150390625,1,0.7349853515625,0.76123046875,0.020086621304586612,8,3,16,101,111,20260920,761,5.123577899998054
adder,S1,4,0.01,0,8,1024,8192,0.5689697265625,0.5582159935068569,0.5796588062531907,0.95556640625,0.95556640625,0.043212890625,0.4310302734375,nan,0.2364501953125,nan,0.2364501953125,nan,1,0.5596923828125,0.580810546875,0.01650640318838614,8,3,16,101,111,20260920,761,4.822621600003913
adder,S1,4,0.01,1,8,1024,8192,0.58447265625,0.5737637562607422,0.5951023701710331,0.75927734375,0.53564453125,0.055419921875,nan,0.11181640625,0.3037109375,nan,0.3037109375,nan,1,0.56689453125,0.6029052734375,0.028081175553739034,8,3,16,101,111,20260920,761,4.6413276999956
adder,S1,4,0.01,2,8,1024,8192,0.5902099609375,0.5795203979939342,0.6008149595683229,0.6806640625,0.232177734375,0.0557861328125,nan,0.0618896484375,nan,0.162353515625,nan,0.162353515625,1,0.584228515625,0.59619140625,0.009292933623473665,8,3,16,101,111,20260920,761,4.830494399997406
adder,S1,4,0.01,3,8,1024,8192,0.5902099609375,0.5795203979939342,0.6008149595683229,0.6671142578125,-0.0682373046875,0.0804443359375,nan,0.0260009765625,nan,0.086669921875,nan,0.086669921875,1,0.5714111328125,0.6107177734375,0.030606594504919135,8,3,16,101,111,20260920,761,4.735662799910642
adder,S1,4,0.01,4,8,1024,8192,0.5784912109375,0.5677637351080509,0.5891451078047112,0.7291259765625,-0.4544677734375,0.0904541015625,nan,0.02734375,nan,0.069091796875,nan,0.069091796875,1,0.5616455078125,0.596435546875,0.026764316186120737,8,3,16,101,111,20260920,761,4.711329200072214
adder,S1,4,0.02,0,8,1024,8192,0.3756103515625,0.365183986700784,0.38615332134259905,1.5521240234375,1.5521240234375,0.0909423828125,0.6243896484375,nan,0.378662109375,nan,0.378662109375,nan,1,0.35791015625,0.3963623046875,0.029689232338290322,8,3,16,101,111,20260920,761,4.715754700009711
adder,S1,4,0.02,1,8,1024,8192,0.359130859375,0.34881034026122687,0.3695834315563042,1.3040771484375,0.9940185546875,0.113037109375,nan,0.155029296875,0.48583984375,nan,0.48583984375,nan,1,0.3389892578125,0.3822021484375,0.03364234020980306,8,3,16,101,111,20260920,761,4.812182000023313
adder,S1,4,0.02,2,8,1024,8192,0.3720703125,0.36166558188738407,0.3825949665222975,1.1478271484375,0.5260009765625,0.12451171875,nan,0.0894775390625,nan,0.221435546875,nan,0.221435546875,1,0.36328125,0.382080078125,0.014634479957526068,8,3,16,101,111,20260920,761,4.747039799927734
adder,S1,4,0.02,3,8,1024,8192,0.4007568359375,0.3901937888214252,0.4114129152406656,1.029296875,-0.126220703125,0.1273193359375,nan,0.0572509765625,nan,0.1534423828125,nan,0.1534423828125,1,0.38623046875,0.41504211425781246,0.02264480677665277,8,3,16,101,111,20260920,761,4.6980863000499085
adder,S1,4,0.02,4,8,1024,8192,0.35595703125,0.3456584133168943,0.36639067744973186,1.2064208984375,-0.7257080078125,0.1492919921875,nan,0.0550537109375,nan,0.1346435546875,nan,0.1346435546875,1,0.3370361328125,0.37451171875,0.029072803832999213,8,3,16,101,111,20260920,761,4.634900199947879
adder,S1,4,0.03,0,8,1024,8192,0.26513671875,0.25568987251085173,0.2748037297221896,2.0626220703125,2.0626220703125,0.142822265625,0.73486328125,nan,0.5062255859375,nan,0.5062255859375,nan,1,0.2491455078125,0.285400390625,0.02822152181203694,8,3,16,101,111,20260920,761,4.751636300003156
adder,S1,4,0.03,1,8,1024,8192,0.254638671875,0.2453211228095301,0.264186226716672,1.6820068359375,1.3707275390625,0.1646728515625,nan,0.1556396484375,0.5897216796875,nan,0.5897216796875,nan,1,0.248779296875,0.2601318359375,0.008652365794272143,8,3,16,101,111,20260920,761,4.882935200002976
adder,S1,4,0.03,2,8,1024,8192,0.3017578125,0.2919126476200014,0.31178881289271115,1.3009033203125,0.5670166015625,0.147216796875,nan,0.106201171875,nan,0.2607421875,nan,0.2607421875,1,0.2911346435546875,0.3125,0.016207071128858937,8,3,16,101,111,20260920,761,4.642110800021328
adder,S1,4,0.03,3,8,1024,8192,0.290771484375,0.2810375503340943,0.300701552694717,1.3096923828125,-0.0626220703125,0.1829833984375,nan,0.078369140625,nan,0.1912841796875,nan,0.1912841796875,1,0.272216796875,0.308349609375,0.027802032901341325,8,3,16,101,111,20260920,761,4.692232299945317
adder,S1,4,0.03,4,8,1024,8192,0.2333984375,0.22436487021144613,0.2426819215125467,1.5216064453125,-0.8558349609375,0.1944580078125,nan,0.0816650390625,nan,0.179443359375,nan,0.179443359375,1,0.22119140625,0.2470703125,0.019986327811435514,8,3,16,101,111,20260920,761,4.815712000010535
adder,S1,4,0.05,0,8,1024,8192,0.1927490234375,0.18435194170016844,0.20143412733338922,2.548583984375,2.548583984375,0.204833984375,0.8072509765625,nan,0.619384765625,nan,0.619384765625,nan,1,0.183349609375,0.201904296875,0.014275741502153721,8,3,16,101,111,20260920,761,4.822416700073518
adder,S1,4,0.05,1,8,1024,8192,0.178466796875,0.17032636027575393,0.18690864402873192,2.0155029296875,1.7188720703125,0.2147216796875,nan,0.1483154296875,0.6732177734375,nan,0.6732177734375,nan,1,0.1644287109375,0.197509765625,0.025920330937474603,8,3,16,101,111,20260920,761,4.797152700019069
adder,S1,4,0.05,2,8,1024,8192,0.2198486328125,0.21101290002100137,0.2289469841395131,1.6263427734375,0.8551025390625,0.218017578125,nan,0.122314453125,nan,0.2633056640625,nan,0.2633056640625,1,0.2064208984375,0.23291015625,0.02073861342521991,8,3,16,101,111,20260920,761,4.571298600058071
adder,S1,4,0.05,3,8,1024,8192,0.1942138671875,0.18579150601560995,0.20292287734913456,1.609619140625,0.0625,0.2506103515625,nan,0.1046142578125,nan,0.233642578125,nan,0.233642578125,1,0.1878662109375,0.19970703125,0.009182321466242448,8,3,16,101,111,20260920,761,4.632796499994583
adder,S1,4,0.05,4,8,1024,8192,0.1536865234375,0.14603924565760798,0.16165844121096692,1.790771484375,-0.857666015625,0.2579345703125,nan,0.108154296875,nan,0.226318359375,nan,0.226318359375,1,0.1468505859375,0.16064453125,0.010542966734124219,8,3,16,101,111,20260920,761,4.645945700001903
adder,S1,6,0.0,0,8,1024,8192,1.0,0.9995312917117791,1.0,0.0,0.0,0.0,0.0,nan,0.0,nan,0.0,nan,1,1.0,1.0,0.0,8,3,22,197,215,20260920,761,0.1451592999510467
adder,S1,6,0.0,1,8,1024,8192,1.0,0.9995312917117791,1.0,0.0,0.0,0.0,nan,0.0,0.0,nan,0.0,nan,1,1.0,1.0,0.0,8,3,22,197,215,20260920,761,0.17842120002023876
adder,S1,6,0.0,2,8,1024,8192,1.0,0.9995312917117791,1.0,0.0,0.0,0.0,nan,0.0,nan,0.0,nan,0.0,1,1.0,1.0,0.0,8,3,22,197,215,20260920,761,0.17263249994721264
adder,S1,6,0.0,3,8,1024,8192,1.0,0.9995312917117791,1.0,0.0,0.0,0.0,nan,0.0,nan,0.0,nan,0.0,1,1.0,1.0,0.0,8,3,22,197,215,20260920,761,0.17230219999328256
adder,S1,6,0.0,4,8,1024,8192,1.0,0.9995312917117791,1.0,0.0,0.0,0.0,nan,0.0,nan,0.0,nan,0.0,1,1.0,1.0,0.0,8,3,22,197,215,20260920,761,0.171235500019975
adder,S1,6,0.0,5,8,1024,8192,1.0,0.9995312917117791,1.0,0.0,0.0,0.0,nan,0.0,nan,0.0,nan,0.0,1,1.0,1.0,0.0,8,3,22,197,215,20260920,761,0.1730283999349922
adder,S1,6,0.0,6,8,1024,8192,1.0,0.9995312917117791,1.0,0.0,0.0,0.0,nan,0.0,nan,0.0,nan,0.0,1,1.0,1.0,0.0,8,3,22,197,215,20260920,761,0.16993610002100468
adder,S1,6,0.001,0,8,1024,8192,0.8883056640625,0.8813018032098907,0.8949455207488908,0.2550048828125,0.2550048828125,0.00146484375,0.1116943359375,nan,0.0543212890625,nan,0.0543212890625,nan,1,0.8843994140625,0.891845703125,0.005740457613425727,8,3,22,197,215,20260920,761,13.307719000033103
adder,S1,6,0.001,1,8,1024,8192,0.880859375,0.8736650957764247,0.887696630332157,0.23974609375,0.18603515625,0.0089111328125,nan,0.02685546875,0.09228515625,nan,0.09228515625,nan,1,0.875244140625,0.885498046875,0.008069840883917172,8,3,22,197,215,20260920,761,13.259911899920553
adder,S1,6,0.001,2,8,1024,8192,0.8895263671875,0.882554615812678,0.8961329700887593,0.188720703125,0.102294921875,0.0032958984375,nan,0.0108642578125,nan,0.0323486328125,nan,0.0323486328125,1,0.88134765625,0.8974609375,0.012368491350632333,8,3,22,197,215,20260920,761,13.481274500023574
adder,S1,6,0.001,3,8,1024,8192,0.88134765625,0.8741655853465162,0.8881722455391277,0.1981201171875,0.0655517578125,0.013671875,nan,0.001708984375,nan,0.0152587890625,nan,0.0152587890625,1,0.87353515625,0.8890380859375,0.012039871099548781,8,3,22,197,215,20260920,761,13.385052500059828
adder,S1,6,0.001,4,8,1024,8192,0.8900146484375,0.8830558138361784,0.8966078768423211,0.1864013671875,-0.0455322265625,0.0045166015625,nan,0.011474609375,nan,0.0133056640625,nan,0.0133056640625,1,0.880615234375,0.899169921875,0.014304343066518727,8,3,22,197,215,20260920,761,13.35364819993265
adder,S1,6,0.001,5,8,1024,8192,0.88916015625,0.8821787447557379,0.8957767625629027,0.1761474609375,-0.0853271484375,0.015380859375,nan,0.0010986328125,nan,0.009765625,nan,0.009765625,1,0.8861083984375,0.8922119140625,0.004755597251411638,8,3,22,197,215,20260920,761,13.622942399932072
adder,S1,6,0.001,6,8,1024,8192,0.8870849609375,0.8800492482793243,0.8937578137368014,0.213623046875,-0.1708984375,0.0213623046875,nan,0.0052490234375,nan,0.0072021484375,nan,0.0072021484375,1,0.88134765625,0.8930694580078125,0.00927826152650222,8,3,22,197,215,20260920,761,13.320306200068444
adder,S1,6,0.003,0,8,1024,8192,0.7001953125,0.6901817560414762,0.7100212025540602,0.7618408203125,0.7618408203125,0.0106201171875,0.2998046875,nan,0.160888671875,nan,0.160888671875,nan,1,0.686279296875,0.713623046875,0.021113375460259615,8,3,22,197,215,20260920,761,13.28682789998129
adder,S1,6,0.003,1,8,1024,8192,0.6844482421875,0.6743000528798095,0.6944235266554684,0.68505859375,0.5615234375,0.025146484375,nan,0.061767578125,0.2537841796875,nan,0.2537841796875,nan,1,0.6737060546875,0.696044921875,0.017292425737555767,8,3,22,197,215,20260920,761,13.302002800046466
adder,S1,6,0.003,2,8,1024,8192,0.6973876953125,0.6873491303571084,0.70724122577032,0.5528564453125,0.3218994140625,0.0152587890625,nan,0.0296630859375,nan,0.0858154296875,nan,0.0858154296875,1,0.68310546875,0.713134765625,0.02332350848430033,8,3,22,197,215,20260920,761,13.63132799998857
adder,S1,6,0.003,3,8,1024,8192,0.6988525390625,0.688826966925167,0.7086917035334483,0.520751953125,0.16650390625,0.03564453125,nan,0.010498046875,nan,0.0380859375,nan,0.0380859375,1,0.6807861328125,0.7161865234375,0.027068012920744827,8,3,22,197,215,20260920,761,13.184337200014852
adder,S1,6,0.003,4,8,1024,8192,0.707275390625,0.6973268758135838,0.7170296020493558,0.486083984375,-0.102783203125,0.017822265625,nan,0.02294921875,nan,0.031005859375,nan,0.031005859375,1,0.696044921875,0.71533203125,0.015180533146110758,8,3,22,197,215,20260920,761,13.0562819999177
adder,S1,6,0.003,5,8,1024,8192,0.7127685546875,0.7028724831372936,0.7224651734675968,0.4697265625,-0.244140625,0.0352783203125,nan,0.0064697265625,nan,0.02685546875,nan,0.02685546875,1,0.6954345703125,0.730224609375,0.027201066163749624,8,3,22,197,215,20260920,761,12.79822100000456
adder,S1,6,0.003,6,8,1024,8192,0.6990966796875,0.6890732846941823,0.7089334381529642,0.6021728515625,-0.4974365234375,0.0523681640625,nan,0.0185546875,nan,0.028564453125,nan,0.028564453125,1,0.6888427734375,0.709228515625,0.01583664469880967,8,3,22,197,215,20260920,761,13.650877699954435
adder,S1,6,0.005,0,8,1024,8192,0.5443115234375,0.5335084915336394,0.5550730169847629,1.2196044921875,1.2196044921875,0.019287109375,0.4556884765625,nan,0.2706298828125,nan,0.2706298828125,nan,1,0.5313720703125,0.559326171875,0.021553621537444573,8,3,22,197,215,20260920,761,13.663563299924135
adder,S1,6,0.005,1,8,1024,8192,0.5494384765625,0.5386434888201288,0.5601871198574275,1.0052490234375,0.8365478515625,0.0360107421875,nan,0.0843505859375,0.3662109375,nan,0.3662109375,nan,1,0.537109375,0.5616455078125,0.018798601648102375,8,3,22,197,215,20260920,761,13.292180399992503
adder,S1,6,0.005,2,8,1024,8192,0.5654296875,0.5546672237671699,0.5761308163591761,0.8485107421875,0.5240478515625,0.0257568359375,nan,0.0457763671875,nan,0.116455078125,nan,0.116455078125,1,0.5478515625,0.5813018798828125,0.026229904683263344,8,3,22,197,215,20260920,761,13.431072300067171
adder,S1,6,0.005,3,8,1024,8192,0.5540771484375,0.5432904334809188,0.5648131705787292,0.797607421875,0.2587890625,0.05224609375,nan,0.018310546875,nan,0.0693359375,nan,0.0693359375,1,0.53955078125,0.56982421875,0.02370302473636713,8,3,22,197,215,20260920,761,13.38561989995651
adder,S1,6,0.005,4,8,1024,8192,0.5789794921875,0.5682534723707932,0.5896314753190314,0.7286376953125,-0.1634521484375,0.030029296875,nan,0.0350341796875,nan,0.0526123046875,nan,0.0526123046875,1,0.56298828125,0.590087890625,0.021682813657128864,8,3,22,197,215,20260920,761,13.43868849996943
adder,S1,6,0.005,5,8,1024,8192,0.579833984375,0.5691105383712771,0.5904825926784063,0.7373046875,-0.37060546875,0.058837890625,nan,0.0152587890625,nan,0.050048828125,nan,0.050048828125,1,0.5650634765625,0.59375,0.022132510039818514,8,3,22,197,215,20260920,761,13.353745799977332
adder,S1,6,0.005,6,8,1024,8192,0.5755615234375,0.5648255363059317,0.5862266779444568,0.9080810546875,-0.7620849609375,0.072998046875,nan,0.0294189453125,nan,0.0487060546875,nan,0.0487060546875,1,0.5682342529296875,0.5831298828125,0.011554106386837874,8,3,22,197,215,20260920,761,13.048645599978045
adder,S1,6,0.01,0,8,1024,8192,0.329345703125,0.31925055725995355,0.3396008231567781,2.0164794921875,2.0164794921875,0.046142578125,0.670654296875,nan,0.4556884765625,nan,0.4556884765625,nan,1,0.31640625,0.343017578125,0.020482885041534577,8,3,22,197,215,20260920,761,13.453723600017838
adder,S1,6,0.01,1,8,1024,8192,0.3272705078125,0.3171927525319868,0.33751018258223014,1.6400146484375,1.4136962890625,0.058349609375,nan,0.1131591796875,0.5595703125,nan,0.5595703125,nan,1,0.3209228515625,0.33349609375,0.00978565885908005,8,3,22,197,215,20260920,761,13.43435470003169
adder,S1,6,0.01,2,8,1024,8192,0.34716796875,0.3369326004607543,0.3575466043187508,1.3477783203125,0.8697509765625,0.05078125,nan,0.067138671875,nan,0.171875,nan,0.171875,1,0.3341064453125,0.360107421875,0.020230237787192205,8,3,22,197,215,20260920,761,13.150358299957588
adder,S1,6,0.01,3,8,1024,8192,0.344482421875,0.3342671492420095,0.354843479263653,1.2523193359375,0.3521728515625,0.0755615234375,nan,0.0460205078125,nan,0.1246337890625,nan,0.1246337890625,1,0.3282470703125,0.36035461425781246,0.024632117733083,8,3,22,197,215,20260920,761,13.248979299911298
adder,S1,6,0.01,4,8,1024,8192,0.3660888671875,0.35572205696236414,0.3765812079283044,1.19287109375,-0.23681640625,0.0628662109375,nan,0.0577392578125,nan,0.1046142578125,nan,0.1046142578125,1,0.3427734375,0.385986328125,0.03327459769026741,8,3,22,197,215,20260920,761,13.180574500001967
adder,S1,6,0.01,5,8,1024,8192,0.3651123046875,0.3547518494770856,0.3755992058594584,1.2437744140625,-0.7154541015625,0.0850830078125,nan,0.041015625,nan,0.0938720703125,nan,0.0938720703125,1,0.3485107421875,0.3798828125,0.0241217856365851,8,3,22,197,215,20260920,761,12.948208099929616
adder,S1,6,0.01,6,8,1024,8192,0.3499755859375,0.33971959513791156,0.36037221210970166,1.4703369140625,-1.2537841796875,0.1082763671875,nan,0.0455322265625,nan,0.0833740234375,nan,0.0833740234375,1,0.3275146484375,0.36962890625,0.03262335830675419,8,3,22,197,215,20260920,761,13.161153999972157
adder,S1,6,0.02,0,8,1024,8192,0.169921875,0.1619442730047037,0.17820889770119214,2.8511962890625,2.8511962890625,0.074951171875,0.830078125,nan,0.656005859375,nan,0.656005859375,nan,1,0.1640625,0.176025390625,0.009160968280905136,8,3,22,197,215,20260920,761,13.680226299911737
adder,S1,6,0.02,1,8,1024,8192,0.1719970703125,0.16397925404853927,0.1803223619598713,2.263916015625,2.019775390625,0.0814208984375,nan,0.1220703125,0.7059326171875,nan,0.7059326171875,nan,1,0.1668701171875,0.1767578125,0.007554282884417932,8,3,22,197,215,20260920,761,13.378569199936464
adder,S1,6,0.02,2,8,1024,8192,0.204833984375,0.19623385583288355,0.21371080643296564,1.8504638671875,1.2440185546875,0.0811767578125,nan,0.0947265625,nan,0.20849609375,nan,0.20849609375,1,0.1983642578125,0.2110595703125,0.009790008620978233,8,3,22,197,215,20260920,761,13.019539500004612
adder,S1,6,0.02,3,8,1024,8192,0.1859130859375,0.17763650173404644,0.19448410042063924,1.6968994140625,0.4884033203125,0.1051025390625,nan,0.083740234375,nan,0.1826171875,nan,0.1826171875,1,0.17578125,0.1983642578125,0.017499961852985767,8,3,22,197,215,20260920,761,13.126937300083227
adder,S1,6,0.02,4,8,1024,8192,0.2076416015625,0.19899605057330147,0.21656121416065585,1.60400390625,-0.335205078125,0.0928955078125,nan,0.0828857421875,nan,0.1551513671875,nan,0.1551513671875,1,0.197998046875,0.2161865234375,0.014054529262328374,8,3,22,197,215,20260920,761,13.210476699983701
adder,S1,6,0.02,5,8,1024,8192,0.2120361328125,0.20332076469731855,0.22102144303019935,1.7332763671875,-1.0653076171875,0.109130859375,nan,0.072021484375,nan,0.15185546875,nan,0.15185546875,1,0.1994598388671875,0.22314453125,0.01822828433438106,8,3,22,197,215,20260920,761,13.03227990004234
adder,S1,6,0.02,6,8,1024,8192,0.1904296875,0.18207301883631674,0.19907655250619508,2.1124267578125,-1.8548583984375,0.1287841796875,nan,0.075439453125,nan,0.150390625,nan,0.150390625,1,0.181640625,0.1993408203125,0.01362195926198007,8,3,22,197,215,20260920,761,13.369551299954765
adder,S1,6,0.03,0,8,1024,8192,0.135009765625,0.12778043296350572,0.14258124618243684,3.2421875,3.2421875,0.098388671875,0.864990234375,nan,0.72265625,nan,0.72265625,nan,1,0.1292724609375,0.14026184082031246,0.008636605552054264,8,3,22,197,215,20260920,761,13.180630700080656
adder,S1,6,0.03,1,8,1024,8192,0.12890625,0.12182337831117297,0.13633699112149103,2.5706787109375,2.3336181640625,0.1070556640625,nan,0.1185302734375,0.7525634765625,nan,0.7525634765625,nan,1,0.125244140625,0.1324462890625,0.005474725689271368,8,3,22,197,215,20260920,761,13.287143100053072
adder,S1,6,0.03,2,8,1024,8192,0.1519775390625,0.1443667354209595,0.15991458472789744,2.0797119140625,1.4315185546875,0.1033935546875,nan,0.1063232421875,nan,0.2177734375,nan,0.2177734375,1,0.1436767578125,0.1607666015625,0.013173902067627126,8,3,22,197,215,20260920,761,13.530070299981162
adder,S1,6,0.03,3,8,1024,8192,0.1546630859375,0.14699511722361286,0.1626547791990866,1.8330078125,0.50927734375,0.1094970703125,nan,0.10009765625,nan,0.2095947265625,nan,0.2095947265625,1,0.1455078125,0.1661376953125,0.01622334988310422,8,3,22,197,215,20260920,761,13.356637099990621
adder,S1,6,0.03,4,8,1024,8192,0.1728515625,0.16481731370614766,0.18119248566212193,1.7579345703125,-0.3792724609375,0.1048583984375,nan,0.0938720703125,nan,0.1903076171875,nan,0.1903076171875,1,0.1683349609375,0.17724609375,0.006845895170973938,8,3,22,197,215,20260920,761,13.668121799943037
adder,S1,6,0.03,5,8,1024,8192,0.1571044921875,0.1493852714752773,0.16514514883273362,1.9998779296875,-1.2918701171875,0.1175537109375,nan,0.091064453125,nan,0.1881103515625,nan,0.1881103515625,1,0.1505126953125,0.1639404296875,0.010575223094438247,8,3,22,197,215,20260920,761,13.424121299991384
adder,S1,6,0.03,6,8,1024,8192,0.1446533203125,0.13720276030179,0.1524369881911327,2.450439453125,-2.205810546875,0.122314453125,nan,0.0924072265625,nan,0.19287109375,nan,0.19287109375,1,0.1395263671875,0.1494140625,0.007445288418934036,8,3,22,197,215,20260920,761,13.411686300067231
adder,S1,6,0.05,0,8,1024,8192,0.1153564453125,0.1086183588413942,0.12245510302779139,3.4830322265625,3.4830322265625,0.1148681640625,0.8846435546875,nan,0.7574462890625,nan,0.7574462890625,nan,1,0.1082763671875,0.12231750488281246,0.01090503467560548,8,3,22,197,215,20260920,761,14.032591799972579
adder,S1,6,0.05,1,8,1024,8192,0.1256103515625,0.11860877423806679,0.13296288794942676,2.7119140625,2.480712890625,0.1201171875,nan,0.1156005859375,0.7587890625,nan,0.7587890625,nan,1,0.118896484375,0.131591796875,0.009999126668669167,8,3,22,197,215,20260920,761,13.534626199980266
adder,S1,6,0.05,2,8,1024,8192,0.131103515625,0.12396731787726865,0.13858552305217559,2.2335205078125,1.5543212890625,0.1204833984375,nan,0.1107177734375,nan,0.2288818359375,nan,0.2288818359375,1,0.123291015625,0.139404296875,0.012371933065742117,8,3,22,197,215,20260920,761,12.905792900011875
adder,S1,6,0.05,3,8,1024,8192,0.134765625,0.12754205192126827,0.14233157483614312,1.9373779296875,0.5628662109375,0.119873046875,nan,0.11083984375,nan,0.2225341796875,nan,0.2225341796875,1,0.1280517578125,0.141845703125,0.01062101914658163,8,3,22,197,215,20260920,761,13.16932430001907
adder,S1,6,0.05,4,8,1024,8192,0.1363525390625,0.12909167251548825,0.1439542947673756,1.933837890625,-0.43701171875,0.1224365234375,nan,0.112548828125,nan,0.2286376953125,nan,0.2286376953125,1,0.1307373046875,0.14111328125,0.008152772158831263,8,3,22,197,215,20260920,761,13.726214300026186
adder,S1,6,0.05,5,8,1024,8192,0.1365966796875,0.12933010570761183,0.14420391396378313,2.1500244140625,-1.3924560546875,0.1285400390625,nan,0.109375,nan,0.22119140625,nan,0.22119140625,1,0.1290283203125,0.1435546875,0.011261512073586033,8,3,22,197,215,20260920,761,13.022443800000474
adder,S1,6,0.05,6,8,1024,8192,0.1280517578125,0.12098981051402727,0.13546237555877774,2.642822265625,-2.37890625,0.1319580078125,nan,0.1170654296875,nan,0.2247314453125,nan,0.2247314453125,1,0.1207275390625,0.1346435546875,0.010741394806385668,8,3,22,197,215,20260920,761,13.269879700033925
adder,S2,2,0.0,0,8,1024,8192,0.935791015625,0.9302759548216591,0.9408975587064295,0.08056640625,0.08056640625,0.0009765625,0.064208984375,nan,0.015380859375,nan,0.064208984375,nan,0,0.931640625,0.9405517578125,0.006700060631451238,8,2,8,33,27,20260920,761,1.3052229000022635
adder,S2,2,0.0,1,8,1024,8192,0.9290771484375,0.923315016024387,0.9344370568190952,0.0863037109375,0.0135498046875,0.015380859375,nan,0.036376953125,0.0345458984375,nan,nan,0.036376953125,0,0.919921875,0.93798828125,0.01408358008156991,8,2,8,33,27,20260920,761,1.2725027999840677
adder,S2,2,0.0,2,8,1024,8192,0.9166259765625,0.9104425346458548,0.9224188663825391,0.1038818359375,-0.0650634765625,0.0194091796875,nan,0.0205078125,nan,0.06396484375,nan,0.0205078125,0,0.9151611328125,0.918212890625,0.0022715763794550477,8,2,8,33,27,20260920,761,1.2491657000500709
adder,S2,2,0.001,0,8,1024,8192,0.928466796875,0.9226829469944021,0.9338489948777523,0.09326171875,0.09326171875,0.00244140625,0.071533203125,nan,0.019287109375,nan,0.071533203125,nan,0,0.9244384765625,0.9329833984375,0.006493537456884503,8,2,8,33,27,20260920,761,2.0854130999650806
adder,S2,2,0.001,1,8,1024,8192,0.9134521484375,0.9071680089694838,0.9193487110080054,0.104248046875,0.019287109375,0.0177001953125,nan,0.04248046875,0.0440673828125,nan,nan,0.04248046875,0,0.9031951904296875,0.9229736328125,0.015404922450262155,8,2,8,33,27,20260920,761,1.6317813000641763
adder,S2,2,0.001,2,8,1024,8192,0.9091796875,0.9027638390250876,0.9152119641531065,0.11083984375,-0.068115234375,0.0213623046875,nan,0.02001953125,nan,0.0694580078125,nan,0.02001953125,0,0.9044189453125,0.9146728515625,0.007984982154717737,8,2,8,33,27,20260920,761,1.6387760000070557
adder,S2,2,0.003,0,8,1024,8192,0.8975830078125,0.890829921054681,0.9039633936682839,0.1412353515625,0.1412353515625,0.00830078125,0.1024169921875,nan,0.030517578125,nan,0.1024169921875,nan,0,0.8936767578125,0.9014892578125,0.005632645996245022,8,2,8,33,27,20260920,761,2.110457699978724
adder,S2,2,0.003,1,8,1024,8192,0.88330078125,0.8761679267204218,0.8900743232734712,0.1416015625,0.030517578125,0.02490234375,nan,0.0555419921875,0.0611572265625,nan,nan,0.0555419921875,0,0.8704833984375,0.8955108642578125,0.01949634157173903,8,2,8,33,27,20260920,761,1.6631599999964237
adder,S2,2,0.003,2,8,1024,8192,0.8822021484375,0.8750415339046486,0.8890044803408544,0.14599609375,-0.09716796875,0.0244140625,nan,0.0281982421875,nan,0.0933837890625,nan,0.0281982421875,0,0.878173828125,0.8868408203125,0.006642625010663805,8,2,8,33,27,20260920,761,1.6289815999334678
adder,S2,2,0.005,0,8,1024,8192,0.8792724609375,0.8720387653979653,0.8861506201851639,0.1722412109375,0.1722412109375,0.012451171875,0.1207275390625,nan,0.0390625,nan,0.1207275390625,nan,0,0.8768310546875,0.88232421875,0.004108117503271927,8,2,8,33,27,20260920,761,2.0567940999753773
adder,S2,2,0.005,1,8,1024,8192,0.86181640625,0.8541737543693407,0.8691198854338119,0.166259765625,0.034423828125,0.028076171875,nan,0.06591796875,0.072265625,nan,nan,0.06591796875,0,0.8494873046875,0.873046875,0.017984210642943903,8,2,8,33,27,20260920,761,1.6572477000299841
adder,S2,2,0.005,2,8,1024,8192,0.8624267578125,0.854797688623013,0.8697160821514675,0.1685791015625,-0.1119384765625,0.0283203125,nan,0.031005859375,nan,0.1092529296875,nan,0.031005859375,0,0.8560791015625,0.8682861328125,0.009488786719483918,8,2,8,33,27,20260920,761,1.6004666000371799
adder,S2,2,0.01,0,8,1024,8192,0.8211669921875,0.8127186697609846,0.8293142473517329,0.2496337890625,0.2496337890625,0.018798828125,0.1788330078125,nan,0.052001953125,nan,0.1788330078125,nan,0,0.817626953125,0.8251953125,0.0058229312144266005,8,2,8,33,27,20260920,761,2.090823999955319
adder,S2,2,0.01,1,8,1024,8192,0.820068359375,0.81160068832277,0.8282359930415573,0.2117919921875,0.0491943359375,0.0318603515625,nan,0.081298828125,0.0986328125,nan,nan,0.081298828125,0,0.809326171875,0.830810546875,0.016521356278292487,8,2,8,33,27,20260920,761,1.6422269999748096
adder,S2,2,0.01,2,8,1024,8192,0.809326171875,0.8006752592080985,0.8176871170608585,0.2291259765625,-0.1583251953125,0.035400390625,nan,0.0384521484375,nan,0.1552734375,nan,0.0384521484375,0,0.80078125,0.8179931640625,0.013305744055911244,8,2,8,33,27,20260920,761,1.6225516000995412
adder,S2,2,0.02,0,8,1024,8192,0.7235107421875,0.7137223470938904,0.7330896146063702,0.40234375,0.40234375,0.0372314453125,0.2764892578125,nan,0.088623046875,nan,0.2764892578125,nan,0,0.7156982421875,0.7315673828125,0.012246726752622108,8,2,8,33,27,20260920,761,2.1028225000482053
adder,S2,2,0.02,1,8,1024,8192,0.73388671875,0.7242089521009927,0.7433452361118416,0.31396484375,0.07861328125,0.0478515625,nan,0.11767578125,0.1484375,nan,nan,0.11767578125,0,0.7249755859375,0.7430419921875,0.014026025365576792,8,2,8,33,27,20260920,761,1.6616361000342295
adder,S2,2,0.02,2,8,1024,8192,0.7283935546875,0.718656395044075,0.7379166144268086,0.3330078125,-0.23876953125,0.047119140625,nan,0.0614013671875,nan,0.2244873046875,nan,0.0614013671875,0,0.7220458984375,0.73486328125,0.009841190619572214,8,2,8,33,27,20260920,761,1.6285967000294477
adder,S2,2,0.03,0,8,1024,8192,0.65087890625,0.6404877137756437,0.6611286623366022,0.5240478515625,0.5240478515625,0.049560546875,0.34912109375,nan,0.1253662109375,nan,0.34912109375,nan,0,0.6396484375,0.6630859375,0.017893073853767663,8,2,8,33,27,20260920,761,2.0750869000330567
adder,S2,2,0.03,1,8,1024,8192,0.6629638671875,0.6526534572990267,0.6731215120455106,0.4029541015625,0.1168212890625,0.06591796875,nan,0.14306640625,0.1939697265625,nan,nan,0.14306640625,0,0.6563720703125,0.6685791015625,0.009344104539585034,8,2,8,33,27,20260920,761,1.662200800026767
adder,S2,2,0.03,2,8,1024,8192,0.64013671875,0.6296798492241839,0.6504622217926918,0.4351806640625,-0.2994384765625,0.06787109375,nan,0.0753173828125,nan,0.2919921875,nan,0.0753173828125,0,0.6343963623046875,0.6474609375,0.010334966058846057,8,2,8,33,27,20260920,761,1.6313104999717325
adder,S2,2,0.05,0,8,1024,8192,0.5311279296875,0.5203094917988359,0.5419171877388848,0.7373046875,0.7373046875,0.0821533203125,0.4688720703125,nan,0.186279296875,nan,0.4688720703125,nan,0,0.52294921875,0.539306640625,0.012565197533694252,8,2,8,33,27,20260920,761,2.1222652998985723
adder,S2,2,0.05,1,8,1024,8192,0.5400390625,0.5292302066313646,0.5508103850877428,0.5516357421875,0.1571044921875,0.0916748046875,nan,0.197265625,0.2626953125,nan,nan,0.197265625,0,0.5372314453125,0.543701171875,0.005006796441106685,8,2,8,33,27,20260920,761,1.7861295000184327
adder,S2,2,0.05,2,8,1024,8192,0.5325927734375,0.5217756729299591,0.5433793209389485,0.581298828125,-0.397705078125,0.091796875,nan,0.1138916015625,nan,0.3756103515625,nan,0.1138916015625,0,0.5255126953125,0.539794921875,0.011035434029768683,8,2,8,33,27,20260920,761,1.7603117999387905
adder,S2,4,0.0,0,8,1024,8192,0.841796875,0.833734403774566,0.849538940169033,0.300048828125,0.300048828125,0.0029296875,0.158203125,nan,0.0767822265625,nan,0.0767822265625,nan,1,0.8356903076171875,0.8468017578125,0.008656301371366389,8,3,16,101,111,20260920,761,5.157876299927011
adder,S2,4,0.0,1,8,1024,8192,0.7786865234375,0.7695674997375294,0.7875443017707694,0.3819580078125,0.2359619140625,0.0328369140625,nan,0.072998046875,0.1483154296875,nan,0.1483154296875,nan,1,0.76220703125,0.7969970703125,0.026759225372467874,8,3,16,101,111,20260920,761,5.234115800005384
adder,S2,4,0.0,2,8,1024,8192,0.7593994140625,0.7500229200167584,0.76853274279758,0.4071044921875,0.0885009765625,0.0333251953125,nan,0.0457763671875,nan,0.113525390625,nan,0.113525390625,1,0.739013671875,0.7784423828125,0.030682173319087413,8,3,16,101,111,20260920,761,5.124227900058031
adder,S2,4,0.0,3,8,1024,8192,0.7374267578125,0.7277882664025888,0.746842681443947,0.461181640625,-0.075439453125,0.052734375,nan,0.0130615234375,nan,0.0718994140625,nan,0.0718994140625,1,0.7177734375,0.75634765625,0.0298197275399406,8,3,16,101,111,20260920,761,5.105235100025311
adder,S2,4,0.0,4,8,1024,8192,0.699951171875,0.6899354232166399,0.7097794829903654,0.5469970703125,-0.3397216796875,0.0701904296875,nan,0.0311279296875,nan,0.060546875,nan,0.060546875,1,0.693603515625,0.70654296875,0.010185584995776835,8,3,16,101,111,20260920,761,5.187448199954815
adder,S2,4,0.001,0,8,1024,8192,0.78369140625,0.774643689948487,0.7924731855247003,0.4482421875,0.4482421875,0.0146484375,0.21630859375,nan,0.10888671875,nan,0.10888671875,nan,1,0.767333984375,0.8009033203125,0.025535088682942905,8,3,16,101,111,20260920,761,9.556218400015496
adder,S2,4,0.001,1,8,1024,8192,0.7335205078125,0.7238387232045663,0.742983386425471,0.4542236328125,0.2779541015625,0.03466796875,nan,0.088134765625,0.1783447265625,nan,0.1783447265625,nan,1,0.7181396484375,0.7506103515625,0.02465250470091001,8,3,16,101,111,20260920,761,7.18811770004686
adder,S2,4,0.001,2,8,1024,8192,0.7032470703125,0.6932611999519606,0.7130424135002152,0.50341796875,0.111083984375,0.0418701171875,nan,0.0574951171875,nan,0.138671875,nan,0.138671875,1,0.68798828125,0.7186279296875,0.023705898439858594,8,3,16,101,111,20260920,761,7.327576500014402
adder,S2,4,0.001,3,8,1024,8192,0.6956787109375,0.6856251389755738,0.7055488504321367,0.5447998046875,-0.0770263671875,0.064697265625,nan,0.019287109375,nan,0.0850830078125,nan,0.0850830078125,1,0.6759033203125,0.7135009765625,0.029081881809225798,8,3,16,101,111,20260920,761,7.3359606000594795
adder,S2,4,0.001,4,8,1024,8192,0.6783447265625,0.6681479786583899,0.6883742911636095,0.572509765625,-0.359375,0.072021484375,nan,0.031005859375,nan,0.059326171875,nan,0.059326171875,1,0.660400390625,0.696044921875,0.027891015290105105,8,3,16,101,111,20260920,761,7.225155099993572
adder,S2,4,0.003,0,8,1024,8192,0.70947265625,0.6995449092070669,0.7192040401526529,0.6114501953125,0.6114501953125,0.0208740234375,0.29052734375,nan,0.147216796875,nan,0.147216796875,nan,1,0.6929931640625,0.727294921875,0.02664730095447721,8,3,16,101,111,20260920,761,9.597408799920231
adder,S2,4,0.003,1,8,1024,8192,0.661376953125,0.6510555129361736,0.6715471158829113,0.612060546875,0.390380859375,0.0533447265625,nan,0.11083984375,0.227783203125,nan,0.227783203125,nan,1,0.64501953125,0.681640625,0.02864675809350123,8,3,16,101,111,20260920,761,7.532666699960828
adder,S2,4,0.003,2,8,1024,8192,0.651123046875,0.640733413580422,0.661371014920355,0.5853271484375,0.1571044921875,0.0465087890625,nan,0.064697265625,nan,0.1494140625,nan,0.1494140625,1,0.637451171875,0.6690673828125,0.024526804416194474,8,3,16,101,111,20260920,761,7.3432105999672785
adder,S2,4,0.003,3,8,1024,8192,0.6492919921875,0.6388907375352064,0.659553298051587,0.5897216796875,-0.1180419921875,0.0648193359375,nan,0.02392578125,nan,0.092041015625,nan,0.092041015625,1,0.6351318359375,0.661376953125,0.02057372419854533,8,3,16,101,111,20260920,761,7.403923299978487
adder,S2,4,0.003,4,8,1024,8192,0.60791015625,0.5972897288200426,0.6184294269107221,0.710205078125,-0.411865234375,0.09716796875,nan,0.0382080078125,nan,0.07421875,nan,0.07421875,1,0.5853271484375,0.6317138671875,0.03617614739694501,8,3,16,101,111,20260920,761,7.302173500065692
adder,S2,4,0.005,0,8,1024,8192,0.641357421875,0.630907729188724,0.6516746037708074,0.761962890625,0.761962890625,0.0284423828125,0.358642578125,nan,0.1849365234375,nan,0.1849365234375,nan,1,0.6292724609375,0.6536865234375,0.019099225796492134,8,3,16,101,111,20260920,761,9.82624169997871
adder,S2,4,0.005,1,8,1024,8192,0.6007080078125,0.5900577106575529,0.6112638996115434,0.7266845703125,0.4893798828125,0.0596923828125,nan,0.11865234375,0.2806396484375,nan,0.2806396484375,nan,1,0.5823944091796875,0.61962890625,0.028943353943010033,8,3,16,101,111,20260920,761,7.795596200041473
adder,S2,4,0.005,2,8,1024,8192,0.590576171875,0.5798878939395146,0.6011795422055392,0.68994140625,0.19873046875,0.0601806640625,nan,0.0693359375,nan,0.17626953125,nan,0.17626953125,1,0.5692138671875,0.6136474609375,0.03397679737717735,8,3,16,101,111,20260920,761,7.572755899978802
adder,S2,4,0.005,3,8,1024,8192,0.573974609375,0.5632341725895279,0.5846457011354081,0.7305908203125,-0.1021728515625,0.085205078125,nan,0.0321044921875,nan,0.1055908203125,nan,0.1055908203125,1,0.5614013671875,0.5867919921875,0.01954345321893506,8,3,16,101,111,20260920,761,7.835529799922369
adder,S2,4,0.005,4,8,1024,8192,0.53662109375,0.5258081531195087,0.5473997051601627,0.85986328125,-0.531005859375,0.1051025390625,nan,0.0452880859375,nan,0.0963134765625,nan,0.0963134765625,1,0.5218505859375,0.5521240234375,0.02347235132036619,8,3,16,101,111,20260920,761,7.533683600020595
adder,S2,4,0.01,0,8,1024,8192,0.503173828125,0.4923477226161262,0.5139969584347787,1.1876220703125,1.1876220703125,0.0623779296875,0.496826171875,nan,0.290771484375,nan,0.290771484375,nan,1,0.4820556640625,0.5247802734375,0.032647623003398615,8,3,16,101,111,20260920,761,9.86809959996026
adder,S2,4,0.01,1,8,1024,8192,0.4884033203125,0.4775868304209418,0.4992306811238289,0.9342041015625,0.6456298828125,0.067626953125,nan,0.144287109375,0.3673095703125,nan,0.3673095703125,nan,1,0.4722869873046875,0.5040283203125,0.024867099643845016,8,3,16,101,111,20260920,761,7.487313500023447
adder,S2,4,0.01,2,8,1024,8192,0.4813232421875,0.47051471120850213,0.4921492810688655,0.905029296875,0.30029296875,0.083984375,nan,0.0889892578125,nan,0.21337890625,nan,0.21337890625,1,0.4688720703125,0.49426574707031246,0.01977689760847523,8,3,16,101,111,20260920,761,7.582519399933517
adder,S2,4,0.01,3,8,1024,8192,0.456298828125,0.44553588152737705,0.46710274092554854,0.9710693359375,-0.0833740234375,0.12451171875,nan,0.0499267578125,nan,0.137939453125,nan,0.137939453125,1,0.447265625,0.4666748046875,0.01533234225401131,8,3,16,101,111,20260920,761,7.407638299977407
adder,S2,4,0.01,4,8,1024,8192,0.427490234375,0.41681376207690435,0.4382346785293465,1.0526123046875,-0.6466064453125,0.12890625,nan,0.049560546875,nan,0.1124267578125,nan,0.1124267578125,1,0.4072265625,0.44848937988281246,0.03184915814721175,8,3,16,101,111,20260920,761,7.396020099986345
adder,S2,4,0.02,0,8,1024,8192,0.3365478515625,0.32639408429313443,0.3468548415852659,1.748291015625,1.748291015625,0.1092529296875,0.6634521484375,nan,0.4349365234375,nan,0.4349365234375,nan,1,0.326171875,0.345947265625,0.015431431263072755,8,3,16,101,111,20260920,761,9.714904400054365
adder,S2,4,0.02,1,8,1024,8192,0.3414306640625,0.3312386688423444,0.3517713048066788,1.325927734375,1.00927734375,0.106201171875,nan,0.1583251953125,0.500244140625,nan,0.500244140625,nan,1,0.3209228515625,0.3602294921875,0.030360785834727046,8,3,16,101,111,20260920,761,7.510933300014585
adder,S2,4,0.02,2,8,1024,8192,0.3311767578125,0.32106645371054643,0.3414453196201688,1.2388916015625,0.5167236328125,0.13671875,nan,0.1075439453125,nan,0.2535400390625,nan,0.2535400390625,1,0.31396484375,0.3472900390625,0.02590291433965141,8,3,16,101,111,20260920,761,7.436791800078936
adder,S2,4,0.02,3,8,1024,8192,0.328857421875,0.31876634768301815,0.33910892795665126,1.218017578125,-0.132080078125,0.1552734375,nan,0.0731201171875,nan,0.1878662109375,nan,0.1878662109375,1,0.31787109375,0.341552734375,0.018519777426743145,8,3,16,101,111,20260920,761,7.469947300036438
adder,S2,4,0.02,4,8,1024,8192,0.264892578125,0.2554486590297279,0.2745568908147823,1.440185546875,-0.79638671875,0.187744140625,nan,0.075927734375,nan,0.16650390625,nan,0.16650390625,1,0.2530487060546875,0.278076171875,0.019619985368444594,8,3,16,101,111,20260920,761,7.642383600003086
adder,S2,4,0.03,0,8,1024,8192,0.260009765625,0.25062518177074306,0.2696193203031442,2.1119384765625,2.1119384765625,0.146240234375,0.739990234375,nan,0.524169921875,nan,0.524169921875,nan,1,0.243408203125,0.2786865234375,0.027427079262335684,8,3,16,101,111,20260920,761,9.636983400094323
adder,S2,4,0.03,1,8,1024,8192,0.2398681640625,0.2307448145997788,0.2492353654202893,1.719970703125,1.404541015625,0.16650390625,nan,0.15771484375,0.6024169921875,nan,0.6024169921875,nan,1,0.2265625,0.251953125,0.019725163907943648,8,3,16,101,111,20260920,761,7.393460199935362
adder,S2,4,0.03,2,8,1024,8192,0.26708984375,0.257619715032291,0.27677830630899947,1.446533203125,0.685546875,0.1800537109375,nan,0.1158447265625,nan,0.2646484375,nan,0.2646484375,1,0.257568359375,0.2784423828125,0.015858674003684355,8,3,16,101,111,20260920,761,7.318686799961142
adder,S2,4,0.03,3,8,1024,8192,0.2586669921875,0.24929899222989707,0.268261221707069,1.3975830078125,-0.0938720703125,0.1925048828125,nan,0.0941162109375,nan,0.21484375,nan,0.21484375,1,0.245361328125,0.272216796875,0.02077799213248017,8,3,16,101,111,20260920,761,7.365817200043239
adder,S2,4,0.03,4,8,1024,8192,0.2078857421875,0.19923627174697514,0.21680904537551335,1.5933837890625,-0.9200439453125,0.2000732421875,nan,0.0870361328125,nan,0.199951171875,nan,0.199951171875,1,0.19970703125,0.21630859375,0.0128863703324186,8,3,16,101,111,20260920,761,7.239462699973956
adder,S2,4,0.05,0,8,1024,8192,0.182861328125,0.1746399125095709,0.19138003478847548,2.613525390625,2.613525390625,0.2138671875,0.817138671875,nan,0.633544921875,nan,0.633544921875,nan,1,0.17041015625,0.1953125,0.01948061237065351,8,3,16,101,111,20260920,761,9.611955299973488
adder,S2,4,0.05,1,8,1024,8192,0.16748046875,0.15955074092373783,0.1757219058968466,2.1348876953125,1.8372802734375,0.2412109375,nan,0.1488037109375,0.6837158203125,nan,0.6837158203125,nan,1,0.1572265625,0.1776123046875,0.015755246765498186,8,3,16,101,111,20260920,761,7.510117999976501
adder,S2,4,0.05,2,8,1024,8192,0.1885986328125,0.18027420833337457,0.19721497009515368,1.769287109375,0.94580078125,0.24658203125,nan,0.1326904296875,nan,0.279052734375,nan,0.279052734375,1,0.177490234375,0.1978759765625,0.015435844972498176,8,3,16,101,111,20260920,761,7.937415800057352
adder,S2,4,0.05,3,8,1024,8192,0.1912841796875,0.1829125664405168,0.19994518826185403,1.6630859375,-0.01025390625,0.2520751953125,nan,0.12353515625,nan,0.262939453125,nan,0.262939453125,1,0.1845703125,0.1993408203125,0.011477206321819491,8,3,16,101,111,20260920,761,7.429890999919735
adder,S2,4,0.05,4,8,1024,8192,0.135009765625,0.12778043296350572,0.14258124618243684,1.851318359375,-0.897216796875,0.262451171875,nan,0.1092529296875,nan,0.24072265625,nan,0.24072265625,1,0.1278076171875,0.142822265625,0.011645862428853201,8,3,16,101,111,20260920,761,7.418554199975915
adder,S2,6,0.0,0,8,1024,8192,0.7159423828125,0.7060774130281592,0.725604924627636,0.764892578125,0.764892578125,0.0032958984375,0.2840576171875,nan,0.1865234375,nan,0.1865234375,nan,1,0.7012939453125,0.731689453125,0.023900499694124316,8,3,22,197,215,20260920,761,15.024597299983725
adder,S2,6,0.0,1,8,1024,8192,0.6031494140625,0.5925089735031633,0.6136931606512442,0.8382568359375,0.5799560546875,0.0169677734375,nan,0.129150390625,0.2677001953125,nan,0.2677001953125,nan,1,0.573974609375,0.6363525390625,0.048416055599646436,8,3,22,197,215,20260920,761,14.638147299992852
adder,S2,6,0.0,2,8,1024,8192,0.6087646484375,0.5981479244406771,0.6192794146499467,0.7811279296875,0.3658447265625,0.0159912109375,nan,0.0577392578125,nan,0.14990234375,nan,0.14990234375,1,0.5858154296875,0.6326904296875,0.03618720831613475,8,3,22,197,215,20260920,761,14.473755799932405
adder,S2,6,0.0,3,8,1024,8192,0.5565185546875,0.5457365743561194,0.56724755358884,0.85302734375,0.1162109375,0.0654296875,nan,0.0240478515625,nan,0.1015625,nan,0.1015625,1,0.538818359375,0.5770263671875,0.028683295256716416,8,3,22,197,215,20260920,761,14.759541300009005
adder,S2,6,0.0,4,8,1024,8192,0.5438232421875,0.533019504261389,0.5545858994799511,0.84033203125,-0.30029296875,0.0286865234375,nan,0.0501708984375,nan,0.0728759765625,nan,0.0728759765625,1,0.5233154296875,0.5601806640625,0.028929229204076732,8,3,22,197,215,20260920,761,14.798393600038253
adder,S2,6,0.0,5,8,1024,8192,0.5447998046875,0.5339974892471315,0.555560124048333,0.885009765625,-0.56103515625,0.05810546875,nan,0.017578125,nan,0.0748291015625,nan,0.0748291015625,1,0.53076171875,0.5587158203125,0.021613587068149913,8,3,22,197,215,20260920,761,14.42635040008463
adder,S2,6,0.0,6,8,1024,8192,0.520263671875,0.5094382274269865,0.5310701208210983,1.01171875,-0.851318359375,0.0802001953125,nan,0.0281982421875,nan,0.0467529296875,nan,0.0467529296875,1,0.50439453125,0.5338165283203125,0.022583431991069398,8,3,22,197,215,20260920,761,14.342738199979067
adder,S2,6,0.001,0,8,1024,8192,0.6334228515625,0.6229278083472252,0.643792821985044,0.9840087890625,0.9840087890625,0.00830078125,0.3665771484375,nan,0.2376708984375,nan,0.2376708984375,nan,1,0.62158203125,0.64453125,0.01768581764812537,8,3,22,197,215,20260920,761,23.535921299946494
adder,S2,6,0.001,1,8,1024,8192,0.548828125,0.538032119147567,0.5595783585586613,1.02490234375,0.783203125,0.02587890625,nan,0.120849609375,0.330322265625,nan,0.330322265625,nan,1,0.5269775390625,0.572998046875,0.03444768973364529,8,3,22,197,215,20260920,761,18.949116999981925
adder,S2,6,0.001,2,8,1024,8192,0.537841796875,0.5270302565353284,0.5486178636869985,0.9034423828125,0.4215087890625,0.0198974609375,nan,0.06689453125,nan,0.174072265625,nan,0.174072265625,1,0.521484375,0.560791015625,0.03113534876353488,8,3,22,197,215,20260920,761,18.722598100081086
adder,S2,6,0.001,3,8,1024,8192,0.5086669921875,0.49783971961885953,0.5194861401739961,0.9539794921875,0.1820068359375,0.0726318359375,nan,0.0296630859375,nan,0.1092529296875,nan,0.1092529296875,1,0.488037109375,0.5313720703125,0.033697723996810536,8,3,22,197,215,20260920,761,18.58942700002808
adder,S2,6,0.001,4,8,1024,8192,0.4930419921875,0.4822214652768604,0.503869041650002,0.9132080078125,-0.2984619140625,0.0333251953125,nan,0.0465087890625,nan,0.075439453125,nan,0.075439453125,1,0.4810791015625,0.5048858642578125,0.018287979024046653,8,3,22,197,215,20260920,761,19.065866299904883
adder,S2,6,0.001,5,8,1024,8192,0.5057373046875,0.4949104919992023,0.5165587391312796,0.9681396484375,-0.6158447265625,0.0595703125,nan,0.0216064453125,nan,0.082763671875,nan,0.082763671875,1,0.493408203125,0.516845703125,0.017972370043683593,8,3,22,197,215,20260920,761,18.53767270001117
adder,S2,6,0.001,6,8,1024,8192,0.479248046875,0.4684422605334752,0.49007328644137776,1.1337890625,-0.96240234375,0.085693359375,nan,0.0267333984375,nan,0.0579833984375,nan,0.0579833984375,1,0.4664306640625,0.491455078125,0.01922010817917953,8,3,22,197,215,20260920,761,18.7907639000332
adder,S2,6,0.003,0,8,1024,8192,0.51123046875,0.5004030986409164,0.5220473112315162,1.3909912109375,1.3909912109375,0.0169677734375,0.48876953125,nan,0.3233642578125,nan,0.3233642578125,nan,1,0.5014617919921875,0.5208740234375,0.014984064265733874,8,3,22,197,215,20260920,761,23.33354459994007
adder,S2,6,0.003,1,8,1024,8192,0.429443359375,0.4187598621426957,0.44019299757180425,1.299560546875,1.02880859375,0.034423828125,nan,0.1353759765625,0.4351806640625,nan,0.4351806640625,nan,1,0.412353515625,0.4482421875,0.027929150922043504,8,3,22,197,215,20260920,761,18.97470090002753
adder,S2,6,0.003,2,8,1024,8192,0.458251953125,0.44748446633807676,0.46905857522309796,1.1187744140625,0.5950927734375,0.0299072265625,nan,0.0743408203125,nan,0.1875,nan,0.1875,1,0.446533203125,0.4718017578125,0.019550423066952264,8,3,22,197,215,20260920,761,18.80607589997817
adder,S2,6,0.003,3,8,1024,8192,0.4156494140625,0.4050191904809811,0.4263587092815093,1.10888671875,0.160888671875,0.06787109375,nan,0.0430908203125,nan,0.135498046875,nan,0.135498046875,1,0.393798828125,0.435302734375,0.03205037360248835,8,3,22,197,215,20260920,761,19.014926600037143
adder,S2,6,0.003,4,8,1024,8192,0.4136962890625,0.40307430091996943,0.4243991797342719,1.0943603515625,-0.3353271484375,0.048583984375,nan,0.0577392578125,nan,0.0982666015625,nan,0.0982666015625,1,0.39794921875,0.427490234375,0.022524158284597844,8,3,22,197,215,20260920,761,18.128925499971956
adder,S2,6,0.003,5,8,1024,8192,0.4097900390625,0.3991850404316771,0.4204796020060659,1.1571044921875,-0.7017822265625,0.0782470703125,nan,0.0299072265625,nan,0.08984375,nan,0.08984375,1,0.396728515625,0.424072265625,0.02128008531952829,8,3,22,197,215,20260920,761,19.19982519990299
adder,S2,6,0.003,6,8,1024,8192,0.381591796875,0.37113023219740654,0.39216435936498956,1.388427734375,-1.177490234375,0.10546875,nan,0.038330078125,nan,0.0814208984375,nan,0.0814208984375,1,0.3660888671875,0.39746398925781246,0.024912599647535415,8,3,22,197,215,20260920,761,18.92782660003286
adder,S2,6,0.005,0,8,1024,8192,0.4207763671875,0.41012534494234004,0.4315016549793043,1.759765625,1.759765625,0.0262451171875,0.5792236328125,nan,0.41015625,nan,0.41015625,nan,1,0.41162109375,0.431884765625,0.01556767438176744,8,3,22,197,215,20260920,761,22.85078129998874
adder,S2,6,0.005,1,8,1024,8192,0.3721923828125,0.36178689621780247,0.3827176783861447,1.512939453125,1.23388671875,0.048583984375,nan,0.1395263671875,0.48828125,nan,0.48828125,nan,1,0.351806640625,0.3941650390625,0.03299087515506583,8,3,22,197,215,20260920,761,18.891405900008976
adder,S2,6,0.005,2,8,1024,8192,0.38720703125,0.3767139586906796,0.39780583780793277,1.2755126953125,0.7025146484375,0.0421142578125,nan,0.084716796875,nan,0.2017822265625,nan,0.2017822265625,1,0.3636474609375,0.40930480957031246,0.03545338839974872,8,3,22,197,215,20260920,761,18.477829599985853
adder,S2,6,0.005,3,8,1024,8192,0.3515625,0.3412950269775402,0.36196912079552535,1.290771484375,0.304443359375,0.0880126953125,nan,0.0494384765625,nan,0.143798828125,nan,0.143798828125,1,0.3321533203125,0.373291015625,0.032131301982705196,8,3,22,197,215,20260920,761,18.56908570008818
adder,S2,6,0.005,4,8,1024,8192,0.3565673828125,0.3462645146506245,0.3670047070873295,1.2086181640625,-0.3284912109375,0.0572509765625,nan,0.05908203125,nan,0.1044921875,nan,0.1044921875,1,0.3475341796875,0.36572265625,0.014251863018427591,8,3,22,197,215,20260920,761,18.620022400049493
adder,S2,6,0.005,5,8,1024,8192,0.349853515625,0.3395984132685774,0.3602493677847701,1.326416015625,-0.828369140625,0.082763671875,nan,0.041748046875,nan,0.1126708984375,nan,0.1126708984375,1,0.333251953125,0.36499328613281246,0.02476450494242208,8,3,22,197,215,20260920,761,18.82231449999381
adder,S2,6,0.005,6,8,1024,8192,0.327880859375,0.3177979658575832,0.33812510022796166,1.5767822265625,-1.3553466796875,0.1107177734375,nan,0.048828125,nan,0.09716796875,nan,0.09716796875,1,0.314453125,0.3419189453125,0.02121476273140289,8,3,22,197,215,20260920,761,18.99603349994868
adder,S2,6,0.01,0,8,1024,8192,0.274658203125,0.2651000902701757,0.2844275551155801,2.339111328125,2.339111328125,0.0517578125,0.725341796875,nan,0.5328369140625,nan,0.5328369140625,nan,1,0.2618408203125,0.28564453125,0.017951985944493258,8,3,22,197,215,20260920,761,23.19776970008388
adder,S2,6,0.01,1,8,1024,8192,0.2584228515625,0.24905787931913653,0.2680142822292984,1.8795166015625,1.5833740234375,0.0601806640625,nan,0.1480712890625,0.593505859375,nan,0.593505859375,nan,1,0.2479248046875,0.26953125,0.016727769198930802,8,3,22,197,215,20260920,761,18.790424200007692
adder,S2,6,0.01,2,8,1024,8192,0.259033203125,0.249660668793482,0.26863162372628074,1.634765625,1.015380859375,0.0625,nan,0.0941162109375,nan,0.215576171875,nan,0.215576171875,1,0.25,0.2696533203125,0.01533234225401131,8,3,22,197,215,20260920,761,19.188515599933453
adder,S2,6,0.01,3,8,1024,8192,0.24609375,0.23688675297021192,0.2555387629574003,1.524169921875,0.359375,0.0950927734375,nan,0.070068359375,nan,0.1712646484375,nan,0.1712646484375,1,0.23291015625,0.2586669921875,0.01975320314779895,8,3,22,197,215,20260920,761,19.071258300100453
adder,S2,6,0.01,4,8,1024,8192,0.253173828125,0.24387488714889302,0.26270414804612235,1.486083984375,-0.355224609375,0.07861328125,nan,0.0721435546875,nan,0.1466064453125,nan,0.1466064453125,1,0.2437744140625,0.2659912109375,0.01746733126885647,8,3,22,197,215,20260920,761,18.89870120002888
adder,S2,6,0.01,5,8,1024,8192,0.262939453125,0.2535190865287905,0.27258204420747045,1.56787109375,-0.95361328125,0.1014404296875,nan,0.0579833984375,nan,0.12939453125,nan,0.12939453125,1,0.253662109375,0.2723388671875,0.01447300078211944,8,3,22,197,215,20260920,761,18.769790999940597
adder,S2,6,0.01,6,8,1024,8192,0.22900390625,0.2200330239152347,0.23822882481519755,1.97900390625,-1.728759765625,0.1251220703125,nan,0.06396484375,nan,0.135498046875,nan,0.135498046875,1,0.2177734375,0.240478515625,0.01755485811356152,8,3,22,197,215,20260920,761,18.85004259995185
adder,S2,6,0.02,0,8,1024,8192,0.169921875,0.1619442730047037,0.17820889770119214,2.949951171875,2.949951171875,0.0806884765625,0.830078125,nan,0.6768798828125,nan,0.6768798828125,nan,1,0.164794921875,0.17529296875,0.008203789301333234,8,3,22,197,215,20260920,761,23.353250499931164
adder,S2,6,0.02,1,8,1024,8192,0.1602783203125,0.1524934699494544,0.16838163140946139,2.3616943359375,2.1070556640625,0.0872802734375,nan,0.1273193359375,0.71240234375,nan,0.71240234375,nan,1,0.1522216796875,0.1688232421875,0.012939124090324609,8,3,22,197,215,20260920,761,18.668239600025117
adder,S2,6,0.02,2,8,1024,8192,0.179931640625,0.17176400695844268,0.18839931167723,1.934326171875,1.290771484375,0.0916748046875,nan,0.0982666015625,nan,0.2235107421875,nan,0.2235107421875,1,0.169921875,0.189453125,0.01533234225401131,8,3,22,197,215,20260920,761,21.08224010001868
adder,S2,6,0.02,3,8,1024,8192,0.1673583984375,0.15943108047934665,0.17559754014697224,1.76171875,0.4365234375,0.1033935546875,nan,0.095458984375,nan,0.20751953125,nan,0.20751953125,1,0.157470703125,0.1783447265625,0.01613915418070157,8,3,22,197,215,20260920,761,20.256562900030985
adder,S2,6,0.02,4,8,1024,8192,0.17724609375,0.16912847916559398,0.18566626319623614,1.7095947265625,-0.3502197265625,0.10546875,nan,0.0870361328125,nan,0.1756591796875,nan,0.1756591796875,1,0.1676025390625,0.18701171875,0.015110819937556924,8,3,22,197,215,20260920,761,18.671854700078256
adder,S2,6,0.02,5,8,1024,8192,0.17236328125,0.1643384135034519,0.1806952810877554,1.9149169921875,-1.2183837890625,0.117431640625,nan,0.0836181640625,nan,0.1766357421875,nan,0.1766357421875,1,0.1639404296875,0.1812744140625,0.013349189412841168,8,3,22,197,215,20260920,761,18.952845000079833
adder,S2,6,0.02,6,8,1024,8192,0.1558837890625,0.14819010995670756,0.16390004840864764,2.3203125,-2.076171875,0.1220703125,nan,0.0880126953125,nan,0.1746826171875,nan,0.1746826171875,1,0.14990234375,0.163330078125,0.010281273269130068,8,3,22,197,215,20260920,761,18.78140330000315
adder,S2,6,0.03,0,8,1024,8192,0.135009765625,0.12778043296350572,0.14258124618243684,3.2808837890625,3.2808837890625,0.0985107421875,0.864990234375,nan,0.7325439453125,nan,0.7325439453125,nan,1,0.127685546875,0.14111328125,0.010540543527794386,8,3,22,197,215,20260920,761,23.423735499964096
adder,S2,6,0.03,1,8,1024,8192,0.1280517578125,0.12098981051402727,0.13546237555877774,2.63037109375,2.393310546875,0.111083984375,nan,0.1185302734375,0.75341796875,nan,0.75341796875,nan,1,0.122314453125,0.1326904296875,0.00794114060902861,8,3,22,197,215,20260920,761,19.214986300095916
adder,S2,6,0.03,2,8,1024,8192,0.15576171875,0.1480706030613904,0.16377552910969925,2.0809326171875,1.4139404296875,0.103271484375,nan,0.1068115234375,nan,0.2266845703125,nan,0.2266845703125,1,0.146728515625,0.163818359375,0.013070728435124676,8,3,22,197,215,20260920,761,18.68172669992782
adder,S2,6,0.03,3,8,1024,8192,0.13916015625,0.13183413112434894,0.14682443862662303,1.8699951171875,0.4439697265625,0.107177734375,nan,0.1094970703125,nan,0.2276611328125,nan,0.2276611328125,1,0.133056640625,0.1455078125,0.009610940094670667,8,3,22,197,215,20260920,761,18.94637630006764
adder,S2,6,0.03,4,8,1024,8192,0.14697265625,0.13947065078185283,0.1548055954021157,1.8448486328125,-0.4385986328125,0.1138916015625,nan,0.1016845703125,nan,0.2044677734375,nan,0.2044677734375,1,0.1385498046875,0.1546630859375,0.01213005866031482,8,3,22,197,215,20260920,761,19.916265800013207
adder,S2,6,0.03,5,8,1024,8192,0.1490478515625,0.14150037166042712,0.1569243198260561,2.096923828125,-1.38427734375,0.1185302734375,nan,0.103759765625,nan,0.21484375,nan,0.21484375,1,0.141357421875,0.156494140625,0.011279644132139013,8,3,22,197,215,20260920,761,19.00349690008443
adder,S2,6,0.03,6,8,1024,8192,0.1343994140625,0.1271844955359995,0.14195705263861522,2.553466796875,-2.314697265625,0.119384765625,nan,0.105712890625,nan,0.2103271484375,nan,0.2103271484375,1,0.1270751953125,0.14208984375,0.011648055692144346,8,3,22,197,215,20260920,761,18.994888100074604
adder,S2,6,0.05,0,8,1024,8192,0.12890625,0.12182337831117297,0.13633699112149103,3.472412109375,3.472412109375,0.1204833984375,0.87109375,nan,0.7540283203125,nan,0.7540283203125,nan,1,0.1259765625,0.1318359375,0.004459923929449158,8,3,22,197,215,20260920,761,23.348378899972886
adder,S2,6,0.05,1,8,1024,8192,0.124267578125,0.11729958016846058,0.13158779388211167,2.6778564453125,2.4259033203125,0.1131591796875,nan,0.1259765625,0.749755859375,nan,0.749755859375,nan,1,0.118408203125,0.1298828125,0.008931295796690417,8,3,22,197,215,20260920,761,19.545877900091
adder,S2,6,0.05,2,8,1024,8192,0.132080078125,0.124920398652013,0.13958465183155583,2.208251953125,1.48291015625,0.1212158203125,nan,0.1226806640625,nan,0.239990234375,nan,0.239990234375,1,0.1273193359375,0.1376953125,0.008082492850218188,8,3,22,197,215,20260920,761,19.00801330001559
adder,S2,6,0.05,3,8,1024,8192,0.1298828125,0.1227761556051043,0.13733642338168428,1.9456787109375,0.5054931640625,0.115478515625,nan,0.1136474609375,nan,0.2384033203125,nan,0.2384033203125,1,0.1243896484375,0.1370849609375,0.01001359288221337,8,3,22,197,215,20260920,761,18.912800000049174
adder,S2,6,0.05,4,8,1024,8192,0.1422119140625,0.13481622933164605,0.14994299527596516,1.9332275390625,-0.4954833984375,0.114990234375,nan,0.1199951171875,nan,0.2410888671875,nan,0.2410888671875,1,0.1370849609375,0.1474609375,0.008102484726641943,8,3,22,197,215,20260920,761,19.314552299911156
adder,S2,6,0.05,5,8,1024,8192,0.13671875,0.1294493252879561,0.14432872057770446,2.193603515625,-1.456298828125,0.1278076171875,nan,0.115966796875,nan,0.234375,nan,0.234375,1,0.1322021484375,0.1416015625,0.007251780925428028,8,3,22,197,215,20260920,761,18.79282760003116
adder,S2,6,0.05,6,8,1024,8192,0.1234130859375,0.11646659777280571,0.13071259291790754,2.72216796875,-2.482666015625,0.1197509765625,nan,0.1214599609375,nan,0.2410888671875,nan,0.2410888671875,1,0.11865234375,0.1295166015625,0.008415898519568265,8,3,22,197,215,20260920,761,18.75906449998729
phase,S1,2,0.0,0,8,1024,8192,1.0,0.9995312917117791,1.0,0.0,0.0,0.0,0.0,nan,0.0,nan,0.0,nan,0,1.0,1.0,0.0,8,2,8,45,37,20260920,761,0.1078536999411881
phase,S1,2,0.0,1,8,1024,8192,1.0,0.9995312917117791,1.0,0.0,0.0,0.0,nan,0.0,0.0,nan,nan,0.0,0,1.0,1.0,0.0,8,2,8,45,37,20260920,761,0.12358669994864613
phase,S1,2,0.0,2,8,1024,8192,1.0,0.9995312917117791,1.0,0.0,0.0,0.0,nan,0.0,nan,0.0,nan,0.0,0,1.0,1.0,0.0,8,2,8,45,37,20260920,761,0.12110039999242872
phase,S1,2,0.001,0,8,1024,8192,0.980712890625,0.9775015359094493,0.9834736171083694,0.032470703125,0.032470703125,0.0048828125,0.019287109375,nan,0.00830078125,nan,0.019287109375,nan,0,0.9764404296875,0.98388671875,0.005640199501041726,8,2,8,45,37,20260920,761,1.7334221000783145
phase,S1,2,0.001,1,8,1024,8192,0.9796142578125,0.9763217696160813,0.9824571476533475,0.0238037109375,0.0042724609375,0.00341796875,nan,0.009765625,0.0106201171875,nan,nan,0.009765625,0,0.977783203125,0.981689453125,0.002972964400268706,8,2,8,45,37,20260920,761,1.7251647000666708
phase,S1,2,0.001,2,8,1024,8192,0.9814453125,0.9782894175813377,0.9841498926020746,0.0213623046875,-0.0123291015625,0.0045166015625,nan,0.0028076171875,nan,0.0140380859375,nan,0.0028076171875,0,0.97802734375,0.98486328125,0.005297666726017725,8,2,8,45,37,20260920,761,1.7181875000242144
phase,S1,2,0.003,0,8,1024,8192,0.9390869140625,0.9336990522754577,0.9440631684978015,0.0982666015625,0.0982666015625,0.0125732421875,0.0609130859375,nan,0.0247802734375,nan,0.0609130859375,nan,0,0.936279296875,0.942138671875,0.004365370136611298,8,2,8,45,37,20260920,761,1.7698763000080362
phase,S1,2,0.003,1,8,1024,8192,0.9390869140625,0.9336990522754577,0.9440631684978015,0.07421875,0.026123046875,0.0133056640625,nan,0.0240478515625,0.036865234375,nan,nan,0.0240478515625,0,0.9345703125,0.943115234375,0.006744394629088416,8,2,8,45,37,20260920,761,1.6977035000454634
phase,S1,2,0.003,2,8,1024,8192,0.9439697265625,0.9387782923092246,0.9487449762346573,0.066162109375,-0.0400390625,0.0130615234375,nan,0.0101318359375,nan,0.04296875,nan,0.0101318359375,0,0.9415283203125,0.94677734375,0.004173917365368093,8,2,8,45,37,20260920,761,1.6889884999254718
phase,S1,2,0.005,0,8,1024,8192,0.89794921875,0.8912063608073217,0.9043190324984398,0.17333984375,0.17333984375,0.025634765625,0.10205078125,nan,0.045654296875,nan,0.10205078125,nan,0,0.8924560546875,0.9034423828125,0.00836821024244912,8,2,8,45,37,20260920,761,1.73782260005828
phase,S1,2,0.005,1,8,1024,8192,0.902587890625,0.895976901873505,0.9088214868143484,0.1156005859375,0.0394287109375,0.0181884765625,nan,0.0380859375,0.059326171875,nan,nan,0.0380859375,0,0.8975830078125,0.9080810546875,0.008082492850218188,8,2,8,45,37,20260920,761,1.7084580999799073
phase,S1,2,0.005,2,8,1024,8192,0.9107666015625,0.9043991738939415,0.916748969809705,0.1048583984375,-0.0601806640625,0.0223388671875,nan,0.015625,nan,0.06689453125,nan,0.015625,0,0.9080810546875,0.9132080078125,0.0039732500445132934,8,2,8,45,37,20260920,761,1.6765517999883741
phase,S1,2,0.01,0,8,1024,8192,0.80908203125,0.8004270762392701,0.8174472476411557,0.327392578125,0.327392578125,0.047119140625,0.19091796875,nan,0.08935546875,nan,0.19091796875,nan,0,0.8018798828125,0.81640625,0.010986715642967175,8,2,8,45,37,20260920,761,1.7751275999471545
phase,S1,2,0.01,1,8,1024,8192,0.8162841796875,0.8077507396692217,0.8245211296728728,0.221435546875,0.08544921875,0.0377197265625,nan,0.0679931640625,0.11572265625,nan,nan,0.0679931640625,0,0.806640625,0.8251953125,0.014610604976811697,8,2,8,45,37,20260920,761,1.6989219000097364
phase,S1,2,0.01,2,8,1024,8192,0.8221435546875,0.8137125283749103,0.8302725982919317,0.216552734375,-0.129638671875,0.04345703125,nan,0.0386962890625,nan,0.1343994140625,nan,0.0386962890625,0,0.818359375,0.826416015625,0.006229858641898138,8,2,8,45,37,20260920,761,1.6976171999704093
phase,S1,2,0.02,0,8,1024,8192,0.6810302734375,0.6708546459511323,0.6910362001447096,0.5491943359375,0.5491943359375,0.0811767578125,0.3189697265625,nan,0.1490478515625,nan,0.3189697265625,nan,0,0.677734375,0.6845703125,0.005270271763897193,8,2,8,45,37,20260920,761,1.7973906000843272
phase,S1,2,0.02,1,8,1024,8192,0.689697265625,0.679592441347241,0.6996242645414565,0.381103515625,0.15283203125,0.07080078125,nan,0.1141357421875,0.1961669921875,nan,nan,0.1141357421875,0,0.682373046875,0.697021484375,0.011433350381304917,8,2,8,45,37,20260920,761,1.7140180999413133
phase,S1,2,0.02,2,8,1024,8192,0.68603515625,0.6758999197790636,0.6959960002816667,0.3873291015625,-0.2420654296875,0.0726318359375,nan,0.0733642578125,nan,0.2413330078125,nan,0.0733642578125,0,0.6773681640625,0.6942138671875,0.013008038728727722,8,2,8,45,37,20260920,761,1.6619583000428975
phase,S1,2,0.03,0,8,1024,8192,0.575927734375,0.5651927901039392,0.586591502729246,0.72412109375,0.72412109375,0.0966796875,0.424072265625,nan,0.203369140625,nan,0.424072265625,nan,0,0.57275390625,0.579345703125,0.005027163154778809,8,2,8,45,37,20260920,761,1.7319050000514835
phase,S1,2,0.03,1,8,1024,8192,0.5867919921875,0.5760907296316298,0.5974118944911913,0.51123046875,0.204833984375,0.0980224609375,nan,0.1531982421875,0.260009765625,nan,nan,0.1531982421875,0,0.5775146484375,0.5968017578125,0.014805128290118671,8,2,8,45,37,20260920,761,1.7375415000133216
phase,S1,2,0.03,2,8,1024,8192,0.5904541015625,0.5797653946131206,0.6010580153376676,0.5045166015625,-0.2952880859375,0.1046142578125,nan,0.094970703125,nan,0.304931640625,nan,0.094970703125,0,0.5843505859375,0.59619140625,0.009085368350521754,8,2,8,45,37,20260920,761,1.6879957999335602
phase,S1,2,0.05,0,8,1024,8192,0.42724609375,0.4165705115468913,0.43798987667082834,1.0394287109375,1.0394287109375,0.156005859375,0.57275390625,nan,0.3106689453125,nan,0.57275390625,nan,0,0.422607421875,0.431884765625,0.007157229541507065,8,2,8,45,37,20260920,761,1.751876600086689
phase,S1,2,0.05,1,8,1024,8192,0.4521484375,0.4413956935374333,0.4629460383104628,0.691162109375,0.295166015625,0.143310546875,nan,0.197998046875,0.349853515625,nan,nan,0.197998046875,0,0.4501953125,0.45458984375,0.003422947585486969,8,2,8,45,37,20260920,761,1.6895195000106469
phase,S1,2,0.05,2,8,1024,8192,0.453369140625,0.44261331750284233,0.4641686762877096,0.689697265625,-0.402099609375,0.143798828125,nan,0.14306640625,nan,0.40283203125,nan,0.14306640625,0,0.445068359375,0.4622802734375,0.013305744055911244,8,2,8,45,37,20260920,761,1.6941210000077263
phase,S1,4,0.0,0,8,1024,8192,1.0,0.9995312917117791,1.0,0.0,0.0,0.0,0.0,nan,0.0,nan,0.0,nan,1,1.0,1.0,0.0,8,3,15,95,110,20260920,761,0.1561128000030294
phase,S1,4,0.0,1,8,1024,8192,1.0,0.9995312917117791,1.0,0.0,0.0,0.0,nan,0.0,0.0,nan,0.0,nan,1,1.0,1.0,0.0,8,3,15,95,110,20260920,761,0.16221580002456903
phase,S1,4,0.0,2,8,1024,8192,1.0,0.9995312917117791,1.0,0.0,0.0,0.0,nan,0.0,nan,0.0,nan,0.0,1,1.0,1.0,0.0,8,3,15,95,110,20260920,761,0.16087860008701682
phase,S1,4,0.0,3,8,1024,8192,1.0,0.9995312917117791,1.0,0.0,0.0,0.0,nan,0.0,nan,0.0,nan,0.0,1,1.0,1.0,0.0,8,3,15,95,110,20260920,761,0.1695350999943912
phase,S1,4,0.0,4,8,1024,8192,1.0,0.9995312917117791,1.0,0.0,0.0,0.0,nan,0.0,nan,0.0,nan,0.0,1,1.0,1.0,0.0,8,3,15,95,110,20260920,761,0.16107000003103167
phase,S1,4,0.001,0,8,1024,8192,0.9315185546875,0.925844495786307,0.9367881009424868,0.2052001953125,0.2052001953125,0.0194091796875,0.0684814453125,nan,0.0386962890625,nan,0.0386962890625,nan,1,0.92822265625,0.935302734375,0.005385342807830747,8,3,15,95,110,20260920,761,4.897533199982718
phase,S1,4,0.001,1,8,1024,8192,0.93408203125,0.9285026016626967,0.939254545145674,0.139404296875,0.1103515625,0.01611328125,nan,0.0145263671875,0.0513916015625,nan,0.0513916015625,nan,1,0.9288330078125,0.9381103515625,0.007176239480810092,8,3,15,95,110,20260920,761,4.7767710000043735
phase,S1,4,0.001,2,8,1024,8192,0.9307861328125,0.9250854465382776,0.9360829930249226,0.1383056640625,0.0797119140625,0.01904296875,nan,0.00439453125,nan,0.02490234375,nan,0.02490234375,1,0.92529296875,0.935791015625,0.008026462860621959,8,3,15,95,110,20260920,761,4.831320500001311
phase,S1,4,0.001,3,8,1024,8192,0.93896484375,0.933572196406086,0.9439459981729076,0.1102294921875,0.0335693359375,0.01806640625,nan,0.002197265625,nan,0.0057373046875,nan,0.0057373046875,1,0.9359130859375,0.9420166015625,0.004755597251411638,8,3,15,95,110,20260920,761,4.80755989998579
phase,S1,4,0.001,4,8,1024,8192,0.935791015625,0.9302759548216591,0.9408975587064295,0.1151123046875,-0.0452880859375,0.019775390625,nan,0.0079345703125,nan,0.0115966796875,nan,0.0115966796875,1,0.9312713623046875,0.93994140625,0.006840918147290996,8,3,15,95,110,20260920,761,4.811734099988826
phase,S1,4,0.003,0,8,1024,8192,0.818603515625,0.8101102253795451,0.8267981416535952,0.542236328125,0.542236328125,0.0496826171875,0.181396484375,nan,0.0982666015625,nan,0.0982666015625,nan,1,0.8114013671875,0.8250762939453125,0.010617811832860128,8,3,15,95,110,20260920,761,4.94570839998778
phase,S1,4,0.003,1,8,1024,8192,0.8251953125,0.8168189337071052,0.833266847816376,0.4024658203125,0.3221435546875,0.0491943359375,nan,0.0401611328125,0.1346435546875,nan,0.1346435546875,nan,1,0.815673828125,0.835693359375,0.015343445407218215,8,3,15,95,110,20260920,761,4.761167300050147
phase,S1,4,0.003,2,8,1024,8192,0.826416015625,0.8180617521626322,0.8344642913035049,0.367919921875,0.234375,0.0538330078125,nan,0.0125732421875,nan,0.05419921875,nan,0.05419921875,1,0.8209228515625,0.831787109375,0.008445188863985322,8,3,15,95,110,20260920,761,4.787374299950898
phase,S1,4,0.003,3,8,1024,8192,0.83154296875,0.8232832237007855,0.8394919199245053,0.3094482421875,0.0853271484375,0.0513916015625,nan,0.0087890625,nan,0.0205078125,nan,0.0205078125,1,0.824462890625,0.839111328125,0.01141247842422855,8,3,15,95,110,20260920,761,4.788906599977054
phase,S1,4,0.003,4,8,1024,8192,0.8211669921875,0.8127186697609846,0.8293142473517329,0.3309326171875,-0.1475830078125,0.051513671875,nan,0.02490234375,nan,0.0360107421875,nan,0.0360107421875,1,0.8143310546875,0.82958984375,0.012078706077707538,8,3,15,95,110,20260920,761,4.755408300086856
phase,S1,4,0.005,0,8,1024,8192,0.72314453125,0.71335235189839,0.732727531219074,0.8455810546875,0.8455810546875,0.0787353515625,0.27685546875,nan,0.16064453125,nan,0.16064453125,nan,1,0.7171630859375,0.7293701171875,0.009352302322597305,8,3,15,95,110,20260920,761,4.93763990001753
phase,S1,4,0.005,1,8,1024,8192,0.723388671875,0.7135990144617096,0.7329689210442855,0.6361083984375,0.5186767578125,0.07763671875,nan,0.0587158203125,0.2178955078125,nan,0.2178955078125,nan,1,0.7127685546875,0.7357177734375,0.017318503760711132,8,3,15,95,110,20260920,761,4.652705100015737
phase,S1,4,0.005,2,8,1024,8192,0.72900390625,0.7192732535797305,0.7385198868624808,0.548828125,0.30078125,0.07666015625,nan,0.025634765625,nan,0.098388671875,nan,0.098388671875,1,0.7230224609375,0.7357177734375,0.009765625,8,3,15,95,110,20260920,761,4.7700272999936715
phase,S1,4,0.005,3,8,1024,8192,0.7298583984375,0.7201368940917153,0.7393644297103549,0.4951171875,0.111083984375,0.0816650390625,nan,0.0157470703125,nan,0.0362548828125,nan,0.0362548828125,1,0.7208251953125,0.737548828125,0.012806832259515533,8,3,15,95,110,20260920,761,4.749900500057265
phase,S1,4,0.005,4,8,1024,8192,0.728271484375,0.7185330260863211,0.7377959571902969,0.4844970703125,-0.2010498046875,0.082275390625,nan,0.0313720703125,nan,0.046630859375,nan,0.046630859375,1,0.7159423828125,0.7420684814453125,0.020562546538260135,8,3,15,95,110,20260920,761,4.834258000017144
phase,S1,4,0.01,0,8,1024,8192,0.5406494140625,0.5298413413124508,0.5514193813779844,1.46630859375,1.46630859375,0.136962890625,0.4593505859375,nan,0.289306640625,nan,0.289306640625,nan,1,0.5308837890625,0.55029296875,0.01495619326208335,8,3,15,95,110,20260920,761,4.867941800039262
phase,S1,4,0.01,1,8,1024,8192,0.55517578125,0.5443911643581496,0.5659086754498885,1.0816650390625,0.9085693359375,0.1334228515625,nan,0.0865478515625,0.3582763671875,nan,0.3582763671875,nan,1,0.5460205078125,0.5679931640625,0.017632295005144325,8,3,15,95,110,20260920,761,4.769820099929348
phase,S1,4,0.01,2,8,1024,8192,0.5537109375,0.5429235350053604,0.5644479904714909,0.9549560546875,0.5836181640625,0.1417236328125,nan,0.0384521484375,nan,0.147216796875,nan,0.147216796875,1,0.541748046875,0.565185546875,0.018112536124015047,8,3,15,95,110,20260920,761,4.828372900024988
phase,S1,4,0.01,3,8,1024,8192,0.5618896484375,0.5511190106317528,0.5726022698608916,0.8017578125,0.147216796875,0.126953125,nan,0.029296875,nan,0.07177734375,nan,0.07177734375,1,0.54833984375,0.5770263671875,0.02210286629551943,8,3,15,95,110,20260920,761,4.880133299971931
phase,S1,4,0.01,4,8,1024,8192,0.54443359375,0.5336307399830393,0.5551947947296285,0.875244140625,-0.349609375,0.1424560546875,nan,0.0582275390625,nan,0.093017578125,nan,0.093017578125,1,0.53564453125,0.554443359375,0.014625167528993167,8,3,15,95,110,20260920,761,4.892284999950789
phase,S1,4,0.02,0,8,1024,8192,0.3309326171875,0.3208243241157775,0.3411993968264066,2.270751953125,2.270751953125,0.2332763671875,0.6690673828125,nan,0.458251953125,nan,0.458251953125,nan,1,0.3231201171875,0.339599609375,0.012790865293606747,8,3,15,95,110,20260920,761,4.983261200017296
phase,S1,4,0.02,1,8,1024,8192,0.341552734375,0.3313597990065601,0.3518942008367286,1.7359619140625,1.5118408203125,0.22119140625,nan,0.112060546875,0.54638671875,nan,0.54638671875,nan,1,0.3331298828125,0.349609375,0.012910795738025085,8,3,15,95,110,20260920,761,4.887538400013
phase,S1,4,0.02,2,8,1024,8192,0.3548583984375,0.3445674771953857,0.3652853778228503,1.387939453125,0.81201171875,0.201171875,nan,0.07080078125,nan,0.2171630859375,nan,0.2171630859375,1,0.345947265625,0.362548828125,0.01290221910790591,8,3,15,95,110,20260920,761,4.818248099996708
phase,S1,4,0.02,3,8,1024,8192,0.34326171875,0.33305570057603856,0.35361466598696817,1.3223876953125,0.3055419921875,0.2274169921875,nan,0.0562744140625,nan,0.13818359375,nan,0.13818359375,1,0.331787109375,0.3525390625,0.016164985700436375,8,3,15,95,110,20260920,761,4.863513999967836
phase,S1,4,0.02,4,8,1024,8192,0.335693359375,0.3255464073072196,0.3459943352113217,1.333251953125,-0.43359375,0.2293701171875,nan,0.0782470703125,nan,0.136962890625,nan,0.136962890625,1,0.330810546875,0.3414306640625,0.008183004395118248,8,3,15,95,110,20260920,761,4.876518300035968
phase,S1,4,0.03,0,8,1024,8192,0.222412109375,0.21353790339942577,0.23154653084066565,2.7647705078125,2.7647705078125,0.280029296875,0.777587890625,nan,0.5771484375,nan,0.5771484375,nan,1,0.212646484375,0.2315673828125,0.014622838495213132,8,3,15,95,110,20260920,761,4.905541199957952
phase,S1,4,0.03,1,8,1024,8192,0.2325439453125,0.22352245782788743,0.2418161505362464,2.15966796875,1.917236328125,0.28271484375,nan,0.1212158203125,0.646240234375,nan,0.646240234375,nan,1,0.2249725341796875,0.2396240234375,0.011723835159709931,8,3,15,95,110,20260920,761,4.826478699920699
phase,S1,4,0.03,2,8,1024,8192,0.2408447265625,0.23170807966437312,0.25022430990981953,1.7666015625,1.092041015625,0.2755126953125,nan,0.093994140625,nan,0.2432861328125,nan,0.2432861328125,1,0.2340087890625,0.2474365234375,0.010307741594877153,8,3,15,95,110,20260920,761,4.828489999985322
phase,S1,4,0.03,3,8,1024,8192,0.2493896484375,0.2401394337200631,0.25887478945271947,1.5487060546875,0.3028564453125,0.2635498046875,nan,0.08251953125,nan,0.1785888671875,nan,0.1785888671875,1,0.240966796875,0.256591796875,0.012163006549883936,8,3,15,95,110,20260920,761,4.800038099987432
phase,S1,4,0.03,4,8,1024,8192,0.234619140625,0.225568406936311,0.2439186467303375,1.591552734375,-0.509521484375,0.2760009765625,nan,0.0926513671875,nan,0.176025390625,nan,0.176025390625,1,0.2257080078125,0.243408203125,0.01340774435326756,8,3,15,95,110,20260920,761,4.84801780001726
phase,S1,4,0.05,0,8,1024,8192,0.151123046875,0.14353060798656694,0.159042528802431,3.183349609375,3.183349609375,0.33544921875,0.848876953125,nan,0.6802978515625,nan,0.6802978515625,nan,1,0.1429443359375,0.1580810546875,0.011831558043200891,8,3,15,95,110,20260920,761,4.959322799928486
phase,S1,4,0.05,1,8,1024,8192,0.162841796875,0.15500474448120855,0.1709949069572842,2.517333984375,2.2822265625,0.33740234375,nan,0.1175537109375,0.7196044921875,nan,0.7196044921875,nan,1,0.155029296875,0.1708984375,0.012082230340636007,8,3,15,95,110,20260920,761,4.831131499959156
phase,S1,4,0.05,2,8,1024,8192,0.1597900390625,0.1520152131040567,0.16788378347779676,2.06396484375,1.3359375,0.33349609375,nan,0.112060546875,nan,0.251953125,nan,0.251953125,1,0.151123046875,0.16845703125,0.013591295343277226,8,3,15,95,110,20260920,761,4.889003199990839
phase,S1,4,0.05,3,8,1024,8192,0.16796875,0.16002939816272535,0.17621935343492137,1.8294677734375,0.4024658203125,0.32958984375,nan,0.107666015625,nan,0.22705078125,nan,0.22705078125,1,0.1597900390625,0.1759033203125,0.012418645694345918,8,3,15,95,110,20260920,761,4.827818599995226
phase,S1,4,0.05,4,8,1024,8192,0.1580810546875,0.15034152113979057,0.16614110872234492,1.845947265625,-0.53271484375,0.3287353515625,nan,0.108642578125,nan,0.2156982421875,nan,0.2156982421875,1,0.1513671875,0.1646728515625,0.010274645533860058,8,3,15,95,110,20260920,761,4.833073299960233
phase,S1,6,0.0,0,8,1024,8192,1.0,0.9995312917117791,1.0,0.0,0.0,0.0,0.0,nan,0.0,nan,0.0,nan,1,1.0,1.0,0.0,8,3,21,105,165,20260920,761,0.1713800000725314
phase,S1,6,0.0,1,8,1024,8192,1.0,0.9995312917117791,1.0,0.0,0.0,0.0,nan,0.0,0.0,nan,0.0,nan,1,1.0,1.0,0.0,8,3,21,105,165,20260920,761,0.18477950000669807
phase,S1,6,0.0,2,8,1024,8192,1.0,0.9995312917117791,1.0,0.0,0.0,0.0,nan,0.0,nan,0.0,nan,0.0,1,1.0,1.0,0.0,8,3,21,105,165,20260920,761,0.18474329996388406
phase,S1,6,0.0,3,8,1024,8192,1.0,0.9995312917117791,1.0,0.0,0.0,0.0,nan,0.0,nan,0.0,nan,0.0,1,1.0,1.0,0.0,8,3,21,105,165,20260920,761,0.1897278999676928
phase,S1,6,0.0,4,8,1024,8192,1.0,0.9995312917117791,1.0,0.0,0.0,0.0,nan,0.0,nan,0.0,nan,0.0,1,1.0,1.0,0.0,8,3,21,105,165,20260920,761,0.1784751999657601
phase,S1,6,0.0,5,8,1024,8192,1.0,0.9995312917117791,1.0,0.0,0.0,0.0,nan,0.0,nan,0.0,nan,0.0,1,1.0,1.0,0.0,8,3,21,105,165,20260920,761,0.18176629999652505
phase,S1,6,0.0,6,8,1024,8192,1.0,0.9995312917117791,1.0,0.0,0.0,0.0,nan,0.0,nan,0.0,nan,0.0,1,1.0,1.0,0.0,8,3,21,105,165,20260920,761,0.1790731999790296
phase,S1,6,0.001,0,8,1024,8192,0.90869140625,0.9022607750506522,0.9147389233504797,0.263916015625,0.263916015625,0.0096435546875,0.09130859375,nan,0.04638671875,nan,0.04638671875,nan,1,0.9052734375,0.91259765625,0.005622054040069722,8,3,21,105,165,20260920,761,11.035345799988136
phase,S1,6,0.001,1,8,1024,8192,0.9024658203125,0.8958513053975455,0.9087030570960423,0.2274169921875,0.1915283203125,0.00927734375,nan,0.0179443359375,0.07958984375,nan,0.07958984375,nan,1,0.897216796875,0.90771484375,0.008094073112927008,8,3,21,105,165,20260920,761,11.091879699961282
phase,S1,6,0.001,2,8,1024,8192,0.909423828125,0.9030153913437764,0.915448464222949,0.17138671875,0.09814453125,0.0062255859375,nan,0.00732421875,nan,0.029296875,nan,0.029296875,1,0.9031982421875,0.9154052734375,0.009406771637692402,8,3,21,105,165,20260920,761,10.396089000045322
phase,S1,6,0.001,3,8,1024,8192,0.9093017578125,0.9028896134850237,0.9153302158874361,0.1588134765625,0.0518798828125,0.0120849609375,nan,0.0040283203125,nan,0.0107421875,nan,0.0107421875,1,0.904052734375,0.914794921875,0.008277154202664385,8,3,21,105,165,20260920,761,9.856044200016186
phase,S1,6,0.001,4,8,1024,8192,0.9130859375,0.9067903389633912,0.9189943024313013,0.15283203125,-0.04345703125,0.0072021484375,nan,0.009521484375,nan,0.015380859375,nan,0.015380859375,1,0.9061279296875,0.920166015625,0.010836889780099583,8,3,21,105,165,20260920,761,9.763870400027372
phase,S1,6,0.001,5,8,1024,8192,0.90673828125,0.9002490542409659,0.9128462250519168,0.1778564453125,-0.1278076171875,0.004150390625,nan,0.00732421875,nan,0.0181884765625,nan,0.0181884765625,1,0.902587890625,0.91064453125,0.006154225725477896,8,3,21,105,165,20260920,761,9.736519300029613
phase,S1,6,0.001,6,8,1024,8192,0.907958984375,0.9015062800158598,0.9140292612196788,0.196533203125,-0.173583984375,0.011474609375,nan,0.0054931640625,nan,0.01220703125,nan,0.01220703125,1,0.9041748046875,0.911376953125,0.005615992524517395,8,3,21,105,165,20260920,761,9.710256499936804
phase,S1,6,0.003,0,8,1024,8192,0.7459716796875,0.7364312889594175,0.7552814924857082,0.7540283203125,0.7540283203125,0.030517578125,0.2540283203125,nan,0.1412353515625,nan,0.1412353515625,nan,1,0.73486328125,0.7586669921875,0.018664044951882487,8,3,21,105,165,20260920,761,10.011158300098032
phase,S1,6,0.003,1,8,1024,8192,0.7501220703125,0.7406310463297797,0.7593786257203753,0.5732421875,0.485595703125,0.015869140625,nan,0.0438232421875,0.2060546875,nan,0.2060546875,nan,1,0.73974609375,0.7607421875,0.0162527153345533,8,3,21,105,165,20260920,761,9.983611800009385
phase,S1,6,0.003,2,8,1024,8192,0.752197265625,0.7427313543749174,0.7614267629777522,0.4847412109375,0.3050537109375,0.020263671875,nan,0.01708984375,nan,0.07275390625,nan,0.07275390625,1,0.744873046875,0.7615966796875,0.012719435357708196,8,3,21,105,165,20260920,761,9.850118099944666
phase,S1,6,0.003,3,8,1024,8192,0.7540283203125,0.7445848076376824,0.7632337026289708,0.443115234375,0.13134765625,0.030029296875,nan,0.0162353515625,nan,0.0330810546875,nan,0.0330810546875,1,0.7403564453125,0.76708984375,0.020830381275107196,8,3,21,105,165,20260920,761,10.049057599972002
phase,S1,6,0.003,4,8,1024,8192,0.74853515625,0.7390251222062938,0.757812209318409,0.449462890625,-0.1328125,0.0223388671875,nan,0.0267333984375,nan,0.0421142578125,nan,0.0421142578125,1,0.739013671875,0.7586669921875,0.015290076739754752,8,3,21,105,165,20260920,761,10.112356400000863
phase,S1,6,0.003,5,8,1024,8192,0.755859375,0.7464384879289314,0.7650404152517054,0.4776611328125,-0.3226318359375,0.0162353515625,nan,0.020751953125,nan,0.0496826171875,nan,0.0496826171875,1,0.745849609375,0.7666015625,0.016114338101163698,8,3,21,105,165,20260920,761,9.859706999966875
phase,S1,6,0.003,6,8,1024,8192,0.7454833984375,0.7359372744672839,0.7547994022007796,0.5826416015625,-0.5181884765625,0.0322265625,nan,0.0167236328125,nan,0.0391845703125,nan,0.0391845703125,1,0.7391357421875,0.7523193359375,0.010188092628245778,8,3,21,105,165,20260920,761,9.760554200038314
phase,S1,6,0.005,0,8,1024,8192,0.6129150390625,0.6023167872919591,0.6234074424036941,1.215087890625,1.215087890625,0.0484619140625,0.3870849609375,nan,0.2303466796875,nan,0.2303466796875,nan,1,0.6021728515625,0.6253662109375,0.017998882168165378,8,3,21,105,165,20260920,761,10.074312799959444
phase,S1,6,0.005,1,8,1024,8192,0.623046875,0.612497114189773,0.6334812896299227,0.87646484375,0.75439453125,0.0277099609375,nan,0.06103515625,0.31591796875,nan,0.31591796875,nan,1,0.614013671875,0.6315948486328125,0.013691790341947877,8,3,21,105,165,20260920,761,11.02895800000988
phase,S1,6,0.005,2,8,1024,8192,0.6260986328125,0.6155644303902762,0.6365146282860586,0.7781982421875,0.5098876953125,0.036376953125,nan,0.02880859375,nan,0.1053466796875,nan,0.1053466796875,1,0.6123046875,0.6405029296875,0.021283286174706702,8,3,21,105,165,20260920,761,11.058755299891345
phase,S1,6,0.005,3,8,1024,8192,0.637451171875,0.6269787697067338,0.6477947250362991,0.6580810546875,0.1798095703125,0.0433349609375,nan,0.0262451171875,nan,0.052978515625,nan,0.052978515625,1,0.6253662109375,0.6505126953125,0.0195713177181601,8,3,21,105,165,20260920,761,11.178613200085238
phase,S1,6,0.005,4,8,1024,8192,0.62255859375,0.6120063847308049,0.6329959143118283,0.707763671875,-0.22216796875,0.0308837890625,nan,0.04833984375,nan,0.0758056640625,nan,0.0758056640625,1,0.611328125,0.6339111328125,0.017233729427100736,8,3,21,105,165,20260920,761,11.094963300041854
phase,S1,6,0.005,5,8,1024,8192,0.62744140625,0.6169141903037428,0.6378491565095133,0.7689208984375,-0.5186767578125,0.02978515625,nan,0.035400390625,nan,0.08203125,nan,0.08203125,1,0.6146240234375,0.6419677734375,0.021197095136253973,8,3,21,105,165,20260920,761,10.939172400045209
phase,S1,6,0.005,6,8,1024,8192,0.624267578125,0.6137239874325834,0.6346946783297679,0.8753662109375,-0.7781982421875,0.048583984375,nan,0.0283203125,nan,0.0615234375,nan,0.0615234375,1,0.6158447265625,0.6328125,0.01328525002132761,8,3,21,105,165,20260920,761,10.978145500062965
phase,S1,6,0.01,0,8,1024,8192,0.4144287109375,0.4038036142797542,0.42513402354008045,1.902587890625,1.902587890625,0.07275390625,0.5855712890625,nan,0.3807373046875,nan,0.3807373046875,nan,1,0.4073486328125,0.4208984375,0.010347317136103871,8,3,21,105,165,20260920,761,10.813735499978065
phase,S1,6,0.01,1,8,1024,8192,0.4173583984375,0.40672111028149105,0.4280731562007174,1.4658203125,1.271240234375,0.055419921875,nan,0.0972900390625,0.4853515625,nan,0.4853515625,nan,1,0.40771484375,0.4266357421875,0.014680373483304341,8,3,21,105,165,20260920,761,11.095370099996217
phase,S1,6,0.01,2,8,1024,8192,0.421142578125,0.41049011555503484,0.4318689629494063,1.2532958984375,0.8006591796875,0.0623779296875,nan,0.05322265625,nan,0.173095703125,nan,0.173095703125,1,0.4066162109375,0.4356689453125,0.02238955319919409,8,3,21,105,165,20260920,761,11.162647899938747
phase,S1,6,0.01,3,8,1024,8192,0.4244384765625,0.4137733220555432,0.4351744636940683,1.08935546875,0.27001953125,0.06884765625,nan,0.048583984375,nan,0.102294921875,nan,0.102294921875,1,0.4169921875,0.431396484375,0.011010715120878594,8,3,21,105,165,20260920,761,10.996105799917132
phase,S1,6,0.01,4,8,1024,8192,0.4271240234375,0.41644888728075147,0.4378674747427026,1.1270751953125,-0.3416748046875,0.0548095703125,nan,0.07470703125,nan,0.1258544921875,nan,0.1258544921875,1,0.4138153076171875,0.4412841796875,0.021292885853228905,8,3,21,105,165,20260920,761,10.940652800025418
phase,S1,6,0.01,5,8,1024,8192,0.41943359375,0.4087879042997225,0.4301548074850006,1.2396240234375,-0.8341064453125,0.0555419921875,nan,0.05419921875,nan,0.1292724609375,nan,0.1292724609375,1,0.4093017578125,0.43017578125,0.016249047555363768,8,3,21,105,165,20260920,761,11.145978200016543
phase,S1,6,0.01,6,8,1024,8192,0.419921875,0.40927423696530646,0.4306445795964789,1.4305419921875,-1.2752685546875,0.07763671875,nan,0.0523681640625,nan,0.10986328125,nan,0.10986328125,1,0.410888671875,0.42932434082031246,0.014447090921874574,8,3,21,105,165,20260920,761,10.830365200061351
phase,S1,6,0.02,0,8,1024,8192,0.2200927734375,0.21125335507529652,0.22919458147374905,2.701171875,2.701171875,0.0941162109375,0.7799072265625,nan,0.57275390625,nan,0.57275390625,nan,1,0.212646484375,0.2276611328125,0.01179912794645457,8,3,21,105,165,20260920,761,10.978873300016858
phase,S1,6,0.02,1,8,1024,8192,0.232421875,0.22340211747269012,0.24169246469717814,2.1402587890625,1.9083251953125,0.0885009765625,nan,0.115966796875,0.651611328125,nan,0.651611328125,nan,1,0.2257080078125,0.241455078125,0.01224185879937517,8,3,21,105,165,20260920,761,11.112236200016923
phase,S1,6,0.02,2,8,1024,8192,0.2501220703125,0.24086235052026753,0.25961602981810855,1.718505859375,1.116943359375,0.085693359375,nan,0.0836181640625,nan,0.2171630859375,nan,0.2171630859375,1,0.239990234375,0.26025390625,0.015532629273637931,8,3,21,105,165,20260920,761,11.07830669998657
phase,S1,6,0.02,3,8,1024,8192,0.251220703125,0.24194679266057714,0.2607278234261891,1.5501708984375,0.4212646484375,0.096923828125,nan,0.0787353515625,nan,0.167724609375,nan,0.167724609375,1,0.239013671875,0.2615966796875,0.017506286114894597,8,3,21,105,165,20260920,761,11.009553299983963
phase,S1,6,0.02,4,8,1024,8192,0.2403564453125,0.23122643886813796,0.24972984592899242,1.5670166015625,-0.4383544921875,0.0848388671875,nan,0.093505859375,nan,0.1793212890625,nan,0.1793212890625,1,0.236328125,0.2451171875,0.007011798413420314,8,3,21,105,165,20260920,761,11.469377299887128
phase,S1,6,0.02,5,8,1024,8192,0.2391357421875,0.23002240926252457,0.24849361359195007,1.74365234375,-1.181396484375,0.0816650390625,nan,0.0889892578125,nan,0.1793212890625,nan,0.1793212890625,1,0.22900390625,0.248291015625,0.014786712512747385,8,3,21,105,165,20260920,761,11.824563900008798
phase,S1,6,0.02,6,8,1024,8192,0.2213134765625,0.2124556982292306,0.2304325002624707,2.1229248046875,-1.9246826171875,0.09912109375,nan,0.0806884765625,nan,0.1744384765625,nan,0.1744384765625,1,0.211669921875,0.2310791015625,0.014698922489813237,8,3,21,105,165,20260920,761,11.746789500000887
phase,S1,6,0.03,0,8,1024,8192,0.162353515625,0.15452635163886605,0.1704971950225644,3.0858154296875,3.0858154296875,0.10693359375,0.837646484375,nan,0.6666259765625,nan,0.6666259765625,nan,1,0.15576171875,0.168701171875,0.009914462879242263,8,3,21,105,165,20260920,761,11.564081700053066
phase,S1,6,0.03,1,8,1024,8192,0.172607421875,0.1645778606190577,0.18094388636068073,2.419677734375,2.177001953125,0.1009521484375,nan,0.121337890625,0.7060546875,nan,0.7060546875,nan,1,0.16943359375,0.1756591796875,0.004917566052459421,8,3,21,105,165,20260920,761,11.306048300000839
phase,S1,6,0.03,2,8,1024,8192,0.17626953125,0.16817027839455725,0.1846722544131483,2.002685546875,1.318115234375,0.1055908203125,nan,0.10888671875,nan,0.2333984375,nan,0.2333984375,1,0.16259765625,0.189208984375,0.020504490589797596,8,3,21,105,165,20260920,761,10.77867479994893
phase,S1,6,0.03,3,8,1024,8192,0.180419921875,0.17224326810552165,0.18889615530721332,1.7884521484375,0.4520263671875,0.1112060546875,nan,0.1043701171875,nan,0.2095947265625,nan,0.2095947265625,1,0.1728515625,0.1890869140625,0.012708719740508929,8,3,21,105,165,20260920,761,10.889746499946341
phase,S1,6,0.03,4,8,1024,8192,0.1781005859375,0.1699669808202419,0.18653594490144723,1.770263671875,-0.41943359375,0.1107177734375,nan,0.110107421875,nan,0.2042236328125,nan,0.2042236328125,1,0.1636962890625,0.1898193359375,0.019992717370676993,8,3,21,105,165,20260920,761,11.121546400012448
phase,S1,6,0.03,5,8,1024,8192,0.177001953125,0.16888892026828858,0.18541776970501042,1.9783935546875,-1.3612060546875,0.095458984375,nan,0.1046142578125,nan,0.2105712890625,nan,0.2105712890625,1,0.1667449951171875,0.1868896484375,0.015605369225165384,8,3,21,105,165,20260920,761,10.93854719994124
phase,S1,6,0.03,6,8,1024,8192,0.1641845703125,0.15632045657318175,0.17236348300223228,2.4288330078125,-2.2105712890625,0.109130859375,nan,0.1033935546875,nan,0.2108154296875,nan,0.2108154296875,1,0.1583251953125,0.169921875,0.009017636351735418,8,3,21,105,165,20260920,761,10.915576300001703
phase,S1,6,0.05,0,8,1024,8192,0.1322021484375,0.12503954311321805,0.13970953356461638,3.3760986328125,3.3760986328125,0.119873046875,0.8677978515625,nan,0.730224609375,nan,0.730224609375,nan,1,0.1256103515625,0.137939453125,0.009595866882607579,8,3,21,105,165,20260920,761,11.250799199915491
phase,S1,6,0.05,1,8,1024,8192,0.129638671875,0.12253794851034272,0.1370865780879147,2.663330078125,2.417724609375,0.11669921875,nan,0.122802734375,0.74755859375,nan,0.74755859375,nan,1,0.12060546875,0.1396484375,0.015009047186745802,8,3,21,105,165,20260920,761,10.997123699984513
phase,S1,6,0.05,2,8,1024,8192,0.1397705078125,0.13243045468324405,0.14744824603905576,2.15185546875,1.439453125,0.1162109375,nan,0.1136474609375,nan,0.2425537109375,nan,0.2425537109375,1,0.1304931640625,0.1480712890625,0.013404568592462864,8,3,21,105,165,20260920,761,10.876650499994867
phase,S1,6,0.05,3,8,1024,8192,0.1348876953125,0.12766124143205995,0.14245641151961705,1.95263671875,0.470947265625,0.1212158203125,nan,0.12060546875,nan,0.243408203125,nan,0.243408203125,1,0.1285400390625,0.141357421875,0.009910167742845552,8,3,21,105,165,20260920,761,10.999292900087312
phase,S1,6,0.05,4,8,1024,8192,0.1453857421875,0.13791886468191528,0.1531850409766008,1.912353515625,-0.50341796875,0.1177978515625,nan,0.1195068359375,nan,0.234619140625,nan,0.234619140625,1,0.1405029296875,0.1505126953125,0.007872217010975943,8,3,21,105,165,20260920,761,10.892251400044188
phase,S1,6,0.05,5,8,1024,8192,0.1297607421875,0.12265705099643268,0.1372115017960903,2.2149658203125,-1.5037841796875,0.1146240234375,nan,0.1263427734375,nan,0.2447509765625,nan,0.2447509765625,1,0.1243896484375,0.1343994140625,0.007820125672874495,8,3,21,105,165,20260920,761,11.491784800076857
phase,S1,6,0.05,6,8,1024,8192,0.132080078125,0.124920398652013,0.13958465183155583,2.658203125,-2.42333984375,0.117431640625,nan,0.11767578125,nan,0.22705078125,nan,0.22705078125,1,0.12353515625,0.14013671875,0.012826099156800486,8,3,21,105,165,20260920,761,11.02916570007801
phase,S2,2,0.0,0,8,1024,8192,0.8780517578125,0.8707880101819242,0.8849611134585494,0.2049560546875,0.2049560546875,0.0245361328125,0.1219482421875,nan,0.0584716796875,nan,0.1219482421875,nan,0,0.8717041015625,0.884033203125,0.009474417925748171,8,2,8,45,37,20260920,761,1.831467799958773
phase,S2,2,0.0,1,8,1024,8192,0.87841796875,0.8711632124758203,0.88531798974745,0.1578369140625,0.0616455078125,0.0362548828125,nan,0.048095703125,0.073486328125,nan,nan,0.048095703125,0,0.8721923828125,0.8841552734375,0.009146084488327993,8,2,8,45,37,20260920,761,1.7716502000112087
phase,S2,2,0.0,2,8,1024,8192,0.885498046875,0.8784213061160516,0.8922134153746218,0.1461181640625,-0.0775146484375,0.0343017578125,nan,0.0316162109375,nan,0.0802001953125,nan,0.0316162109375,0,0.8797607421875,0.8912353515625,0.008916028613225949,8,2,8,45,37,20260920,761,1.7340953999664634
phase,S2,2,0.001,0,8,1024,8192,0.862060546875,0.854423322175386,0.8693583700162978,0.236328125,0.236328125,0.031005859375,0.137939453125,nan,0.0673828125,nan,0.137939453125,nan,0,0.857421875,0.866455078125,0.006998427545303576,8,2,8,45,37,20260920,761,2.7337427999591455
phase,S2,2,0.001,1,8,1024,8192,0.85791015625,0.8501817240882353,0.8653030774984191,0.1827392578125,0.0723876953125,0.0406494140625,nan,0.05517578125,0.0869140625,nan,nan,0.05517578125,0,0.8509521484375,0.8631591796875,0.009568319307746789,8,2,8,45,37,20260920,761,2.2105053999694064
phase,S2,2,0.001,2,8,1024,8192,0.865234375,0.8576684251638569,0.8724579480787318,0.173095703125,-0.09619140625,0.0384521484375,nan,0.038330078125,nan,0.0963134765625,nan,0.038330078125,0,0.8558349609375,0.873046875,0.013205535230133071,8,2,8,45,37,20260920,761,2.1668166000163183
phase,S2,2,0.003,0,8,1024,8192,0.8310546875,0.8227858254247875,0.8390132134234412,0.289794921875,0.289794921875,0.0391845703125,0.1689453125,nan,0.0816650390625,nan,0.1689453125,nan,0,0.82763671875,0.8341064453125,0.004952075711299902,8,2,8,45,37,20260920,761,2.719883000012487
phase,S2,2,0.003,1,8,1024,8192,0.829345703125,0.8210451238718068,0.8373375482567038,0.2159423828125,0.0855712890625,0.0452880859375,nan,0.065185546875,0.10546875,nan,nan,0.065185546875,0,0.823486328125,0.834716796875,0.008715121762910425,8,2,8,45,37,20260920,761,2.1988717999774963
phase,S2,2,0.003,2,8,1024,8192,0.8341064453125,0.8258949700502187,0.8420047236546493,0.2108154296875,-0.1241455078125,0.0433349609375,nan,0.044921875,nan,0.12255859375,nan,0.044921875,0,0.828369140625,0.83935546875,0.008552392302078871,8,2,8,45,37,20260920,761,2.126787600107491
phase,S2,2,0.005,0,8,1024,8192,0.802490234375,0.793728117989731,0.8109687914003542,0.3349609375,0.3349609375,0.0458984375,0.197509765625,nan,0.091552734375,nan,0.197509765625,nan,0,0.794677734375,0.8111572265625,0.01293188320938752,8,2,8,45,37,20260920,761,2.768809099914506
phase,S2,2,0.005,1,8,1024,8192,0.7965087890625,0.7876526606881317,0.8050869651829403,0.255859375,0.098388671875,0.0523681640625,nan,0.0787353515625,0.124755859375,nan,nan,0.0787353515625,0,0.7890625,0.8028564453125,0.01099833483292032,8,2,8,45,37,20260920,761,2.211539499927312
phase,S2,2,0.005,2,8,1024,8192,0.8057861328125,0.7970771226508654,0.81420849398439,0.2432861328125,-0.1427001953125,0.05029296875,nan,0.049072265625,nan,0.1439208984375,nan,0.049072265625,0,0.80029296875,0.811279296875,0.00840780046763797,8,2,8,45,37,20260920,761,2.196121899993159
phase,S2,2,0.01,0,8,1024,8192,0.7218017578125,0.711995772052727,0.7313998229278156,0.4775390625,0.4775390625,0.067138671875,0.2781982421875,nan,0.1322021484375,nan,0.2781982421875,nan,0,0.7158203125,0.728515625,0.009574546655824013,8,2,8,45,37,20260920,761,2.6615103000076488
phase,S2,2,0.01,1,8,1024,8192,0.7259521484375,0.7161891894064762,0.7355032961790957,0.3408203125,0.125732421875,0.0667724609375,nan,0.1075439453125,0.16650390625,nan,nan,0.1075439453125,0,0.716064453125,0.736083984375,0.015624455033744145,8,2,8,45,37,20260920,761,2.2249780000420287
phase,S2,2,0.01,2,8,1024,8192,0.7276611328125,0.7179161950231654,0.7371926572821246,0.3424072265625,-0.2086181640625,0.06689453125,nan,0.070068359375,nan,0.2054443359375,nan,0.070068359375,0,0.7216796875,0.732177734375,0.008310008330135227,8,2,8,45,37,20260920,761,2.216387700056657
phase,S2,2,0.02,0,8,1024,8192,0.6246337890625,0.6140920632363867,0.6350586811087613,0.6519775390625,0.6519775390625,0.0941162109375,0.3753662109375,nan,0.1824951171875,nan,0.3753662109375,nan,0,0.6175537109375,0.630615234375,0.010080545838038106,8,2,8,45,37,20260920,761,2.6956289999652654
phase,S2,2,0.02,1,8,1024,8192,0.6182861328125,0.6077129840221462,0.6287483982211921,0.4739990234375,0.1746826171875,0.09228515625,nan,0.149658203125,0.2320556640625,nan,nan,0.149658203125,0,0.6104736328125,0.6268310546875,0.012532627574950432,8,2,8,45,37,20260920,761,2.2380490000359714
phase,S2,2,0.02,2,8,1024,8192,0.6146240234375,0.6040336119898025,0.6251069844255687,0.4847412109375,-0.2926025390625,0.0960693359375,nan,0.099365234375,nan,0.289306640625,nan,0.099365234375,0,0.6060791015625,0.623046875,0.013059649059226418,8,2,8,45,37,20260920,761,2.217396800057031
phase,S2,2,0.03,0,8,1024,8192,0.5242919921875,0.5134685474821197,0.5350926651767289,0.82373046875,0.82373046875,0.112060546875,0.4757080078125,nan,0.2359619140625,nan,0.4757080078125,nan,0,0.5170867919921875,0.5303955078125,0.01022146894247623,8,2,8,45,37,20260920,761,2.6788180000148714
phase,S2,2,0.03,1,8,1024,8192,0.534423828125,0.5236085307808473,0.5452068560020438,0.5843505859375,0.2357177734375,0.1187744140625,nan,0.17431640625,0.291259765625,nan,nan,0.17431640625,0,0.5252685546875,0.5430908203125,0.01375879180039587,8,2,8,45,37,20260920,761,2.2397788000525907
phase,S2,2,0.03,2,8,1024,8192,0.5390625,0.5282524249998932,0.5498359571650895,0.582275390625,-0.334228515625,0.1240234375,nan,0.121337890625,nan,0.3369140625,nan,0.121337890625,0,0.53125,0.5478515625,0.012722112851761159,8,2,8,45,37,20260920,761,2.1649509000126272
phase,S2,2,0.05,0,8,1024,8192,0.4041748046875,0.39359544510764655,0.41484399239388015,1.0806884765625,1.0806884765625,0.1611328125,0.5958251953125,nan,0.32373046875,nan,0.5958251953125,nan,0,0.4012451171875,0.4066162109375,0.004091502197559124,8,2,8,45,37,20260920,761,2.689958800096065
phase,S2,2,0.05,1,8,1024,8192,0.423828125,0.4131652840867612,0.43456237069152254,0.7352294921875,0.3167724609375,0.1590576171875,nan,0.209228515625,0.366943359375,nan,nan,0.209228515625,0,0.4146728515625,0.4329833984375,0.014142104796288154,8,2,8,45,37,20260920,761,2.2386668999679387
phase,S2,2,0.05,2,8,1024,8192,0.4234619140625,0.41280046932109427,0.43419510687439267,0.7418212890625,-0.4351806640625,0.1533203125,nan,0.165283203125,nan,0.4232177734375,nan,0.165283203125,0,0.4134521484375,0.4334716796875,0.015528243073967381,8,2,8,45,37,20260920,761,2.2276372000342235
phase,S2,4,0.0,0,8,1024,8192,0.7264404296875,0.7166826013712171,0.7359859889914173,0.8560791015625,0.8560791015625,0.072509765625,0.2735595703125,nan,0.172607421875,nan,0.172607421875,nan,1,0.720458984375,0.732421875,0.00916747234156181,8,3,15,95,110,20260920,761,5.094143800088204
phase,S2,4,0.0,1,8,1024,8192,0.6922607421875,0.6821776419937178,0.7021636139745566,0.7354736328125,0.5904541015625,0.0986328125,nan,0.072509765625,0.2352294921875,nan,0.2352294921875,nan,1,0.67919921875,0.7054473876953125,0.020239916219984857,8,3,15,95,110,20260920,761,4.868736799922772
phase,S2,4,0.0,2,8,1024,8192,0.6890869140625,0.678976970394003,0.6990196045233665,0.6688232421875,0.3717041015625,0.0985107421875,nan,0.036865234375,nan,0.1116943359375,nan,0.1116943359375,1,0.677978515625,0.701904296875,0.01862385413648989,8,3,15,95,110,20260920,761,4.914631800027564
phase,S2,4,0.0,3,8,1024,8192,0.669189453125,0.6589235657308675,0.679296739521214,0.6414794921875,0.1685791015625,0.1090087890625,nan,0.01953125,nan,0.0528564453125,nan,0.0528564453125,1,0.6611328125,0.6766357421875,0.012037041850044427,8,3,15,95,110,20260920,761,4.939816800062545
phase,S2,4,0.0,4,8,1024,8192,0.6827392578125,0.672577271057603,0.6927299417579569,0.627685546875,-0.25146484375,0.103515625,nan,0.052490234375,nan,0.0716552734375,nan,0.0716552734375,1,0.671142578125,0.69482421875,0.0184289789714508,8,3,15,95,110,20260920,761,4.866129799978808
phase,S2,4,0.001,0,8,1024,8192,0.6842041015625,0.6740539315703132,0.6941815955764336,1.020751953125,1.020751953125,0.0904541015625,0.3157958984375,nan,0.2037353515625,nan,0.2037353515625,nan,1,0.671630859375,0.6954345703125,0.018314034266113423,8,3,15,95,110,20260920,761,8.793488399940543
phase,S2,4,0.001,1,8,1024,8192,0.6563720703125,0.6460166821312532,0.6665808727229434,0.8236083984375,0.6697998046875,0.104248046875,nan,0.076904296875,0.2667236328125,nan,0.2667236328125,nan,1,0.64599609375,0.6685791015625,0.017542727721896485,8,3,15,95,110,20260920,761,6.781638399930671
phase,S2,4,0.001,2,8,1024,8192,0.6541748046875,0.6438049128870368,0.6644001704703794,0.748291015625,0.419677734375,0.1102294921875,nan,0.0418701171875,nan,0.1224365234375,nan,0.1224365234375,1,0.6439208984375,0.6644287109375,0.015646238878458393,8,3,15,95,110,20260920,761,6.892271799966693
phase,S2,4,0.001,3,8,1024,8192,0.6317138671875,0.6212094560232605,0.6420948075892906,0.705810546875,0.164794921875,0.1124267578125,nan,0.02490234375,nan,0.0601806640625,nan,0.0601806640625,1,0.6175537109375,0.64892578125,0.024586098663980774,8,3,15,95,110,20260920,761,6.9528695999179035
phase,S2,4,0.001,4,8,1024,8192,0.6541748046875,0.6438049128870368,0.6644001704703794,0.6800537109375,-0.2979736328125,0.1044921875,nan,0.05810546875,nan,0.078369140625,nan,0.078369140625,1,0.6383056640625,0.6669921875,0.022271727679297824,8,3,15,95,110,20260920,761,6.655586100067012
phase,S2,4,0.003,0,8,1024,8192,0.6209716796875,0.6104115921444406,0.6314183663727402,1.1749267578125,1.1749267578125,0.0986328125,0.3790283203125,nan,0.23828125,nan,0.23828125,nan,1,0.6131591796875,0.6275634765625,0.011127640902107114,8,3,15,95,110,20260920,761,8.707572099985555
phase,S2,4,0.003,1,8,1024,8192,0.580078125,0.569355420403521,0.5907257630346935,1.038818359375,0.85693359375,0.13720703125,nan,0.0909423828125,0.3289794921875,nan,0.3289794921875,nan,1,0.56494140625,0.5938720703125,0.021642327244165004,8,3,15,95,110,20260920,761,6.972548499936238
phase,S2,4,0.003,2,8,1024,8192,0.591552734375,0.5808679129661761,0.6021517327330023,0.8779296875,0.478515625,0.1275634765625,nan,0.049560546875,nan,0.150146484375,nan,0.150146484375,1,0.583251953125,0.60009765625,0.01290023907580362,8,3,15,95,110,20260920,761,6.773665999993682
phase,S2,4,0.003,3,8,1024,8192,0.5772705078125,0.5665394388046128,0.5879291421654937,0.8056640625,0.1689453125,0.1307373046875,nan,0.0281982421875,nan,0.073486328125,nan,0.073486328125,1,0.570556640625,0.5848388671875,0.01100452671790507,8,3,15,95,110,20260920,761,6.782336700009182
phase,S2,4,0.003,4,8,1024,8192,0.5728759765625,0.5621325252572974,0.5835511127192484,0.860595703125,-0.368408203125,0.1324462890625,nan,0.071533203125,nan,0.1016845703125,nan,0.1016845703125,1,0.559326171875,0.5853271484375,0.020189369003788493,8,3,15,95,110,20260920,761,6.829181399894878
phase,S2,4,0.005,0,8,1024,8192,0.552001953125,0.541211420188064,0.5627437385690692,1.46142578125,1.46142578125,0.134521484375,0.447998046875,nan,0.29248046875,nan,0.29248046875,nan,1,0.5418701171875,0.560546875,0.014743460399329458,8,3,15,95,110,20260920,761,8.618741899961606
phase,S2,4,0.005,1,8,1024,8192,0.524658203125,0.5138349751511164,0.5354583160905289,1.1644287109375,0.9656982421875,0.1485595703125,nan,0.099365234375,0.3759765625,nan,0.3759765625,nan,1,0.515625,0.534423828125,0.01473421684958111,8,3,15,95,110,20260920,761,6.8563567999517545
phase,S2,4,0.005,2,8,1024,8192,0.5235595703125,0.5127357096178327,0.5343613458754226,1.0172119140625,0.5582275390625,0.1451416015625,nan,0.0567626953125,nan,0.1727294921875,nan,0.1727294921875,1,0.511962890625,0.5338134765625,0.016813068884707422,8,3,15,95,110,20260920,761,6.910195300006308
phase,S2,4,0.005,3,8,1024,8192,0.5184326171875,0.5076064965497376,0.5292414587843637,0.932861328125,0.20947265625,0.1536865234375,nan,0.0345458984375,nan,0.0848388671875,nan,0.0848388671875,1,0.5089111328125,0.5284423828125,0.015069628283213832,8,3,15,95,110,20260920,761,6.759707199991681
phase,S2,4,0.005,4,8,1024,8192,0.522705078125,0.5118807615504438,0.5335081105829523,0.9482421875,-0.360107421875,0.1571044921875,nan,0.0718994140625,nan,0.10498046875,nan,0.10498046875,1,0.506103515625,0.538818359375,0.02484688875261828,8,3,15,95,110,20260920,761,6.750415799906477
phase,S2,4,0.01,0,8,1024,8192,0.4293212890625,0.41863822590068966,0.44007060761954464,1.922119140625,1.922119140625,0.188720703125,0.5706787109375,nan,0.3828125,nan,0.3828125,nan,1,0.4222412109375,0.4354248046875,0.01036047538924855,8,3,15,95,110,20260920,761,8.61498119996395
phase,S2,4,0.01,1,8,1024,8192,0.4044189453125,0.39383844104652405,0.41508904884353387,1.5435791015625,1.3211669921875,0.2061767578125,nan,0.1112060546875,0.484375,nan,0.484375,nan,1,0.395751953125,0.4132080078125,0.013455290819251073,8,3,15,95,110,20260920,761,6.7745345999719575
phase,S2,4,0.01,2,8,1024,8192,0.4144287109375,0.4038036142797542,0.42513402354008045,1.300537109375,0.75732421875,0.196044921875,nan,0.068359375,nan,0.2032470703125,nan,0.2032470703125,1,0.3985595703125,0.4298095703125,0.02382342182708583,8,3,15,95,110,20260920,761,6.809605299960822
phase,S2,4,0.01,3,8,1024,8192,0.405517578125,0.3949319565154459,0.41619176912300215,1.1888427734375,0.2655029296875,0.19970703125,nan,0.051025390625,nan,0.1173095703125,nan,0.1173095703125,1,0.3944091796875,0.41796875,0.018170736701043508,8,3,15,95,110,20260920,761,6.802794300019741
phase,S2,4,0.01,4,8,1024,8192,0.3980712890625,0.3875214355043817,0.40871669228386653,1.2099609375,-0.437744140625,0.2032470703125,nan,0.08349609375,nan,0.1337890625,nan,0.1337890625,1,0.3883056640625,0.4073486328125,0.014689650914348554,8,3,15,95,110,20260920,761,6.8240279000019655
phase,S2,4,0.02,0,8,1024,8192,0.27783203125,0.26823806404188477,0.28763426239477596,2.4931640625,2.4931640625,0.24755859375,0.72216796875,nan,0.5218505859375,nan,0.5218505859375,nan,1,0.26904296875,0.2861328125,0.013338979706251699,8,3,15,95,110,20260920,761,8.808241300052032
phase,S2,4,0.02,1,8,1024,8192,0.27734375,0.2677552592252374,0.287140962434361,1.9913330078125,1.7584228515625,0.2586669921875,nan,0.116455078125,0.606201171875,nan,0.606201171875,nan,1,0.2711181640625,0.2825927734375,0.008950343154210625,8,3,15,95,110,20260920,761,6.788120400044136
phase,S2,4,0.02,2,8,1024,8192,0.27978515625,0.2701694265671856,0.28960731897772424,1.6357421875,0.98388671875,0.2481689453125,nan,0.087646484375,nan,0.23828125,nan,0.23828125,1,0.270263671875,0.29150390625,0.016572815184059706,8,3,15,95,110,20260920,761,6.7660542000085115
phase,S2,4,0.02,3,8,1024,8192,0.2650146484375,0.25556926530151053,0.27468031073726523,1.5252685546875,0.3507080078125,0.2667236328125,nan,0.0738525390625,nan,0.1632080078125,nan,0.1632080078125,1,0.2564697265625,0.2716064453125,0.01172964407133093,8,3,15,95,110,20260920,761,6.9251479000085965
phase,S2,4,0.02,4,8,1024,8192,0.268310546875,0.25882598769207604,0.2780122955918701,1.5445556640625,-0.4869384765625,0.2646484375,nan,0.100830078125,nan,0.169921875,nan,0.169921875,1,0.257080078125,0.2803955078125,0.018057920606119313,8,3,15,95,110,20260920,761,6.844742699991912
phase,S2,4,0.03,0,8,1024,8192,0.1937255859375,0.1853116303384689,0.20242664824921333,2.935302734375,2.935302734375,0.3017578125,0.8062744140625,nan,0.61865234375,nan,0.61865234375,nan,1,0.1851806640625,0.2037353515625,0.014502974745310008,8,3,15,95,110,20260920,761,8.75277639995329
phase,S2,4,0.03,1,8,1024,8192,0.2088623046875,0.20019720461741194,0.2178003220592011,2.251220703125,1.997802734375,0.2928466796875,nan,0.126708984375,0.6644287109375,nan,0.6644287109375,nan,1,0.199951171875,0.218017578125,0.013646315992854173,8,3,15,95,110,20260920,761,6.901181599940173
phase,S2,4,0.03,2,8,1024,8192,0.2139892578125,0.2052433528453111,0.22300327399045594,1.86474609375,1.158447265625,0.29248046875,nan,0.1060791015625,nan,0.2470703125,nan,0.2470703125,1,0.202392578125,0.2236328125,0.0165846281474945,8,3,15,95,110,20260920,761,6.96235849999357
phase,S2,4,0.03,3,8,1024,8192,0.21240234375,0.20368122705642783,0.22139305925388675,1.660888671875,0.35107421875,0.290283203125,nan,0.095703125,nan,0.194091796875,nan,0.194091796875,1,0.202880859375,0.22119140625,0.013996855090607153,8,3,15,95,110,20260920,761,6.768377400003374
phase,S2,4,0.03,4,8,1024,8192,0.2022705078125,0.19371241807764922,0.21110769410862296,1.6954345703125,-0.5111083984375,0.300048828125,nan,0.0986328125,nan,0.1905517578125,nan,0.1905517578125,1,0.19287109375,0.2119140625,0.01468501293146735,8,3,15,95,110,20260920,761,6.895045200013556
phase,S2,4,0.05,0,8,1024,8192,0.1485595703125,0.14102274357547803,0.1564258431339429,3.2264404296875,3.2264404296875,0.3372802734375,0.8514404296875,nan,0.6937255859375,nan,0.6937255859375,nan,1,0.137939453125,0.1572265625,0.01500621031311456,8,3,15,95,110,20260920,761,8.7913785999408
phase,S2,4,0.05,1,8,1024,8192,0.1578369140625,0.1501024487367803,0.16589212873682402,2.5662841796875,2.3192138671875,0.3486328125,nan,0.12353515625,0.7186279296875,nan,0.7186279296875,nan,1,0.1470947265625,0.1690673828125,0.016889873590261697,8,3,15,95,110,20260920,761,6.871391299995594
phase,S2,4,0.05,2,8,1024,8192,0.153076171875,0.14544188169097289,0.16103567420627418,2.105712890625,1.367919921875,0.3406982421875,nan,0.116943359375,nan,0.251953125,nan,0.251953125,1,0.14404296875,0.1634521484375,0.014981791025295135,8,3,15,95,110,20260920,761,6.845960699953139
phase,S2,4,0.05,3,8,1024,8192,0.152099609375,0.14448618917578693,0.16003915716733558,1.8770751953125,0.4388427734375,0.344970703125,nan,0.1129150390625,nan,0.227294921875,nan,0.227294921875,1,0.1439208984375,0.1591796875,0.01169256281643331,8,3,15,95,110,20260920,761,6.908360700006597
phase,S2,4,0.05,4,8,1024,8192,0.144775390625,0.13732210641579,0.15256166827139822,1.8980712890625,-0.5155029296875,0.3455810546875,nan,0.1136474609375,nan,0.2264404296875,nan,0.2264404296875,1,0.1414794921875,0.148193359375,0.005239484363340938,8,3,15,95,110,20260920,761,6.918706199969165
phase,S2,6,0.0,0,8,1024,8192,0.6282958984375,0.6177731733526745,0.6386983568204406,1.169677734375,1.169677734375,0.03955078125,0.3717041015625,nan,0.2349853515625,nan,0.2349853515625,nan,1,0.6185302734375,0.638671875,0.015624455033744145,8,3,21,105,165,20260920,761,11.09949100005906
phase,S2,6,0.0,1,8,1024,8192,0.6114501953125,0.6008453320976047,0.6219505832668616,0.9586181640625,0.8072509765625,0.0338134765625,nan,0.07568359375,0.3128662109375,nan,0.3128662109375,nan,1,0.5982666015625,0.625732421875,0.021289686441340033,8,3,21,105,165,20260920,761,10.844443600042723
phase,S2,6,0.0,2,8,1024,8192,0.61083984375,0.600232255363374,0.6213435290297645,0.8365478515625,0.4957275390625,0.02685546875,nan,0.0467529296875,nan,0.1236572265625,nan,0.1236572265625,1,0.5989990234375,0.623291015625,0.018668150498977003,8,3,21,105,165,20260920,761,10.54134889994748
phase,S2,6,0.0,3,8,1024,8192,0.5831298828125,0.5724166723210244,0.5937651659738294,0.7928466796875,0.2303466796875,0.0604248046875,nan,0.0260009765625,nan,0.0673828125,nan,0.0673828125,1,0.5660369873046875,0.604736328125,0.030608820074883716,8,3,21,105,165,20260920,761,10.693216500105336
phase,S2,6,0.0,4,8,1024,8192,0.6015625,0.590915621386936,0.6121141722420191,0.7781982421875,-0.2664794921875,0.03173828125,nan,0.05908203125,nan,0.0860595703125,nan,0.0860595703125,1,0.584716796875,0.618408203125,0.02650375923576186,8,3,21,105,165,20260920,761,10.62575210002251
phase,S2,6,0.0,5,8,1024,8192,0.5794677734375,0.5687432203504673,0.5901178321164194,0.8636474609375,-0.5845947265625,0.0360107421875,nan,0.0338134765625,nan,0.092529296875,nan,0.092529296875,1,0.566650390625,0.593017578125,0.020596888156083577,8,3,21,105,165,20260920,761,10.845775399939157
phase,S2,6,0.0,6,8,1024,8192,0.564208984375,0.55344363920116,0.5749141389825304,1.0467529296875,-0.9290771484375,0.058837890625,nan,0.03564453125,nan,0.0718994140625,nan,0.0718994140625,1,0.552490234375,0.5753173828125,0.01795957342832506,8,3,21,105,165,20260920,761,10.63791010004934
phase,S2,6,0.001,0,8,1024,8192,0.576904296875,0.5661721629569605,0.5875643394303494,1.381103515625,1.381103515625,0.0465087890625,0.423095703125,nan,0.27734375,nan,0.27734375,nan,1,0.55859375,0.5924072265625,0.0258677167942407,8,3,21,105,165,20260920,761,18.69354469992686
phase,S2,6,0.001,1,8,1024,8192,0.5645751953125,0.5538107076255919,0.5752791491408952,1.07275390625,0.896484375,0.03857421875,nan,0.088134765625,0.3472900390625,nan,0.3472900390625,nan,1,0.5483367919921875,0.5799560546875,0.024346656389369076,8,3,21,105,165,20260920,761,14.59083310002461
phase,S2,6,0.001,2,8,1024,8192,0.550048828125,0.5392548748546473,0.5607958647942368,0.9666748046875,0.5767822265625,0.0343017578125,nan,0.0498046875,nan,0.1451416015625,nan,0.1451416015625,1,0.536376953125,0.564208984375,0.021584019634082366,8,3,21,105,165,20260920,761,14.354265399975702
phase,S2,6,0.001,3,8,1024,8192,0.5477294921875,0.5369316949501709,0.5584825470076674,0.8729248046875,0.2532958984375,0.0645751953125,nan,0.031982421875,nan,0.0762939453125,nan,0.0762939453125,1,0.5313720703125,0.5623809814453125,0.024144366957984786,8,3,21,105,165,20260920,761,14.257040499942377
phase,S2,6,0.001,4,8,1024,8192,0.5623779296875,0.5516083863055988,0.573088998964108,0.85009765625,-0.287353515625,0.034423828125,nan,0.064697265625,nan,0.098388671875,nan,0.098388671875,1,0.552978515625,0.5704345703125,0.01348563258282571,8,3,21,105,165,20260920,761,14.68778400006704
phase,S2,6,0.001,5,8,1024,8192,0.528564453125,0.5177438995551479,0.5393582299029956,0.9820556640625,-0.6695556640625,0.04052734375,nan,0.0421142578125,nan,0.1053466796875,nan,0.1053466796875,1,0.5203857421875,0.5369873046875,0.012826099156800486,8,3,21,105,165,20260920,761,14.362540100002661
phase,S2,6,0.001,6,8,1024,8192,0.52197265625,0.5111479741509259,0.5327767408168769,1.18017578125,-1.05615234375,0.06201171875,nan,0.039306640625,nan,0.083984375,nan,0.083984375,1,0.50927734375,0.533935546875,0.019454368774782266,8,3,21,105,165,20260920,761,14.38109889999032
phase,S2,6,0.003,0,8,1024,8192,0.4906005859375,0.47978206762919207,0.501427915412359,1.71240234375,1.71240234375,0.0595703125,0.5093994140625,nan,0.34716796875,nan,0.34716796875,nan,1,0.4793701171875,0.5010986328125,0.016930157169252738,8,3,21,105,165,20260920,761,18.7138403999852
phase,S2,6,0.003,1,8,1024,8192,0.4642333984375,0.4534530444934878,0.47504728058669987,1.3323974609375,1.1329345703125,0.043212890625,nan,0.0997314453125,0.43603515625,nan,0.43603515625,nan,1,0.455810546875,0.47265625,0.013173902067627126,8,3,21,105,165,20260920,761,14.669007700053044
phase,S2,6,0.003,2,8,1024,8192,0.4869384765625,0.47612345512240645,0.49776574209117747,1.1043701171875,0.6805419921875,0.04736328125,nan,0.055419921875,nan,0.156494140625,nan,0.156494140625,1,0.4744873046875,0.5,0.019738972818955775,8,3,21,105,165,20260920,761,14.554756799945608
phase,S2,6,0.003,3,8,1024,8192,0.4595947265625,0.448824215184328,0.47040311451376793,1.0350341796875,0.2720947265625,0.0670166015625,nan,0.0394287109375,nan,0.097412109375,nan,0.097412109375,1,0.44775390625,0.473876953125,0.020053953556563708,8,3,21,105,165,20260920,761,14.710948300082237
phase,S2,6,0.003,4,8,1024,8192,0.4620361328125,0.4512603240374003,0.4728475295460071,1.0540771484375,-0.3070068359375,0.0528564453125,nan,0.0712890625,nan,0.1116943359375,nan,0.1116943359375,1,0.4478759765625,0.475830078125,0.021493488707194367,8,3,21,105,165,20260920,761,14.785913300001994
phase,S2,6,0.003,5,8,1024,8192,0.4505615234375,0.43981288014257247,0.4613565111798712,1.1649169921875,-0.7779541015625,0.05615234375,nan,0.05322265625,nan,0.1219482421875,nan,0.1219482421875,1,0.433349609375,0.46838684082031246,0.027258604178681263,8,3,21,105,165,20260920,761,13.752159300027415
phase,S2,6,0.003,6,8,1024,8192,0.44775390625,0.437012789004063,0.45854399985027255,1.376708984375,-1.238525390625,0.069091796875,nan,0.0491943359375,nan,0.1015625,nan,0.1015625,1,0.4385986328125,0.4578857421875,0.014745770381388183,8,3,21,105,165,20260920,761,13.474004900082946
phase,S2,6,0.005,0,8,1024,8192,0.427734375,0.4170570152700797,0.43847947772470225,1.8826904296875,1.8826904296875,0.0670166015625,0.572265625,nan,0.38134765625,nan,0.38134765625,nan,1,0.4139404296875,0.4420166015625,0.02161082915260186,8,3,21,105,165,20260920,761,16.14324420003686
phase,S2,6,0.005,1,8,1024,8192,0.41357421875,0.40295275105471956,0.4242767034052561,1.505615234375,1.303955078125,0.055908203125,nan,0.100830078125,0.485595703125,nan,0.485595703125,nan,1,0.409423828125,0.4178466796875,0.006393102253007589,8,3,21,105,165,20260920,761,12.848551400005817
phase,S2,6,0.005,2,8,1024,8192,0.4056396484375,0.3950534616407289,0.4163142901919847,1.31103515625,0.829345703125,0.0572509765625,nan,0.0654296875,nan,0.1754150390625,nan,0.1754150390625,1,0.38671875,0.4228515625,0.028168067050323008,8,3,21,105,165,20260920,761,12.853147699963301
phase,S2,6,0.005,3,8,1024,8192,0.410400390625,0.39979269171339704,0.4210920816956738,1.15478515625,0.28466796875,0.0745849609375,nan,0.05419921875,nan,0.1151123046875,nan,0.1151123046875,1,0.39599609375,0.4261474609375,0.02345928814266186,8,3,21,105,165,20260920,761,12.822250599972904
phase,S2,6,0.005,4,8,1024,8192,0.400146484375,0.38958640664378347,0.4108001664469794,1.1885986328125,-0.3702392578125,0.0556640625,nan,0.080078125,nan,0.130859375,nan,0.130859375,1,0.3878173828125,0.41015625,0.017451724983615195,8,3,21,105,165,20260920,761,12.953380300081335
phase,S2,6,0.005,5,8,1024,8192,0.3878173828125,0.37732097462170355,0.3984189528482367,1.29736328125,-0.8828125,0.0543212890625,nan,0.06201171875,nan,0.134033203125,nan,0.134033203125,1,0.376220703125,0.3992919921875,0.017573764805216316,8,3,21,105,165,20260920,761,12.793167799944058
phase,S2,6,0.005,6,8,1024,8192,0.3856201171875,0.3751357989083993,0.3962116570647606,1.569091796875,-1.4130859375,0.0780029296875,nan,0.0540771484375,nan,0.1195068359375,nan,0.1195068359375,1,0.376953125,0.3951416015625,0.013952375060771044,8,3,21,105,165,20260920,761,12.60779509996064
phase,S2,6,0.01,0,8,1024,8192,0.30078125,0.29094569579026075,0.31080355516832725,2.3865966796875,2.3865966796875,0.083251953125,0.69921875,nan,0.4931640625,nan,0.4931640625,nan,1,0.292236328125,0.3089599609375,0.012849976495166802,8,3,21,105,165,20260920,761,16.2946382999653
phase,S2,6,0.01,1,8,1024,8192,0.2999267578125,0.29009965680891486,0.30994141078981413,1.8564453125,1.626708984375,0.0679931640625,nan,0.1148681640625,0.585205078125,nan,0.585205078125,nan,1,0.2891845703125,0.3095703125,0.015654943928928616,8,3,21,105,165,20260920,761,12.680771099985577
phase,S2,6,0.01,2,8,1024,8192,0.293212890625,0.28345364412936536,0.30316598278475726,1.5733642578125,0.9532470703125,0.0732421875,nan,0.0880126953125,nan,0.2220458984375,nan,0.2220458984375,1,0.2794189453125,0.3060302734375,0.02046292121121451,8,3,21,105,165,20260920,761,12.752208199934103
phase,S2,6,0.01,3,8,1024,8192,0.29296875,0.2832120193300491,0.3029195551955424,1.4407958984375,0.3431396484375,0.09228515625,nan,0.0765380859375,nan,0.1552734375,nan,0.1552734375,1,0.283203125,0.302001953125,0.0142572391641085,8,3,21,105,165,20260920,761,12.770798600045964
phase,S2,6,0.01,4,8,1024,8192,0.310302734375,0.30037573545854346,0.32040755865275916,1.4228515625,-0.450439453125,0.0726318359375,nan,0.0977783203125,nan,0.1666259765625,nan,0.1666259765625,1,0.3001708984375,0.3214111328125,0.016652773561546187,8,3,21,105,165,20260920,761,12.618414100026712
phase,S2,6,0.01,5,8,1024,8192,0.2843017578125,0.2746365736760502,0.2941691410566858,1.619873046875,-1.111572265625,0.0745849609375,nan,0.081787109375,nan,0.1728515625,nan,0.1728515625,1,0.2731903076171875,0.295654296875,0.017627948209076184,8,3,21,105,165,20260920,761,12.683329900028184
phase,S2,6,0.01,6,8,1024,8192,0.279052734375,0.269445138809731,0.28886744956958543,1.92578125,-1.73828125,0.09375,nan,0.0732421875,nan,0.15625,nan,0.15625,1,0.26953125,0.28955078125,0.015465053981020618,8,3,21,105,165,20260920,761,12.72944419994019
phase,S2,6,0.02,0,8,1024,8192,0.19091796875,0.18255275235884424,0.19957292376072985,2.9566650390625,2.9566650390625,0.1063232421875,0.80908203125,nan,0.630126953125,nan,0.630126953125,nan,1,0.1817626953125,0.1998291015625,0.013761267071046534,8,3,21,105,165,20260920,761,16.423444700078107
phase,S2,6,0.02,1,8,1024,8192,0.1912841796875,0.1829125664405168,0.19994518826185403,2.28759765625,2.044189453125,0.09619140625,nan,0.1217041015625,0.68701171875,nan,0.68701171875,nan,1,0.1810302734375,0.201416015625,0.015427016290873655,8,3,21,105,165,20260920,761,12.707262100069784
phase,S2,6,0.02,2,8,1024,8192,0.1959228515625,0.18747123449791597,0.20465951558654655,1.9027099609375,1.2135009765625,0.0955810546875,nan,0.1038818359375,nan,0.24072265625,nan,0.24072265625,1,0.1826171875,0.211181640625,0.022274786037330612,8,3,21,105,165,20260920,761,12.880772599950433
phase,S2,6,0.02,3,8,1024,8192,0.1893310546875,0.18099369638004092,0.19795963921408072,1.71923828125,0.382080078125,0.0992431640625,nan,0.103515625,nan,0.205322265625,nan,0.205322265625,1,0.1810302734375,0.1973876953125,0.012532627574950432,8,3,21,105,165,20260920,761,12.903924999991432
phase,S2,6,0.02,4,8,1024,8192,0.201904296875,0.19335225726113237,0.21073577634234314,1.693359375,-0.452392578125,0.0933837890625,nan,0.10498046875,nan,0.1961669921875,nan,0.1961669921875,1,0.1893310546875,0.21484680175781246,0.019827208001669375,8,3,21,105,165,20260920,761,12.680060199927539
phase,S2,6,0.02,5,8,1024,8192,0.193603515625,0.18519166468016643,0.20230258771325024,1.924560546875,-1.339599609375,0.088623046875,nan,0.1055908203125,nan,0.2030029296875,nan,0.2030029296875,1,0.185791015625,0.2015380859375,0.012283521513567458,8,3,21,105,165,20260920,761,13.164970700046979
phase,S2,6,0.02,6,8,1024,8192,0.1812744140625,0.17308202962616054,0.18976557714643344,2.3660888671875,-2.1624755859375,0.101806640625,nan,0.1004638671875,nan,0.2047119140625,nan,0.2047119140625,1,0.1708984375,0.1903076171875,0.015047009691428663,8,3,21,105,165,20260920,761,12.787150999996811
phase,S2,6,0.03,0,8,1024,8192,0.1468505859375,0.13935127167940856,0.15468094831029436,3.214599609375,3.214599609375,0.10986328125,0.8531494140625,nan,0.6900634765625,nan,0.6900634765625,nan,1,0.1405029296875,0.1524658203125,0.009174899907974954,8,3,21,105,165,20260920,761,16.472795499954373
phase,S2,6,0.03,1,8,1024,8192,0.1583251953125,0.15058060017984592,0.16639008207082068,2.495849609375,2.25634765625,0.104736328125,nan,0.1197509765625,0.721923828125,nan,0.721923828125,nan,1,0.150146484375,0.166748046875,0.01272679711091904,8,3,21,105,165,20260920,761,12.742688499973156
phase,S2,6,0.03,2,8,1024,8192,0.1663818359375,0.15847385279657544,0.17460255827561888,2.021240234375,1.309326171875,0.1038818359375,nan,0.1126708984375,nan,0.2432861328125,nan,0.2432861328125,1,0.1595458984375,0.174560546875,0.011752851006982985,8,3,21,105,165,20260920,761,12.670046499930322
phase,S2,6,0.03,3,8,1024,8192,0.159423828125,0.15165653766073567,0.1675103803383211,1.8460693359375,0.3968505859375,0.1082763671875,nan,0.1143798828125,nan,0.23388671875,nan,0.23388671875,1,0.1507568359375,0.1678466796875,0.01326472432344348,8,3,21,105,165,20260920,761,13.045642699929886
phase,S2,6,0.03,4,8,1024,8192,0.159423828125,0.15165653766073567,0.1675103803383211,1.8458251953125,-0.5108642578125,0.103271484375,nan,0.112548828125,nan,0.224365234375,nan,0.224365234375,1,0.154541015625,0.16357421875,0.006920120996225395,8,3,21,105,165,20260920,761,12.897155200014822
phase,S2,6,0.03,5,8,1024,8192,0.1527099609375,0.14508348400742607,0.16066199330702427,2.0716552734375,-1.3939208984375,0.108642578125,nan,0.1151123046875,nan,0.214599609375,nan,0.214599609375,1,0.1422119140625,0.1640625,0.017074391132502767,8,3,21,105,165,20260920,761,12.774157600011677
phase,S2,6,0.03,6,8,1024,8192,0.1417236328125,0.13433901337568113,0.1494441064548678,2.5352783203125,-2.3094482421875,0.1129150390625,nan,0.108154296875,nan,0.216796875,nan,0.216796875,1,0.1314697265625,0.1505126953125,0.014629242445891272,8,3,21,105,165,20260920,761,12.648633799981326
phase,S2,6,0.05,0,8,1024,8192,0.1273193359375,0.12027540799117334,0.13471262091603822,3.427978515625,3.427978515625,0.12158203125,0.8726806640625,nan,0.73974609375,nan,0.73974609375,nan,1,0.1170654296875,0.1376953125,0.016613355022603745,8,3,21,105,165,20260920,761,16.531296100001782
phase,S2,6,0.05,1,8,1024,8192,0.12451171875,0.11753759537247593,0.13183783106662747,2.7227783203125,2.4854736328125,0.1256103515625,nan,0.11865234375,0.7568359375,nan,0.7568359375,nan,1,0.1190185546875,0.1292724609375,0.007933631254527305,8,3,21,105,165,20260920,761,12.744534700061195
phase,S2,6,0.05,2,8,1024,8192,0.1331787109375,0.12599277322122973,0.14070851301072926,2.1949462890625,1.4183349609375,0.1136474609375,nan,0.131591796875,nan,0.2567138671875,nan,0.2567138671875,1,0.125,0.1429443359375,0.013849467386409018,8,3,21,105,165,20260920,761,12.829761800006963
phase,S2,6,0.05,3,8,1024,8192,0.1339111328125,0.12670778211920591,0.14145766127834647,1.9542236328125,0.4937744140625,0.1151123046875,nan,0.1246337890625,nan,0.2391357421875,nan,0.2391357421875,1,0.12744140625,0.141357421875,0.010880019509354098,8,3,21,105,165,20260920,761,12.708586400025524
phase,S2,6,0.05,4,8,1024,8192,0.12939453125,0.12229974991610927,0.13683672429361704,1.96484375,-0.483642578125,0.1224365234375,nan,0.117431640625,nan,0.2381591796875,nan,0.2381591796875,1,0.12255859375,0.1378173828125,0.012028550108705285,8,3,21,105,165,20260920,761,12.854809100041166
phase,S2,6,0.05,5,8,1024,8192,0.13671875,0.1294493252879561,0.14432872057770446,2.1798095703125,-1.4730224609375,0.115966796875,nan,0.12255859375,nan,0.236083984375,nan,0.236083984375,1,0.1287841796875,0.1441650390625,0.011788298088324559,8,3,21,105,165,20260920,761,12.829812399926595
phase,S2,6,0.05,6,8,1024,8192,0.12744140625,0.12039446965704605,0.13483758544443106,2.6800537109375,-2.4351806640625,0.1224365234375,nan,0.1201171875,nan,0.2349853515625,nan,0.2349853515625,1,0.121826171875,0.1331787109375,0.008593115845108534,8,3,21,105,165,20260920,761,12.939047299907543
depth_optimal,S1,2,0.0,0,8,1024,8192,1.0,0.9995312917117791,1.0,0.0,0.0,0.0,0.0,nan,0.0,nan,0.0,nan,0,1.0,1.0,0.0,8,2,8,37,28,20260920,761,0.9166098999558017
depth_optimal,S1,2,0.0,1,8,1024,8192,1.0,0.9995312917117791,1.0,0.0,0.0,0.0,nan,0.0,0.0,nan,nan,0.0,0,1.0,1.0,0.0,8,2,8,37,28,20260920,761,0.965357800014317
depth_optimal,S1,2,0.0,2,8,1024,8192,1.0,0.9995312917117791,1.0,0.0,0.0,0.0,nan,0.0,nan,0.0,nan,0.0,0,1.0,1.0,0.0,8,2,8,37,28,20260920,761,0.9434569000732154
depth_optimal,S1,2,0.001,0,8,1024,8192,0.989013671875,0.9865161318080428,0.991052802419835,0.0166015625,0.0166015625,0.001220703125,0.010986328125,nan,0.00439453125,nan,0.010986328125,nan,0,0.98779296875,0.990234375,0.001863893584805718,8,2,8,37,28,20260920,761,2.107565199956298
depth_optimal,S1,2,0.001,1,8,1024,8192,0.985107421875,0.982247934902342,0.9875121611090375,0.01806640625,0.010009765625,0.003173828125,nan,0.0040283203125,0.0108642578125,nan,nan,0.0040283203125,0,0.982177734375,0.98828125,0.004719651178581828,8,2,8,37,28,20260920,761,2.0662864999612793
depth_optimal,S1,2,0.001,2,8,1024,8192,0.9879150390625,0.9853097619202956,0.9900629365591919,0.0145263671875,-0.0140380859375,0.000244140625,nan,0.00244140625,nan,0.0118408203125,nan,0.00244140625,0,0.9847412109375,0.990966796875,0.004839019575024975,8,2,8,37,28,20260920,761,2.0281779000069946
depth_optimal,S1,2,0.003,0,8,1024,8192,0.96142578125,0.9570346530945093,0.9653843612293493,0.0517578125,0.0517578125,0.001953125,0.03857421875,nan,0.01123046875,nan,0.03857421875,nan,0,0.9600830078125,0.9627685546875,0.0021522389258567956,8,2,8,37,28,20260920,761,2.0858171000145376
depth_optimal,S1,2,0.003,1,8,1024,8192,0.9573974609375,0.9528054694403159,0.961560680472779,0.0523681640625,0.0181884765625,0.009765625,nan,0.01708984375,0.0255126953125,nan,nan,0.01708984375,0,0.9556884765625,0.9593505859375,0.0028079962622586975,8,2,8,37,28,20260920,761,2.074792100000195
depth_optimal,S1,2,0.003,2,8,1024,8192,0.96337890625,0.9590894698350327,0.967233963597075,0.0430908203125,-0.0384521484375,0.0023193359375,nan,0.0064697265625,nan,0.0343017578125,nan,0.0064697265625,0,0.9605712890625,0.9661865234375,0.004398404790857825,8,2,8,37,28,20260920,761,2.0270322000142187
depth_optimal,S1,2,0.005,0,8,1024,8192,0.93603515625,0.930529377453901,0.9411321884627188,0.091064453125,0.091064453125,0.006103515625,0.06396484375,nan,0.02099609375,nan,0.06396484375,nan,0,0.9316375732421875,0.9405517578125,0.007022719279382377,8,2,8,37,28,20260920,761,2.082315000006929
depth_optimal,S1,2,0.005,1,8,1024,8192,0.935791015625,0.9302759548216591,0.9408975587064295,0.08056640625,0.03466796875,0.016357421875,nan,0.02294921875,0.041259765625,nan,nan,0.02294921875,0,0.9322509765625,0.939697265625,0.00580682349002997,8,2,8,37,28,20260920,761,2.06384119996801
depth_optimal,S1,2,0.005,2,8,1024,8192,0.9442138671875,0.9390325216933759,0.948978799239037,0.0721435546875,-0.0645751953125,0.0037841796875,nan,0.016357421875,nan,0.052001953125,nan,0.016357421875,0,0.9381103515625,0.9510498046875,0.010019543487617839,8,2,8,37,28,20260920,761,2.0530697000212967
depth_optimal,S1,2,0.01,0,8,1024,8192,0.8721923828125,0.864787533992042,0.879248332323684,0.18359375,0.18359375,0.01220703125,0.1278076171875,nan,0.0435791015625,nan,0.1278076171875,nan,0,0.8692626953125,0.8751220703125,0.004503621778317987,8,2,8,37,28,20260920,761,2.0340320999966934
depth_optimal,S1,2,0.01,1,8,1024,8192,0.8834228515625,0.8762930936007014,0.8901931825874574,0.14501953125,0.055419921875,0.0284423828125,nan,0.0447998046875,0.07177734375,nan,nan,0.0447998046875,0,0.8782958984375,0.8885498046875,0.007966833231374771,8,2,8,37,28,20260920,761,2.000323800020851
depth_optimal,S1,2,0.01,2,8,1024,8192,0.8798828125,0.8726642301409614,0.8867452864134958,0.1510009765625,-0.1334228515625,0.0087890625,nan,0.0308837890625,nan,0.111328125,nan,0.0308837890625,0,0.8709716796875,0.8896484375,0.014597194597687867,8,2,8,37,28,20260920,761,2.041170599986799
depth_optimal,S1,2,0.02,0,8,1024,8192,0.7852783203125,0.7762536166637722,0.7940355993348672,0.307373046875,0.307373046875,0.02197265625,0.2147216796875,nan,0.0706787109375,nan,0.2147216796875,nan,0,0.7801513671875,0.7891845703125,0.006774627405034965,8,2,8,37,28,20260920,761,2.094407399999909
depth_optimal,S1,2,0.02,1,8,1024,8192,0.79052734375,0.7815801690299677,0.7992021733220913,0.2630615234375,0.1102294921875,0.0535888671875,nan,0.076416015625,0.133056640625,nan,nan,0.076416015625,0,0.7808837890625,0.799072265625,0.014151735103700623,8,2,8,37,28,20260920,761,2.0291179000632837
depth_optimal,S1,2,0.02,2,8,1024,8192,0.781005859375,0.7719196423035615,0.7898286568957831,0.2777099609375,-0.2320556640625,0.0228271484375,nan,0.0587158203125,nan,0.1961669921875,nan,0.0587158203125,0,0.7747802734375,0.787841796875,0.010064483907342171,8,2,8,37,28,20260920,761,2.0405577999772504
depth_optimal,S1,2,0.03,0,8,1024,8192,0.688720703125,0.6786076975778493,0.6986567987567235,0.45849609375,0.45849609375,0.03369140625,0.311279296875,nan,0.113525390625,nan,0.311279296875,nan,0,0.6839599609375,0.69287109375,0.006860804579205805,8,2,8,37,28,20260920,761,2.1144544000271708
depth_optimal,S1,2,0.03,1,8,1024,8192,0.703369140625,0.6933843886682479,0.7131632509781934,0.37255859375,0.16162109375,0.075927734375,nan,0.10546875,0.191162109375,nan,nan,0.10546875,0,0.698974609375,0.708251953125,0.007017867659266589,8,2,8,37,28,20260920,761,2.0594489999348298
depth_optimal,S1,2,0.03,2,8,1024,8192,0.6983642578125,0.6883343414029128,0.70820822427864,0.3848876953125,-0.3292236328125,0.02783203125,nan,0.083251953125,nan,0.2738037109375,nan,0.083251953125,0,0.6922607421875,0.7060546875,0.010842388546606211,8,2,8,37,28,20260920,761,2.035878899972886
depth_optimal,S1,2,0.05,0,8,1024,8192,0.5501708984375,0.5393771540255141,0.5609176118176356,0.6929931640625,0.6929931640625,0.063232421875,0.4498291015625,nan,0.179931640625,nan,0.4498291015625,nan,0,0.5404052734375,0.5592041015625,0.014549868327365724,8,2,8,37,28,20260920,761,2.0557333999313414
depth_optimal,S1,2,0.05,1,8,1024,8192,0.5792236328125,0.5684983450206957,0.5898746550576599,0.520751953125,0.191162109375,0.0999755859375,nan,0.164794921875,0.2559814453125,nan,nan,0.164794921875,0,0.5689697265625,0.591064453125,0.01703844710803091,8,2,8,37,28,20260920,761,2.0077613999601454
depth_optimal,S1,2,0.05,2,8,1024,8192,0.5599365234375,0.5491616134996359,0.5706552478847594,0.567626953125,-0.462158203125,0.052734375,nan,0.1275634765625,nan,0.3873291015625,nan,0.1275634765625,0,0.5523681640625,0.5679931640625,0.01215180027635426,8,2,8,37,28,20260920,761,2.008410699898377
depth_optimal,S1,4,0.0,0,8,1024,8192,1.0,0.9995312917117791,1.0,0.0,0.0,0.0,0.0,nan,0.0,nan,0.0,nan,1,1.0,1.0,0.0,8,3,16,83,99,20260920,761,4.804534499999136
depth_optimal,S1,4,0.0,1,8,1024,8192,1.0,0.9995312917117791,1.0,0.0,0.0,0.0,nan,0.0,0.0,nan,0.0,nan,1,1.0,1.0,0.0,8,3,16,83,99,20260920,761,4.8492101998999715
depth_optimal,S1,4,0.0,2,8,1024,8192,1.0,0.9995312917117791,1.0,0.0,0.0,0.0,nan,0.0,nan,0.0,nan,0.0,1,1.0,1.0,0.0,8,3,16,83,99,20260920,761,4.812348100007512
depth_optimal,S1,4,0.0,3,8,1024,8192,1.0,0.9995312917117791,1.0,0.0,0.0,0.0,nan,0.0,nan,0.0,nan,0.0,1,1.0,1.0,0.0,8,3,16,83,99,20260920,761,4.902412399998866
depth_optimal,S1,4,0.0,4,8,1024,8192,1.0,0.9995312917117791,1.0,0.0,0.0,0.0,nan,0.0,nan,0.0,nan,0.0,1,1.0,1.0,0.0,8,3,16,83,99,20260920,761,4.98133370000869
depth_optimal,S1,4,0.001,0,8,1024,8192,0.9473876953125,0.942339986435848,0.9520160155474698,0.1480712890625,0.1480712890625,0.010498046875,0.0526123046875,nan,0.0294189453125,nan,0.0294189453125,nan,1,0.9439697265625,0.95068359375,0.005179004745018659,8,3,16,83,99,20260920,761,5.950071800034493
depth_optimal,S1,4,0.001,1,8,1024,8192,0.951904296875,0.9470552984793156,0.9563296726918286,0.107177734375,0.088134765625,0.013916015625,nan,0.009521484375,0.03857421875,nan,0.03857421875,nan,1,0.94873046875,0.954833984375,0.004748429806115376,8,3,16,83,99,20260920,761,5.928971900022589
depth_optimal,S1,4,0.001,2,8,1024,8192,0.94921875,0.9442503354807397,0.9537660594165618,0.110595703125,0.067626953125,0.0157470703125,nan,0.005859375,nan,0.015625,nan,0.015625,1,0.9442138671875,0.9547119140625,0.008103535564429469,8,3,16,83,99,20260920,761,5.994064399972558
depth_optimal,S1,4,0.001,3,8,1024,8192,0.955322265625,0.9506310424549985,0.9595866621555814,0.08251953125,0.017333984375,0.0126953125,nan,0.0003662109375,nan,0.0067138671875,nan,0.0067138671875,1,0.9503173828125,0.9605712890625,0.007946500089026587,8,3,16,83,99,20260920,761,5.861566699924879
depth_optimal,S1,4,0.001,4,8,1024,8192,0.9525146484375,0.9476933328925727,0.9569117692498992,0.0909423828125,-0.0631103515625,0.008056640625,nan,0.009521484375,nan,0.01025390625,nan,0.01025390625,1,0.9481201171875,0.95654296875,0.006539271760044536,8,3,16,83,99,20260920,761,5.785778600024059
depth_optimal,S1,4,0.003,0,8,1024,8192,0.85791015625,0.8501817240882353,0.8653030774984191,0.3951416015625,0.3951416015625,0.02392578125,0.14208984375,nan,0.0836181640625,nan,0.0836181640625,nan,1,0.8541259765625,0.8634033203125,0.007418937388564917,8,3,16,83,99,20260920,761,5.9126988999778405
depth_optimal,S1,4,0.003,1,8,1024,8192,0.8614501953125,0.8537994173551632,0.8687621438651928,0.3262939453125,0.2864990234375,0.045654296875,nan,0.0198974609375,0.11865234375,nan,0.11865234375,nan,1,0.8570556640625,0.8653564453125,0.0062516891376770325,8,3,16,83,99,20260920,761,5.859810199937783
depth_optimal,S1,4,0.003,2,8,1024,8192,0.8651123046875,0.857543588480383,0.8723387585679401,0.2691650390625,0.1361083984375,0.034423828125,nan,0.015380859375,nan,0.0511474609375,nan,0.0511474609375,1,0.8585205078125,0.870849609375,0.009445614764508774,8,3,16,83,99,20260920,761,5.975199999986216
depth_optimal,S1,4,0.003,3,8,1024,8192,0.873291015625,0.8659122344001372,0.8803198676639791,0.245361328125,0.072021484375,0.0400390625,nan,0.0028076171875,nan,0.0184326171875,nan,0.0184326171875,1,0.8641357421875,0.885498046875,0.01669362929900841,8,3,16,83,99,20260920,761,5.746874799951911
depth_optimal,S1,4,0.003,4,8,1024,8192,0.8690185546875,0.8615393774464962,0.8761518078183251,0.2645263671875,-0.1956787109375,0.0194091796875,nan,0.0301513671875,nan,0.0330810546875,nan,0.0330810546875,1,0.85888671875,0.8795166015625,0.01621915047841778,8,3,16,83,99,20260920,761,5.610691100009717
depth_optimal,S1,4,0.005,0,8,1024,8192,0.792724609375,0.7838105417200161,0.8013642721288232,0.5601806640625,0.5601806640625,0.034912109375,0.207275390625,nan,0.1175537109375,nan,0.1175537109375,nan,1,0.783447265625,0.8028564453125,0.015270015401476454,8,3,16,83,99,20260920,761,5.98045509995427
depth_optimal,S1,4,0.005,1,8,1024,8192,0.78955078125,0.780589016918465,0.7982411158794696,0.4986572265625,0.4324951171875,0.06787109375,nan,0.0330810546875,0.1773681640625,nan,0.1773681640625,nan,1,0.7808837890625,0.799072265625,0.014084184669781208,8,3,16,83,99,20260920,761,6.1069314000196755
depth_optimal,S1,4,0.005,2,8,1024,8192,0.79296875,0.784058385021903,0.8016044812154677,0.4122314453125,0.2032470703125,0.05322265625,nan,0.026123046875,nan,0.078369140625,nan,0.078369140625,1,0.781494140625,0.8048095703125,0.017763162993746657,8,3,16,83,99,20260920,761,6.0354139999253675
depth_optimal,S1,4,0.005,3,8,1024,8192,0.802001953125,0.7932320487532862,0.8104887558597365,0.3743896484375,0.1031494140625,0.06201171875,nan,0.0050048828125,nan,0.0303955078125,nan,0.0303955078125,1,0.7874755859375,0.818603515625,0.024129197462120774,8,3,16,83,99,20260920,761,5.849641100037843
depth_optimal,S1,4,0.005,4,8,1024,8192,0.7867431640625,0.7777398774117413,0.795477652918085,0.4305419921875,-0.2662353515625,0.0447998046875,nan,0.045654296875,nan,0.0504150390625,nan,0.0504150390625,1,0.7781982421875,0.796142578125,0.013790318220784848,8,3,16,83,99,20260920,761,5.725029200082645
depth_optimal,S1,4,0.01,0,8,1024,8192,0.633056640625,0.6225595781189889,0.6434289736304836,1.046875,1.046875,0.072265625,0.366943359375,nan,0.22412109375,nan,0.22412109375,nan,1,0.6199951171875,0.64794921875,0.021728711563622972,8,3,16,83,99,20260920,761,5.956111899926327
depth_optimal,S1,4,0.01,1,8,1024,8192,0.6429443359375,0.6325040824070105,0.6532505910779731,0.891845703125,0.796142578125,0.12255859375,nan,0.0478515625,0.3092041015625,nan,0.3092041015625,nan,1,0.6265869140625,0.6605224609375,0.02642106299358275,8,3,16,83,99,20260920,761,5.711333799990825
depth_optimal,S1,4,0.01,2,8,1024,8192,0.6429443359375,0.6325040824070105,0.6532505910779731,0.74169921875,0.411865234375,0.1007080078125,nan,0.04150390625,nan,0.1234130859375,nan,0.1234130859375,1,0.633056640625,0.6519775390625,0.014745192919799923,8,3,16,83,99,20260920,761,5.907379699987359
depth_optimal,S1,4,0.01,3,8,1024,8192,0.6517333984375,0.6413476761245787,0.6619768833475261,0.69482421875,0.19775390625,0.1199951171875,nan,0.0130615234375,nan,0.060791015625,nan,0.060791015625,1,0.633544921875,0.67138671875,0.029189430488045637,8,3,16,83,99,20260920,761,5.85393290000502
depth_optimal,S1,4,0.01,4,8,1024,8192,0.641845703125,0.631398901624936,0.6521595361116577,0.7259521484375,-0.4337158203125,0.0770263671875,nan,0.0687255859375,nan,0.08642578125,nan,0.08642578125,1,0.6357421875,0.6490478515625,0.010198951910971551,8,3,16,83,99,20260920,761,5.969993800041266
depth_optimal,S1,4,0.02,0,8,1024,8192,0.4254150390625,0.4147462175188607,0.43615377778487535,1.7857666015625,1.7857666015625,0.1494140625,0.5745849609375,nan,0.3858642578125,nan,0.3858642578125,nan,1,0.4150390625,0.4345703125,0.015037952728939935,8,3,16,83,99,20260920,761,6.049968600040302
depth_optimal,S1,4,0.02,1,8,1024,8192,0.442138671875,0.43141364782536973,0.45291793609274955,1.42041015625,1.248291015625,0.189453125,nan,0.0860595703125,0.4718017578125,nan,0.4718017578125,nan,1,0.4202880859375,0.4674072265625,0.0367580215404144,8,3,16,83,99,20260920,761,5.899915699963458
depth_optimal,S1,4,0.02,2,8,1024,8192,0.4342041015625,0.4235041933305396,0.4449656879603176,1.2325439453125,0.7115478515625,0.1763916015625,nan,0.06884765625,nan,0.191650390625,nan,0.191650390625,1,0.4234619140625,0.444580078125,0.016415361222960872,8,3,16,83,99,20260920,761,5.841810700017959
depth_optimal,S1,4,0.02,3,8,1024,8192,0.4365234375,0.42581589918459073,0.4472904797973123,1.176025390625,0.28369140625,0.19873046875,nan,0.041259765625,nan,0.1258544921875,nan,0.1258544921875,1,0.425537109375,0.45032043457031246,0.019391239234256757,8,3,16,83,99,20260920,761,5.777278600027785
depth_optimal,S1,4,0.02,4,8,1024,8192,0.4239501953125,0.413286890344787,0.4346847906277623,1.1983642578125,-0.6226806640625,0.144287109375,nan,0.1021728515625,nan,0.1368408203125,nan,0.1368408203125,1,0.4066162109375,0.444580078125,0.029618019886670087,8,3,16,83,99,20260920,761,5.74003340001218
depth_optimal,S1,4,0.03,0,8,1024,8192,0.3040771484375,0.2942093717150341,0.3141285864887244,2.2513427734375,2.2513427734375,0.19921875,0.6959228515625,nan,0.49609375,nan,0.49609375,nan,1,0.2794189453125,0.3333740234375,0.041720196988160985,8,3,16,83,99,20260920,761,5.916022299905308
depth_optimal,S1,4,0.03,1,8,1024,8192,0.35546875,0.34517354546746126,0.36589944052210266,1.686767578125,1.48779296875,0.2205810546875,nan,0.0994873046875,0.5450439453125,nan,0.5450439453125,nan,1,0.328857421875,0.381591796875,0.040935827988619444,8,3,16,83,99,20260920,761,5.7380257999757305
depth_optimal,S1,4,0.03,2,8,1024,8192,0.323486328125,0.31344086639838137,0.3336972566936029,1.5084228515625,0.8656005859375,0.21826171875,nan,0.0887451171875,nan,0.232666015625,nan,0.232666015625,1,0.3111572265625,0.3369140625,0.019888953781597128,8,3,16,83,99,20260920,761,5.770582400029525
depth_optimal,S1,4,0.03,3,8,1024,8192,0.328125,0.31804005664346163,0.33837106183061433,1.388916015625,0.311767578125,0.2373046875,nan,0.054443359375,nan,0.157958984375,nan,0.157958984375,1,0.3126220703125,0.35132141113281246,0.03168726583326058,8,3,16,83,99,20260920,761,5.921923100017011
depth_optimal,S1,4,0.03,4,8,1024,8192,0.3033447265625,0.29348405803776295,0.31338974300040207,1.48291015625,-0.68212890625,0.199951171875,nan,0.1087646484375,nan,0.1754150390625,nan,0.1754150390625,1,0.28515625,0.3262939453125,0.032598291933077894,8,3,16,83,99,20260920,761,5.913012700038962
depth_optimal,S1,4,0.05,0,8,1024,8192,0.181640625,0.17344152001020496,0.19013816534518574,2.889404296875,2.889404296875,0.285400390625,0.818359375,nan,0.6341552734375,nan,0.6341552734375,nan,1,0.1759033203125,0.189208984375,0.01036129722523836,8,3,16,83,99,20260920,761,6.118513499968685
depth_optimal,S1,4,0.05,1,8,1024,8192,0.216796875,0.20800759651531062,0.22585163278856454,2.2305908203125,2.0072021484375,0.2955322265625,nan,0.1116943359375,0.6715087890625,nan,0.6715087890625,nan,1,0.2078857421875,0.2255859375,0.013551768353326887,8,3,16,83,99,20260920,761,5.8889157000230625
depth_optimal,S1,4,0.05,2,8,1024,8192,0.223876953125,0.21498098472693963,0.23303176384433863,1.8316650390625,1.1395263671875,0.2841796875,nan,0.1014404296875,nan,0.24462890625,nan,0.24462890625,1,0.2109375,0.2357177734375,0.019304981194830435,8,3,16,83,99,20260920,761,5.862308100098744
depth_optimal,S1,4,0.05,3,8,1024,8192,0.216064453125,0.20728643038012065,0.22510864175816106,1.70556640625,0.350830078125,0.2969970703125,nan,0.0889892578125,nan,0.212158203125,nan,0.212158203125,1,0.2060546875,0.2298583984375,0.019063526277811518,8,3,16,83,99,20260920,761,5.996544699999504
depth_optimal,S1,4,0.05,4,8,1024,8192,0.194580078125,0.18615142644347213,0.2032950355040691,1.73291015625,-0.645751953125,0.2679443359375,nan,0.108642578125,nan,0.1976318359375,nan,0.1976318359375,1,0.1805419921875,0.21167297363281246,0.024404294921093358,8,3,16,83,99,20260920,761,5.753524000057951
depth_optimal,S1,6,0.0,0,8,1024,8192,1.0,0.9995312917117791,1.0,0.0,0.0,0.0,0.0,nan,0.0,nan,0.0,nan,1,1.0,1.0,0.0,8,3,24,89,174,20260920,761,11.05967700004112
depth_optimal,S1,6,0.0,1,8,1024,8192,1.0,0.9995312917117791,1.0,0.0,0.0,0.0,nan,0.0,0.0,nan,0.0,nan,1,1.0,1.0,0.0,8,3,24,89,174,20260920,761,11.942658300045878
depth_optimal,S1,6,0.0,2,8,1024,8192,1.0,0.9995312917117791,1.0,0.0,0.0,0.0,nan,0.0,nan,0.0,nan,0.0,1,1.0,1.0,0.0,8,3,24,89,174,20260920,761,11.19567210006062
depth_optimal,S1,6,0.0,3,8,1024,8192,1.0,0.9995312917117791,1.0,0.0,0.0,0.0,nan,0.0,nan,0.0,nan,0.0,1,1.0,1.0,0.0,8,3,24,89,174,20260920,761,11.329478499945253
depth_optimal,S1,6,0.0,4,8,1024,8192,1.0,0.9995312917117791,1.0,0.0,0.0,0.0,nan,0.0,nan,0.0,nan,0.0,1,1.0,1.0,0.0,8,3,24,89,174,20260920,761,11.828161599929444
depth_optimal,S1,6,0.0,5,8,1024,8192,1.0,0.9995312917117791,1.0,0.0,0.0,0.0,nan,0.0,nan,0.0,nan,0.0,1,1.0,1.0,0.0,8,3,24,89,174,20260920,761,11.80838900001254
depth_optimal,S1,6,0.0,6,8,1024,8192,1.0,0.9995312917117791,1.0,0.0,0.0,0.0,nan,0.0,nan,0.0,nan,0.0,1,1.0,1.0,0.0,8,3,24,89,174,20260920,761,12.384840899962
depth_optimal,S1,6,0.001,0,8,1024,8192,0.9171142578125,0.9109465331406299,0.9228909726648264,0.2242431640625,0.2242431640625,0.0040283203125,0.0828857421875,nan,0.0474853515625,nan,0.0474853515625,nan,1,0.9105224609375,0.923828125,0.01012773808454749,8,3,24,89,174,20260920,761,16.033752499963157
depth_optimal,S1,6,0.001,1,8,1024,8192,0.910888671875,0.904524993026399,0.9168671768715131,0.234130859375,0.211181640625,0.010009765625,nan,0.011474609375,0.07763671875,nan,0.07763671875,nan,1,0.9007568359375,0.92138671875,0.016086837405663017,8,3,24,89,174,20260920,761,17.054147799964994
depth_optimal,S1,6,0.001,2,8,1024,8192,0.9178466796875,0.9117026462450185,0.9235990167260312,0.1630859375,0.09716796875,0.0018310546875,nan,0.0103759765625,nan,0.0225830078125,nan,0.0225830078125,1,0.9129638671875,0.9237060546875,0.008359047408363292,8,3,24,89,174,20260920,761,16.851864199968986
depth_optimal,S1,6,0.001,3,8,1024,8192,0.9205322265625,0.9144762713713573,0.926193967873535,0.1629638671875,0.0716552734375,0.017333984375,nan,0.0010986328125,nan,0.0137939453125,nan,0.0137939453125,1,0.913818359375,0.927001953125,0.010241442520767289,8,3,24,89,174,20260920,761,16.252876000013202
depth_optimal,S1,6,0.001,4,8,1024,8192,0.9190673828125,0.912963146562705,0.9247787783510004,0.1600341796875,-0.0760498046875,0.001953125,nan,0.016357421875,nan,0.0179443359375,nan,0.0179443359375,1,0.9124755859375,0.92578125,0.010380181494338094,8,3,24,89,174,20260920,761,16.496689799940214
depth_optimal,S1,6,0.001,5,8,1024,8192,0.919189453125,0.9130892182803287,0.9248967328276423,0.172119140625,-0.1171875,0.00927734375,nan,0.001220703125,nan,0.0220947265625,nan,0.0220947265625,1,0.9130859375,0.925048828125,0.009067543768464784,8,3,24,89,174,20260920,761,16.5105765000917
depth_optimal,S1,6,0.001,6,8,1024,8192,0.91748046875,0.9113245723072175,0.9232450120810355,0.1939697265625,-0.1824951171875,0.0057373046875,nan,0.008056640625,nan,0.0086669921875,nan,0.0086669921875,1,0.9105224609375,0.923828125,0.01036129722523836,8,3,24,89,174,20260920,761,16.360424499958754
depth_optimal,S1,6,0.003,0,8,1024,8192,0.778076171875,0.7689485826271796,0.7869430879097914,0.64501953125,0.64501953125,0.01611328125,0.221923828125,nan,0.1387939453125,nan,0.1387939453125,nan,1,0.7672119140625,0.7900390625,0.017365639716591556,8,3,24,89,174,20260920,761,16.403377900016494
depth_optimal,S1,6,0.003,1,8,1024,8192,0.76953125,0.760286654583044,0.7785231823553369,0.5771484375,0.52490234375,0.0250244140625,nan,0.026123046875,0.204345703125,nan,0.204345703125,nan,1,0.763671875,0.7750244140625,0.008734640537108554,8,3,24,89,174,20260920,761,16.741542300092988
depth_optimal,S1,6,0.003,2,8,1024,8192,0.7779541015625,0.7688248025771677,0.7868228417655375,0.4539794921875,0.2733154296875,0.0064697265625,nan,0.024169921875,nan,0.066162109375,nan,0.066162109375,1,0.762451171875,0.7919921875,0.021610435135934657,8,3,24,89,174,20260920,761,16.745651199948043
depth_optimal,S1,6,0.003,3,8,1024,8192,0.7667236328125,0.7574417568563141,0.7757554776139586,0.474609375,0.205078125,0.051513671875,nan,0.007080078125,nan,0.03564453125,nan,0.03564453125,1,0.7578125,0.7755126953125,0.013646315992854173,8,3,24,89,174,20260920,761,16.7975358000258
depth_optimal,S1,6,0.003,4,8,1024,8192,0.780029296875,0.7709292166264452,0.7888668730187749,0.44482421875,-0.224365234375,0.0069580078125,nan,0.0452880859375,nan,0.0528564453125,nan,0.0528564453125,1,0.766845703125,0.791748046875,0.019599142601900515,8,3,24,89,174,20260920,761,16.416007700026967
depth_optimal,S1,6,0.003,5,8,1024,8192,0.76806640625,0.7588022893601005,0.7770792332470935,0.492431640625,-0.346435546875,0.0218505859375,nan,0.0068359375,nan,0.0599365234375,nan,0.0599365234375,1,0.755859375,0.78125,0.019718687652012595,8,3,24,89,174,20260920,761,17.00654149998445
depth_optimal,S1,6,0.003,6,8,1024,8192,0.7750244140625,0.7658544166116183,0.7839365990687133,0.5775146484375,-0.5457763671875,0.015869140625,nan,0.0234375,nan,0.03076171875,nan,0.03076171875,1,0.7596435546875,0.7880889892578125,0.021886067607351175,8,3,24,89,174,20260920,761,16.448853299953043
depth_optimal,S1,6,0.005,0,8,1024,8192,0.638916015625,0.6284520421663357,0.6492497669078842,1.093994140625,1.093994140625,0.02197265625,0.361083984375,nan,0.2451171875,nan,0.2451171875,nan,1,0.62744140625,0.6550323486328125,0.021489130459902563,8,3,24,89,174,20260920,761,16.991908799973316
depth_optimal,S1,6,0.005,1,8,1024,8192,0.6485595703125,0.638153713885708,0.6588261645354919,0.8944091796875,0.8057861328125,0.0322265625,nan,0.0443115234375,0.30712890625,nan,0.30712890625,nan,1,0.62841796875,0.6710205078125,0.03340943935268863,8,3,24,89,174,20260920,761,16.45796660007909
depth_optimal,S1,6,0.005,2,8,1024,8192,0.661376953125,0.6510555129361736,0.6715471158829113,0.75244140625,0.462646484375,0.016845703125,nan,0.0430908203125,nan,0.101806640625,nan,0.101806640625,1,0.642822265625,0.6821319580078125,0.0301211698456831,8,3,24,89,174,20260920,761,15.952196900034323
depth_optimal,S1,6,0.005,3,8,1024,8192,0.6668701171875,0.6565874092313734,0.6769963983296622,0.6705322265625,0.2576904296875,0.061767578125,nan,0.0146484375,nan,0.061767578125,nan,0.061767578125,1,0.654541015625,0.677978515625,0.018032911911170197,8,3,24,89,174,20260920,761,16.25521039997693
depth_optimal,S1,6,0.005,4,8,1024,8192,0.66259765625,0.6522846894762612,0.6727582012854795,0.6900634765625,-0.3326416015625,0.0137939453125,nan,0.068359375,nan,0.08251953125,nan,0.08251953125,1,0.647216796875,0.6781005859375,0.02372062070603734,8,3,24,89,174,20260920,761,16.227827099966817
depth_optimal,S1,6,0.005,5,8,1024,8192,0.649658203125,0.6392592593721478,0.6599168547974423,0.7535400390625,-0.5228271484375,0.03564453125,nan,0.014892578125,nan,0.08837890625,nan,0.08837890625,1,0.633056640625,0.6663848876953125,0.025645558686645285,8,3,24,89,174,20260920,761,17.035279200063087
depth_optimal,S1,6,0.005,6,8,1024,8192,0.653564453125,0.6431905756625322,0.6637943767235561,0.8868408203125,-0.8397216796875,0.0235595703125,nan,0.0340576171875,nan,0.0484619140625,nan,0.0484619140625,1,0.635009765625,0.672607421875,0.029300362515636422,8,3,24,89,174,20260920,761,16.6104574999772
depth_optimal,S1,6,0.01,0,8,1024,8192,0.4281005859375,0.41742190005201163,0.438846671525567,1.7857666015625,1.7857666015625,0.0416259765625,0.5718994140625,nan,0.398681640625,nan,0.398681640625,nan,1,0.4178466796875,0.4388427734375,0.01611380968424627,8,3,24,89,174,20260920,761,17.252262599999085
depth_optimal,S1,6,0.01,1,8,1024,8192,0.4527587890625,0.44200449734967345,0.46355736546955056,1.47216796875,1.34375,0.058349609375,nan,0.064208984375,0.4830322265625,nan,0.4830322265625,nan,1,0.441650390625,0.46337890625,0.016922108125156387,8,3,24,89,174,20260920,761,16.007723500020802
depth_optimal,S1,6,0.01,2,8,1024,8192,0.438720703125,0.4280061563679288,0.44949269411075454,1.2659912109375,0.8489990234375,0.039794921875,nan,0.061767578125,nan,0.146728515625,nan,0.146728515625,1,0.426513671875,0.4521484375,0.019723868826873724,8,3,24,89,174,20260920,761,17.199289400014095
depth_optimal,S1,6,0.01,3,8,1024,8192,0.465576171875,0.45479314399795634,0.47639146921915265,1.0919189453125,0.3763427734375,0.092529296875,nan,0.0347900390625,nan,0.109619140625,nan,0.109619140625,1,0.45068359375,0.481689453125,0.023742149030576882,8,3,24,89,174,20260920,761,16.670261699939147
depth_optimal,S1,6,0.01,4,8,1024,8192,0.4600830078125,0.4493114161239351,0.4708920183512232,1.137451171875,-0.4755859375,0.0360107421875,nan,0.104736328125,nan,0.1397705078125,nan,0.1397705078125,1,0.4421356201171875,0.4755859375,0.02637203111513721,8,3,24,89,174,20260920,761,16.22344349999912
depth_optimal,S1,6,0.01,5,8,1024,8192,0.4503173828125,0.43956938020407865,0.4611119587298339,1.2366943359375,-0.8768310546875,0.0562744140625,nan,0.03955078125,nan,0.1400146484375,nan,0.1400146484375,1,0.4339599609375,0.4666748046875,0.025258485460875797,8,3,24,89,174,20260920,761,16.594554800074548
depth_optimal,S1,6,0.01,6,8,1024,8192,0.450927734375,0.4401781349587794,0.46172333494646106,1.505615234375,-1.420654296875,0.04248046875,nan,0.060546875,nan,0.099365234375,nan,0.099365234375,1,0.4351806640625,0.4671630859375,0.024731474577682412,8,3,24,89,174,20260920,761,16.830303599941544
depth_optimal,S1,6,0.02,0,8,1024,8192,0.2403564453125,0.23122643886813796,0.24972984592899242,2.57421875,2.57421875,0.072265625,0.7596435546875,nan,0.570556640625,nan,0.570556640625,nan,1,0.2252197265625,0.255615234375,0.023440042993551673,8,3,24,89,174,20260920,761,16.55905410007108
depth_optimal,S1,6,0.02,1,8,1024,8192,0.256103515625,0.246767498829026,0.26566816502836305,2.0745849609375,1.8760986328125,0.0849609375,nan,0.0992431640625,0.6446533203125,nan,0.6446533203125,nan,1,0.2429168701171875,0.269287109375,0.020436272433883546,8,3,24,89,174,20260920,761,16.874892099993303
depth_optimal,S1,6,0.02,2,8,1024,8192,0.252197265625,0.2429108084150216,0.2617160172258692,1.7552490234375,1.1778564453125,0.0770263671875,nan,0.088134765625,nan,0.2005615234375,nan,0.2005615234375,1,0.2410888671875,0.2630615234375,0.017040945670522605,8,3,24,89,174,20260920,761,16.526496000005864
depth_optimal,S1,6,0.02,3,8,1024,8192,0.267578125,0.258102212951671,0.27727191316668165,1.549560546875,0.46923828125,0.1109619140625,nan,0.06884765625,nan,0.1649169921875,nan,0.1649169921875,1,0.252685546875,0.2789306640625,0.020108652619115236,8,3,24,89,174,20260920,761,16.388235999969766
depth_optimal,S1,6,0.02,4,8,1024,8192,0.27685546875,0.2672724687809261,0.28664764810161,1.552978515625,-0.50732421875,0.075439453125,nan,0.1151123046875,nan,0.1842041015625,nan,0.1842041015625,1,0.26708984375,0.2852783203125,0.014199788671874412,8,3,24,89,174,20260920,761,16.170180700020865
depth_optimal,S1,6,0.02,5,8,1024,8192,0.2579345703125,0.2485756650294667,0.2675203917419059,1.7427978515625,-1.2337646484375,0.0821533203125,nan,0.0748291015625,nan,0.1854248046875,nan,0.1854248046875,1,0.2451171875,0.269775390625,0.018996857089193183,8,3,24,89,174,20260920,761,16.586570900049992
depth_optimal,S1,6,0.02,6,8,1024,8192,0.251708984375,0.2424287926502084,0.26122192821362006,2.1077880859375,-1.9586181640625,0.0745849609375,nan,0.0758056640625,nan,0.1610107421875,nan,0.1610107421875,1,0.234619140625,0.2689208984375,0.026119298118452837,8,3,24,89,174,20260920,761,16.15881170006469
depth_optimal,S1,6,0.03,0,8,1024,8192,0.1617431640625,0.15392839674219969,0.16987501894790294,3.04345703125,3.04345703125,0.092041015625,0.8382568359375,nan,0.6754150390625,nan,0.6754150390625,nan,1,0.147705078125,0.1771240234375,0.022493895050636238,8,3,24,89,174,20260920,761,17.253324599936604
depth_optimal,S1,6,0.03,1,8,1024,8192,0.1790771484375,0.1709253547240644,0.1875297805517493,2.4288330078125,2.2174072265625,0.1077880859375,nan,0.105712890625,0.7152099609375,nan,0.7152099609375,nan,1,0.168212890625,0.1885986328125,0.01573740175476885,8,3,24,89,174,20260920,761,16.530438999994658
depth_optimal,S1,6,0.03,2,8,1024,8192,0.19091796875,0.18255275235884424,0.19957292376072985,1.939208984375,1.271240234375,0.0908203125,nan,0.1043701171875,nan,0.2296142578125,nan,0.2296142578125,1,0.1834716796875,0.1981201171875,0.011578400625695552,8,3,24,89,174,20260920,761,16.589633500087075
depth_optimal,S1,6,0.03,3,8,1024,8192,0.19384765625,0.18543159730209963,0.20255070747984816,1.76953125,0.440185546875,0.1121826171875,nan,0.1025390625,nan,0.21728515625,nan,0.21728515625,1,0.1817626953125,0.2060546875,0.018359078170092864,8,3,24,89,174,20260920,761,17.308178600040264
depth_optimal,S1,6,0.03,4,8,1024,8192,0.1927490234375,0.18435194170016844,0.20143412733338922,1.7659912109375,-0.5169677734375,0.0933837890625,nan,0.1165771484375,nan,0.2132568359375,nan,0.2132568359375,1,0.1817626953125,0.203857421875,0.017074391132502767,8,3,24,89,174,20260920,761,16.42501160001848
depth_optimal,S1,6,0.03,5,8,1024,8192,0.1865234375,0.17823592274008118,0.19510481038593233,1.9853515625,-1.366455078125,0.099853515625,nan,0.099609375,nan,0.2158203125,nan,0.2158203125,1,0.175048828125,0.19739074707031246,0.017336194762866124,8,3,24,89,174,20260920,761,17.007436999934725
depth_optimal,S1,6,0.03,6,8,1024,8192,0.1795654296875,0.17140457602039008,0.18802666403248589,2.4111328125,-2.226806640625,0.0921630859375,nan,0.0947265625,nan,0.1939697265625,nan,0.1939697265625,1,0.17578125,0.18310546875,0.005704746799583947,8,3,24,89,174,20260920,761,16.81628789997194
depth_optimal,S1,6,0.05,0,8,1024,8192,0.123779296875,0.11682357670467797,0.13108769256883201,3.42626953125,3.42626953125,0.1163330078125,0.876220703125,nan,0.744384765625,nan,0.744384765625,nan,1,0.12060546875,0.1270751953125,0.005134421378230453,8,3,24,89,174,20260920,761,17.05459499999415
depth_optimal,S1,6,0.05,1,8,1024,8192,0.1378173828125,0.13052239063798052,0.14545189097607017,2.633056640625,2.398193359375,0.11572265625,nan,0.117431640625,0.7447509765625,nan,0.7447509765625,nan,1,0.133544921875,0.14306640625,0.007518126970567707,8,3,24,89,174,20260920,761,17.139565200079232
depth_optimal,S1,6,0.05,2,8,1024,8192,0.140869140625,0.13350395863623313,0.14857097783445686,2.1806640625,1.466552734375,0.1239013671875,nan,0.1138916015625,nan,0.2431640625,nan,0.2431640625,1,0.1339111328125,0.147705078125,0.010617811832860128,8,3,24,89,174,20260920,761,16.42042819992639
depth_optimal,S1,6,0.05,3,8,1024,8192,0.141357421875,0.13398112133910248,0.1490699199086498,1.920654296875,0.45751953125,0.1116943359375,nan,0.1190185546875,nan,0.2425537109375,nan,0.2425537109375,1,0.135498046875,0.14794921875,0.009521931508503029,8,3,24,89,174,20260920,761,16.212438800022937
depth_optimal,S1,6,0.05,4,8,1024,8192,0.1375732421875,0.13028391784853255,0.14520231137698697,1.9365234375,-0.550537109375,0.1083984375,nan,0.1273193359375,nan,0.240966796875,nan,0.240966796875,1,0.129150390625,0.146728515625,0.013525982391805585,8,3,24,89,174,20260920,761,16.553049699985422
depth_optimal,S1,6,0.05,5,8,1024,8192,0.131103515625,0.12396731787726865,0.13858552305217559,2.23291015625,-1.5546875,0.110595703125,nan,0.125732421875,nan,0.253662109375,nan,0.253662109375,1,0.1258514404296875,0.13720703125,0.008854696647960309,8,3,24,89,174,20260920,761,16.739851800026372
depth_optimal,S1,6,0.05,6,8,1024,8192,0.126708984375,0.11968013233602089,0.13408776559986285,2.6566162109375,-2.4256591796875,0.115478515625,nan,0.11376953125,nan,0.226806640625,nan,0.226806640625,1,0.1199951171875,0.13269348144531246,0.01011848555000272,8,3,24,89,174,20260920,761,16.673843599972315
depth_optimal,S2,2,0.0,0,8,1024,8192,0.894775390625,0.8879447377391518,0.901235974515705,0.1717529296875,0.1717529296875,0.015625,0.105224609375,nan,0.0509033203125,nan,0.105224609375,nan,0,0.88818359375,0.9031982421875,0.01158722226554726,8,2,8,37,28,20260920,761,2.1881507000653073
depth_optimal,S2,2,0.0,1,8,1024,8192,0.894775390625,0.8879447377391518,0.901235974515705,0.1444091796875,0.0797119140625,0.0391845703125,nan,0.0323486328125,0.0728759765625,nan,nan,0.0323486328125,0,0.887451171875,0.9014892578125,0.01095877932404693,8,2,8,37,28,20260920,761,2.143263400066644
depth_optimal,S2,2,0.0,2,8,1024,8192,0.8968505859375,0.8900771194236412,0.9032520381337303,0.1409912109375,-0.1072998046875,0.016845703125,nan,0.037841796875,nan,0.0863037109375,nan,0.037841796875,0,0.8919677734375,0.90185546875,0.007635007700738227,8,2,8,37,28,20260920,761,2.1011175999883562
depth_optimal,S2,2,0.001,0,8,1024,8192,0.884765625,0.8776700908401914,0.8915004734848885,0.185791015625,0.185791015625,0.0166015625,0.115234375,nan,0.053955078125,nan,0.115234375,nan,0,0.8785400390625,0.8917236328125,0.01036129722523836,8,2,8,37,28,20260920,761,2.977814699988812
depth_optimal,S2,2,0.001,1,8,1024,8192,0.8851318359375,0.878045687300104,0.8918569556077726,0.1552734375,0.080322265625,0.0404052734375,nan,0.0374755859375,0.077392578125,nan,nan,0.0374755859375,0,0.876953125,0.892822265625,0.012505421144132561,8,2,8,37,28,20260920,761,2.5400019999360666
depth_optimal,S2,2,0.001,2,8,1024,8192,0.887939453125,0.8809260098426348,0.89458923553335,0.1519775390625,-0.1156005859375,0.0181884765625,nan,0.0399169921875,nan,0.0938720703125,nan,0.0399169921875,0,0.8836669921875,0.892333984375,0.006780908933880992,8,2,8,37,28,20260920,761,2.496432700078003
depth_optimal,S2,2,0.003,0,8,1024,8192,0.8575439453125,0.8498075716655893,0.8649451513382684,0.2227783203125,0.2227783203125,0.02001953125,0.1424560546875,nan,0.060302734375,nan,0.1424560546875,nan,0,0.85400390625,0.8613311767578125,0.005752311952562676,8,2,8,37,28,20260920,761,2.9489294999511912
depth_optimal,S2,2,0.003,1,8,1024,8192,0.8699951171875,0.8625386571527605,0.8771047376661854,0.1724853515625,0.0848388671875,0.04248046875,nan,0.0438232421875,0.086181640625,nan,nan,0.0438232421875,0,0.8671875,0.872802734375,0.00434973760605852,8,2,8,37,28,20260920,761,2.528878099983558
depth_optimal,S2,2,0.003,2,8,1024,8192,0.8699951171875,0.8625386571527605,0.8771047376661854,0.169189453125,-0.13134765625,0.0189208984375,nan,0.0391845703125,nan,0.111083984375,nan,0.0391845703125,0,0.8641357421875,0.8768310546875,0.009687712355013403,8,2,8,37,28,20260920,761,2.517383099999279
depth_optimal,S2,2,0.005,0,8,1024,8192,0.83642578125,0.8282585731309977,0.8442776182649161,0.257080078125,0.257080078125,0.0244140625,0.16357421875,nan,0.069091796875,nan,0.16357421875,nan,0,0.82861328125,0.84423828125,0.012096317124411476,8,2,8,37,28,20260920,761,2.9732412999728695
depth_optimal,S2,2,0.005,1,8,1024,8192,0.84716796875,0.8392134446645801,0.854797051826704,0.199951171875,0.09716796875,0.047119140625,nan,0.0513916015625,0.1014404296875,nan,nan,0.0513916015625,0,0.8399658203125,0.854736328125,0.011578400625695552,8,2,8,37,28,20260920,761,2.5439856000011787
depth_optimal,S2,2,0.005,2,8,1024,8192,0.8519287109375,0.844072662209751,0.8594548558578903,0.1951904296875,-0.1529541015625,0.0211181640625,nan,0.047119140625,nan,0.126953125,nan,0.047119140625,0,0.8438720703125,0.85986328125,0.012329878506062443,8,2,8,37,28,20260920,761,2.53461019997485
depth_optimal,S2,2,0.01,0,8,1024,8192,0.788818359375,0.7798457028265925,0.7975202728057486,0.326171875,0.326171875,0.0286865234375,0.211181640625,nan,0.0863037109375,nan,0.211181640625,nan,0,0.7808837890625,0.7960205078125,0.011657555064759104,8,2,8,37,28,20260920,761,2.9395036000059918
depth_optimal,S2,2,0.01,1,8,1024,8192,0.7984619140625,0.7896361526358963,0.8070078923434251,0.260498046875,0.107666015625,0.0589599609375,nan,0.076416015625,0.1251220703125,nan,nan,0.076416015625,0,0.7890625,0.807861328125,0.014671090185572073,8,2,8,37,28,20260920,761,2.5594396999804303
depth_optimal,S2,2,0.01,2,8,1024,8192,0.795166015625,0.7862891935670344,0.8037661441671164,0.267578125,-0.21484375,0.0263671875,nan,0.062744140625,nan,0.178466796875,nan,0.062744140625,0,0.78662109375,0.8045654296875,0.01390652823131574,8,2,8,37,28,20260920,761,2.5168727999553084
depth_optimal,S2,2,0.02,0,8,1024,8192,0.7137451171875,0.7038585524917957,0.7234313136672192,0.4461669921875,0.4461669921875,0.03955078125,0.2862548828125,nan,0.120361328125,nan,0.2862548828125,nan,0,0.708984375,0.7178955078125,0.006894232860423791,8,2,8,37,28,20260920,761,2.912421299959533
depth_optimal,S2,2,0.02,1,8,1024,8192,0.7166748046875,0.7068170963858668,0.7263293984355218,0.365234375,0.16162109375,0.0819091796875,nan,0.101806640625,0.1815185546875,nan,nan,0.101806640625,0,0.7110595703125,0.722412109375,0.008757033343442678,8,2,8,37,28,20260920,761,2.5429306000005454
depth_optimal,S2,2,0.02,2,8,1024,8192,0.7052001953125,0.6952323210736574,0.7149757114867675,0.3814697265625,-0.3048095703125,0.038330078125,nan,0.086669921875,nan,0.2564697265625,nan,0.086669921875,0,0.69970703125,0.7120361328125,0.009631295715998708,8,2,8,37,28,20260920,761,2.5340153999859467
depth_optimal,S2,2,0.03,0,8,1024,8192,0.6256103515625,0.6150736299639544,0.6360293239353182,0.58349609375,0.58349609375,0.052734375,0.3743896484375,nan,0.1563720703125,nan,0.3743896484375,nan,0,0.6177947998046875,0.63232421875,0.011423664572329274,8,2,8,37,28,20260920,761,2.948421600041911
depth_optimal,S2,2,0.03,1,8,1024,8192,0.643310546875,0.6328724891863909,0.6536142628813896,0.4591064453125,0.2069091796875,0.1024169921875,nan,0.1260986328125,0.2305908203125,nan,nan,0.1260986328125,0,0.634765625,0.651611328125,0.01309936095231733,8,2,8,37,28,20260920,761,2.5493011999642476
depth_optimal,S2,2,0.03,2,8,1024,8192,0.63037109375,0.6198594208461724,0.6407605546294576,0.4794921875,-0.382568359375,0.0484619140625,nan,0.10986328125,nan,0.3211669921875,nan,0.10986328125,0,0.6226806640625,0.638916015625,0.012516991102766713,8,2,8,37,28,20260920,761,2.539706700015813
depth_optimal,S2,2,0.05,0,8,1024,8192,0.5128173828125,0.5019900949482559,0.5236326554496291,0.788818359375,0.788818359375,0.084228515625,0.4871826171875,nan,0.2174072265625,nan,0.4871826171875,nan,0,0.5096435546875,0.51611328125,0.004881068326877734,8,2,8,37,28,20260920,761,2.99561160011217
depth_optimal,S2,2,0.05,1,8,1024,8192,0.546142578125,0.5353422868194232,0.5568996146129627,0.57421875,0.22802734375,0.120361328125,nan,0.173095703125,0.28076171875,nan,nan,0.173095703125,0,0.5361328125,0.55517578125,0.014388031354364825,8,2,8,37,28,20260920,761,2.508343099965714
depth_optimal,S2,2,0.05,2,8,1024,8192,0.5150146484375,0.5041876545638364,0.5258275673308288,0.6331787109375,-0.4849853515625,0.0740966796875,nan,0.148193359375,nan,0.410888671875,nan,0.148193359375,0,0.5040283203125,0.5260009765625,0.0169863936846057,8,2,8,37,28,20260920,761,2.5071879000170156
depth_optimal,S2,4,0.0,0,8,1024,8192,0.7025146484375,0.6925220853983641,0.7123173708882183,0.984619140625,0.984619140625,0.078125,0.2974853515625,nan,0.2047119140625,nan,0.2047119140625,nan,1,0.693359375,0.712646484375,0.01516425796217728,8,3,16,83,99,20260920,761,6.26475579990074
depth_optimal,S2,4,0.0,1,8,1024,8192,0.699951171875,0.6899354232166399,0.7097794829903654,0.8079833984375,0.7054443359375,0.119873046875,nan,0.05126953125,0.248779296875,nan,0.248779296875,nan,1,0.6876220703125,0.7120361328125,0.018148229586664958,8,3,16,83,99,20260920,761,5.980540800024755
depth_optimal,S2,4,0.0,2,8,1024,8192,0.6917724609375,0.6816851950280416,0.7016799561631706,0.68896484375,0.390625,0.0982666015625,nan,0.0406494140625,nan,0.1085205078125,nan,0.1085205078125,1,0.6837158203125,0.6990997314453125,0.011822198486281533,8,3,16,83,99,20260920,761,6.058390699909069
depth_optimal,S2,4,0.0,3,8,1024,8192,0.69140625,0.6813158684006522,0.7013172042077633,0.678955078125,0.24365234375,0.1265869140625,nan,0.01220703125,nan,0.065673828125,nan,0.065673828125,1,0.683837890625,0.70068359375,0.013112355064184353,8,3,16,83,99,20260920,761,6.017807399970479
depth_optimal,S2,4,0.0,4,8,1024,8192,0.6871337890625,0.6770075997343328,0.6970845560747876,0.6844482421875,-0.3890380859375,0.0802001953125,nan,0.0728759765625,nan,0.0869140625,nan,0.0869140625,1,0.6781005859375,0.6959228515625,0.013500777893260246,8,3,16,83,99,20260920,761,6.033295399975032
depth_optimal,S2,4,0.001,0,8,1024,8192,0.674560546875,0.6643346875082231,0.6846227702915434,1.0528564453125,1.0528564453125,0.0848388671875,0.325439453125,nan,0.2191162109375,nan,0.2191162109375,nan,1,0.6666259765625,0.682373046875,0.012127250451303855,8,3,16,83,99,20260920,761,9.577994600054808
depth_optimal,S2,4,0.001,1,8,1024,8192,0.677490234375,0.6672868467316125,0.6875272397305278,0.896484375,0.800537109375,0.135009765625,nan,0.0479736328125,0.2745361328125,nan,0.2745361328125,nan,1,0.6629638671875,0.69189453125,0.02272775575198841,8,3,16,83,99,20260920,761,7.66828019998502
depth_optimal,S2,4,0.001,2,8,1024,8192,0.6639404296875,0.6536368717542581,0.6740903071444039,0.751220703125,0.431640625,0.10791015625,nan,0.0452880859375,nan,0.114501953125,nan,0.114501953125,1,0.6510009765625,0.6778564453125,0.020902201946292963,8,3,16,83,99,20260920,761,7.8974019000306726
depth_optimal,S2,4,0.001,3,8,1024,8192,0.6781005859375,0.6679019370142477,0.6881322804192204,0.6912841796875,0.2325439453125,0.1260986328125,nan,0.0133056640625,nan,0.0655517578125,nan,0.0655517578125,1,0.6602783203125,0.6961669921875,0.027650629169752885,8,3,16,83,99,20260920,761,7.513093100045808
depth_optimal,S2,4,0.001,4,8,1024,8192,0.6688232421875,0.6585546803798312,0.6789335462894535,0.7154541015625,-0.3946533203125,0.0887451171875,nan,0.0770263671875,nan,0.0887451171875,nan,0.0887451171875,1,0.6534423828125,0.6846923828125,0.024396966670614008,8,3,16,83,99,20260920,761,7.4753965000854805
depth_optimal,S2,4,0.003,0,8,1024,8192,0.615234375,0.6046467968657415,0.6257139305209575,1.235595703125,1.235595703125,0.1002197265625,0.384765625,nan,0.2596435546875,nan,0.2596435546875,nan,1,0.60546875,0.6251220703125,0.015218627392069915,8,3,16,83,99,20260920,761,9.842213100055233
depth_optimal,S2,4,0.003,1,8,1024,8192,0.634765625,0.6242780413556066,0.6451268771135839,0.993896484375,0.884521484375,0.14453125,nan,0.0546875,0.310546875,nan,0.310546875,nan,1,0.6168212890625,0.655517578125,0.029977219424603137,8,3,16,83,99,20260920,761,7.723269600071944
depth_optimal,S2,4,0.003,2,8,1024,8192,0.628662109375,0.6181413196558045,0.6390622891001074,0.8048095703125,0.4459228515625,0.112548828125,nan,0.04931640625,nan,0.130126953125,nan,0.130126953125,1,0.62060546875,0.6361083984375,0.012003038839034587,8,3,16,83,99,20260920,761,7.9426508999895304
depth_optimal,S2,4,0.003,3,8,1024,8192,0.6116943359375,0.6010905676632582,0.6221934000897392,0.8209228515625,0.2718505859375,0.150390625,nan,0.016845703125,nan,0.077392578125,nan,0.077392578125,1,0.59912109375,0.6275634765625,0.021829971368018366,8,3,16,83,99,20260920,761,7.926645400002599
depth_optimal,S2,4,0.003,4,8,1024,8192,0.5919189453125,0.5812354312977952,0.6025162929841799,0.8905029296875,-0.5003662109375,0.1036376953125,nan,0.093017578125,nan,0.111083984375,nan,0.111083984375,1,0.577880859375,0.6055908203125,0.02170165531055459,8,3,16,83,99,20260920,761,7.936931599979289
depth_optimal,S2,4,0.005,0,8,1024,8192,0.55859375,0.547816000855937,0.5693165723915372,1.4046630859375,1.4046630859375,0.1123046875,0.44140625,nan,0.2974853515625,nan,0.2974853515625,nan,1,0.546630859375,0.5712890625,0.019079599327320042,8,3,16,83,99,20260920,761,9.493606899981387
depth_optimal,S2,4,0.005,1,8,1024,8192,0.5791015625,0.5683759083608007,0.5897530655232894,1.0880126953125,0.9422607421875,0.151611328125,nan,0.0728759765625,0.3480224609375,nan,0.3480224609375,nan,1,0.560546875,0.5997314453125,0.03038797816007781,8,3,16,83,99,20260920,761,7.826945100096054
depth_optimal,S2,4,0.005,2,8,1024,8192,0.576416015625,0.5656824711850859,0.5870779264251615,0.929443359375,0.502197265625,0.131103515625,nan,0.0604248046875,nan,0.1531982421875,nan,0.1531982421875,1,0.5625,0.5921630859375,0.022793598743053263,8,3,16,83,99,20260920,761,7.779199299984612
depth_optimal,S2,4,0.005,3,8,1024,8192,0.5845947265625,0.5738862224765178,0.595223930149523,0.861083984375,0.232177734375,0.1461181640625,nan,0.022705078125,nan,0.0870361328125,nan,0.0870361328125,1,0.5665283203125,0.60107421875,0.027052909055206256,8,3,16,83,99,20260920,761,7.655971099971794
depth_optimal,S2,4,0.005,4,8,1024,8192,0.5433349609375,0.5325305274276646,0.554098771536613,0.98681640625,-0.53759765625,0.1180419921875,nan,0.0992431640625,nan,0.1219482421875,nan,0.1219482421875,1,0.5328369140625,0.55322265625,0.01575470630456924,8,3,16,83,99,20260920,761,7.7957374000689015
depth_optimal,S2,4,0.01,0,8,1024,8192,0.4637451171875,0.45296575507703246,0.47455846522609296,1.7384033203125,1.7384033203125,0.1456298828125,0.5362548828125,nan,0.3734130859375,nan,0.3734130859375,nan,1,0.450439453125,0.48083801269531246,0.024014234386112707,8,3,16,83,99,20260920,761,9.579082099953666
depth_optimal,S2,4,0.01,1,8,1024,8192,0.449462890625,0.43871715104096687,0.4602560045330867,1.4981689453125,1.3262939453125,0.2078857421875,nan,0.0859375,0.464599609375,nan,0.464599609375,nan,1,0.4366455078125,0.46435546875,0.021304479693607773,8,3,16,83,99,20260920,761,7.75995380000677
depth_optimal,S2,4,0.01,2,8,1024,8192,0.4566650390625,0.4459012284633869,0.46746947257233534,1.212158203125,0.691650390625,0.1741943359375,nan,0.0733642578125,nan,0.1868896484375,nan,0.1868896484375,1,0.447021484375,0.4666748046875,0.015083183157358144,8,3,16,83,99,20260920,761,7.686136299977079
depth_optimal,S2,4,0.01,3,8,1024,8192,0.46923828125,0.45844836015832224,0.4800570388867539,1.1181640625,0.28857421875,0.192626953125,nan,0.0380859375,nan,0.117431640625,nan,0.117431640625,1,0.4483642578125,0.49169921875,0.03282345958553039,8,3,16,83,99,20260920,761,7.606439399998635
depth_optimal,S2,4,0.01,4,8,1024,8192,0.4500732421875,0.43932588288388075,0.4608674036615007,1.1710205078125,-0.6026611328125,0.145263671875,nan,0.1043701171875,nan,0.1387939453125,nan,0.1387939453125,1,0.4346923828125,0.468994140625,0.02642879655366551,8,3,16,83,99,20260920,761,7.801786000025459
depth_optimal,S2,4,0.02,0,8,1024,8192,0.342041015625,0.3318443272194543,0.35238577740089677,2.17529296875,2.17529296875,0.2021484375,0.657958984375,nan,0.46142578125,nan,0.46142578125,nan,1,0.32861328125,0.3585205078125,0.023114107726009823,8,3,16,83,99,20260920,761,9.930549399927258
depth_optimal,S2,4,0.02,1,8,1024,8192,0.33349609375,0.32336683887884127,0.34378143214291984,1.8487548828125,1.6563720703125,0.251953125,nan,0.09619140625,0.5703125,nan,0.5703125,nan,1,0.31787109375,0.356201171875,0.030414866215619993,8,3,16,83,99,20260920,761,7.787956299958751
depth_optimal,S2,4,0.02,2,8,1024,8192,0.36376953125,0.35341788967814713,0.3742488775214756,1.4034423828125,0.7891845703125,0.202392578125,nan,0.0865478515625,nan,0.2205810546875,nan,0.2205810546875,1,0.3363006591796875,0.3917236328125,0.0415272879253945,8,3,16,83,99,20260920,761,7.693303599953651
depth_optimal,S2,4,0.02,3,8,1024,8192,0.328125,0.31804005664346163,0.33837106183061433,1.420166015625,0.32568359375,0.2451171875,nan,0.0576171875,nan,0.1612548828125,nan,0.1612548828125,1,0.314453125,0.34326171875,0.022536630029362355,8,3,16,83,99,20260920,761,7.6930719000520185
depth_optimal,S2,4,0.02,4,8,1024,8192,0.3397216796875,0.32954292601172874,0.3500506809175765,1.38916015625,-0.615234375,0.195556640625,nan,0.10693359375,nan,0.1588134765625,nan,0.1588134765625,1,0.319091796875,0.36083984375,0.032289649677716234,8,3,16,83,99,20260920,761,7.743772400077432
depth_optimal,S2,4,0.03,0,8,1024,8192,0.245849609375,0.23664584278084946,0.2552916207582316,2.57080078125,2.57080078125,0.2432861328125,0.754150390625,nan,0.5601806640625,nan,0.5601806640625,nan,1,0.2310791015625,0.266357421875,0.027904750121542088,8,3,16,83,99,20260920,761,9.484388299984857
depth_optimal,S2,4,0.03,1,8,1024,8192,0.268798828125,0.25930852272240934,0.2785058653385991,2.03564453125,1.81591796875,0.2686767578125,nan,0.10986328125,0.621337890625,nan,0.621337890625,nan,1,0.2530517578125,0.2872314453125,0.026259753432881804,8,3,16,83,99,20260920,761,7.762686699978076
depth_optimal,S2,4,0.03,2,8,1024,8192,0.263916015625,0.2544838426573955,0.27356949763299004,1.7308349609375,1.0709228515625,0.2659912109375,nan,0.0948486328125,nan,0.235107421875,nan,0.235107421875,1,0.2470703125,0.28125,0.026651135190467388,8,3,16,83,99,20260920,761,7.804368499899283
depth_optimal,S2,4,0.03,3,8,1024,8192,0.261474609375,0.2520720657647552,0.27110075064031897,1.55712890625,0.314453125,0.264404296875,nan,0.0693359375,nan,0.1876220703125,nan,0.1876220703125,1,0.2503662109375,0.2720947265625,0.016888361086840185,8,3,16,83,99,20260920,761,7.82758120005019
depth_optimal,S2,4,0.03,4,8,1024,8192,0.2406005859375,0.23146725720242,0.24997707998324148,1.653564453125,-0.643310546875,0.2474365234375,nan,0.1163330078125,nan,0.191650390625,nan,0.191650390625,1,0.2303466796875,0.2540283203125,0.018403086469768314,8,3,16,83,99,20260920,761,7.84449729998596
depth_optimal,S2,4,0.05,0,8,1024,8192,0.164794921875,0.15691857103309637,0.1729854995136455,2.995849609375,2.995849609375,0.296875,0.835205078125,nan,0.6580810546875,nan,0.6580810546875,nan,1,0.1561279296875,0.1724853515625,0.012622667326435914,8,3,16,83,99,20260920,761,9.642441799980588
depth_optimal,S2,4,0.05,1,8,1024,8192,0.1943359375,0.18591147819120976,0.2030469313678003,2.34228515625,2.096435546875,0.310302734375,nan,0.1229248046875,0.6827392578125,nan,0.6827392578125,nan,1,0.18408203125,0.204833984375,0.01594435087785936,8,3,16,83,99,20260920,761,7.809598899912089
depth_optimal,S2,4,0.05,2,8,1024,8192,0.1934814453125,0.18507170032812956,0.2021785258710215,1.9591064453125,1.2481689453125,0.3092041015625,nan,0.1083984375,nan,0.2470703125,nan,0.2470703125,1,0.183837890625,0.2037353515625,0.015400499878592672,8,3,16,83,99,20260920,761,7.603261900017969
depth_optimal,S2,4,0.05,3,8,1024,8192,0.1883544921875,0.18003438974202104,0.19696673629797604,1.7679443359375,0.3326416015625,0.30810546875,nan,0.0972900390625,nan,0.228271484375,nan,0.228271484375,1,0.18115234375,0.1961669921875,0.011677259839002748,8,3,16,83,99,20260920,761,7.6701789000071585
depth_optimal,S2,4,0.05,4,8,1024,8192,0.160400390625,0.15261303824373992,0.16850608930944141,1.8660888671875,-0.6082763671875,0.3056640625,nan,0.12109375,nan,0.2197265625,nan,0.2197265625,1,0.1549072265625,0.166015625,0.008620816497621236,8,3,16,83,99,20260920,761,7.521625500055961
depth_optimal,S2,6,0.0,0,8,1024,8192,0.56494140625,0.5541777820024332,0.5756441533468506,1.4725341796875,1.4725341796875,0.0445556640625,0.43505859375,nan,0.3143310546875,nan,0.3143310546875,nan,1,0.5506591796875,0.5838623046875,0.025593710480956756,8,3,24,89,174,20260920,761,15.747732599964365
depth_optimal,S2,6,0.0,1,8,1024,8192,0.5482177734375,0.5374207658310205,0.55896958090388,1.22705078125,1.0908203125,0.0557861328125,nan,0.068115234375,0.3836669921875,nan,0.3836669921875,nan,1,0.5401611328125,0.555908203125,0.012207728774714148,8,3,24,89,174,20260920,761,16.10234580002725
depth_optimal,S2,6,0.0,2,8,1024,8192,0.5440673828125,0.5332639965925295,0.5548294595373416,1.029052734375,0.609375,0.028564453125,nan,0.064697265625,nan,0.1451416015625,nan,0.1451416015625,1,0.5345458984375,0.5537109375,0.01477749601788219,8,3,24,89,174,20260920,761,16.94832610001322
depth_optimal,S2,6,0.0,3,8,1024,8192,0.56201171875,0.5512413535600456,0.5727239531268646,0.94677734375,0.37158203125,0.0970458984375,nan,0.0240478515625,nan,0.0906982421875,nan,0.0906982421875,1,0.5391845703125,0.5880126953125,0.038397662600268556,8,3,24,89,174,20260920,761,15.499037500005215
depth_optimal,S2,6,0.0,4,8,1024,8192,0.5509033203125,0.5401108428025359,0.5616480802062074,0.958984375,-0.422607421875,0.0267333984375,nan,0.092529296875,nan,0.1168212890625,nan,0.1168212890625,1,0.5361328125,0.5670166015625,0.023809120765181133,8,3,24,89,174,20260920,761,16.35211810003966
depth_optimal,S2,6,0.0,5,8,1024,8192,0.5347900390625,0.5239751198845235,0.5455723454811643,1.0831298828125,-0.7479248046875,0.05419921875,nan,0.0291748046875,nan,0.1353759765625,nan,0.1353759765625,1,0.522216796875,0.546875,0.019164650299599965,8,3,24,89,174,20260920,761,16.01462030003313
depth_optimal,S2,6,0.0,6,8,1024,8192,0.5498046875,0.5390103184770216,0.5605523687833314,1.2510986328125,-1.1607666015625,0.045166015625,nan,0.0546875,nan,0.0794677734375,nan,0.0794677734375,1,0.5328369140625,0.568115234375,0.027298871014704167,8,3,24,89,174,20260920,761,15.939192299963906
depth_optimal,S2,6,0.001,0,8,1024,8192,0.5242919921875,0.5134685474821197,0.5350926651767289,1.5986328125,1.5986328125,0.05029296875,0.4757080078125,nan,0.341796875,nan,0.341796875,nan,1,0.515625,0.5352783203125,0.014997128711367044,8,3,24,89,174,20260920,761,25.16739509999752
depth_optimal,S2,6,0.001,1,8,1024,8192,0.5224609375,0.5116364964965374,0.5332643232483276,1.378173828125,1.251220703125,0.0633544921875,nan,0.0634765625,0.4140625,nan,0.4140625,nan,1,0.5054931640625,0.539794921875,0.026703481239264644,8,3,24,89,174,20260920,761,20.531217299983837
depth_optimal,S2,6,0.001,2,8,1024,8192,0.53466796875,0.5238529228670579,0.5454505163043644,1.0738525390625,0.6839599609375,0.028076171875,nan,0.0599365234375,nan,0.135009765625,nan,0.135009765625,1,0.5166015625,0.551513671875,0.026713683142689088,8,3,24,89,174,20260920,761,19.69157639995683
depth_optimal,S2,6,0.001,3,8,1024,8192,0.5103759765625,0.4995486073470392,0.5211936191655344,1.0445556640625,0.3668212890625,0.09375,nan,0.0308837890625,nan,0.107666015625,nan,0.107666015625,1,0.4952392578125,0.525390625,0.02348939509090299,8,3,24,89,174,20260920,761,20.177895799977705
depth_optimal,S2,6,0.001,4,8,1024,8192,0.5108642578125,0.5000368842142282,0.5216814470754076,1.0465087890625,-0.4569091796875,0.0299072265625,nan,0.098388671875,nan,0.1263427734375,nan,0.1263427734375,1,0.49169921875,0.5283203125,0.027922747775919746,8,3,24,89,174,20260920,761,20.017779200104997
depth_optimal,S2,6,0.001,5,8,1024,8192,0.5079345703125,0.4971073778772442,0.5187543247500179,1.115966796875,-0.785400390625,0.0531005859375,nan,0.030517578125,nan,0.129150390625,nan,0.129150390625,1,0.49609375,0.520751953125,0.01913263359847344,8,3,24,89,174,20260920,761,20.603973100078292
depth_optimal,S2,6,0.001,6,8,1024,8192,0.4915771484375,0.4807577957199538,0.5024043968757218,1.389404296875,-1.282958984375,0.05322265625,nan,0.0567626953125,nan,0.088623046875,nan,0.088623046875,1,0.474365234375,0.510009765625,0.027709692058855182,8,3,24,89,174,20260920,761,20.64052819996141
depth_optimal,S2,6,0.003,0,8,1024,8192,0.4580078125,0.4472408841094137,0.4688141050632299,1.8004150390625,1.8004150390625,0.0618896484375,0.5419921875,nan,0.3861083984375,nan,0.3861083984375,nan,1,0.4420166015625,0.4747314453125,0.02542279898334016,8,3,24,89,174,20260920,761,25.530184499919415
depth_optimal,S2,6,0.003,1,8,1024,8192,0.4578857421875,0.44711909397274496,0.468691869005633,1.515380859375,1.370361328125,0.069091796875,nan,0.072509765625,0.4696044921875,nan,0.4696044921875,nan,1,0.4420166015625,0.4749755859375,0.025371502392954808,8,3,24,89,174,20260920,761,20.744302799925208
depth_optimal,S2,6,0.003,2,8,1024,8192,0.4482421875,0.4374997364798391,0.4590331571515588,1.24951171875,0.7548828125,0.03857421875,nan,0.0750732421875,nan,0.1722412109375,nan,0.1722412109375,1,0.44384765625,0.4525146484375,0.006805977074581734,8,3,24,89,174,20260920,761,21.2313734999625
depth_optimal,S2,6,0.003,3,8,1024,8192,0.4609375,0.45016404283491046,0.47174757500010683,1.154052734375,0.395751953125,0.1043701171875,nan,0.038818359375,nan,0.1156005859375,nan,0.1156005859375,1,0.45068359375,0.47021484375,0.0154143162019343,8,3,24,89,174,20260920,761,20.44314069999382
depth_optimal,S2,6,0.003,4,8,1024,8192,0.44091796875,0.4301966272981291,0.45169469467733453,1.2041015625,-0.508056640625,0.0408935546875,nan,0.1077880859375,nan,0.149169921875,nan,0.149169921875,1,0.4281005859375,0.4541015625,0.020074748274279047,8,3,24,89,174,20260920,761,21.233690900029615
depth_optimal,S2,6,0.003,5,8,1024,8192,0.4404296875,0.42970983752616926,0.4512053796722321,1.2803955078125,-0.8729248046875,0.0667724609375,nan,0.040283203125,nan,0.1458740234375,nan,0.1458740234375,1,0.416259765625,0.4620361328125,0.0358470085469261,8,3,24,89,174,20260920,761,20.441702300100587
depth_optimal,S2,6,0.003,6,8,1024,8192,0.4483642578125,0.43762147498743253,0.4591554448382309,1.53076171875,-1.4296875,0.050537109375,nan,0.0604248046875,nan,0.1015625,nan,0.1015625,1,0.427734375,0.4647216796875,0.028863222361274584,8,3,24,89,174,20260920,761,20.302489200024866
depth_optimal,S2,6,0.005,0,8,1024,8192,0.388916015625,0.37841364718800974,0.39952251603032063,2.05712890625,2.05712890625,0.0631103515625,0.611083984375,nan,0.446044921875,nan,0.446044921875,nan,1,0.3751220703125,0.4014892578125,0.020436272433883546,8,3,24,89,174,20260920,761,25.267377099953592
depth_optimal,S2,6,0.005,1,8,1024,8192,0.4046630859375,0.3940814397131085,0.41533410256548053,1.6727294921875,1.5323486328125,0.0748291015625,nan,0.0701904296875,0.525146484375,nan,0.525146484375,nan,1,0.3917236328125,0.4193115234375,0.021401381272072344,8,3,24,89,174,20260920,761,20.218152499990538
depth_optimal,S2,6,0.005,2,8,1024,8192,0.4000244140625,0.38946493226429757,0.41067761463219976,1.381591796875,0.881591796875,0.0474853515625,nan,0.0767822265625,nan,0.1732177734375,nan,0.1732177734375,1,0.3837890625,0.41760559082031246,0.02614634230206428,8,3,24,89,174,20260920,761,20.76154660002794
depth_optimal,S2,6,0.005,3,8,1024,8192,0.4027099609375,0.3921375268008409,0.413373596369499,1.2769775390625,0.4630126953125,0.110107421875,nan,0.0439453125,nan,0.124755859375,nan,0.124755859375,1,0.394287109375,0.4095458984375,0.011822198486281533,8,3,24,89,174,20260920,761,21.074891000054777
depth_optimal,S2,6,0.005,4,8,1024,8192,0.375,0.3645773225023684,0.38553985456968687,1.3551025390625,-0.5528564453125,0.0469970703125,nan,0.1202392578125,nan,0.16943359375,nan,0.16943359375,1,0.3594970703125,0.3900146484375,0.023408417596442087,8,3,24,89,174,20260920,761,20.94225879991427
depth_optimal,S2,6,0.005,5,8,1024,8192,0.38720703125,0.3767139586906796,0.39780583780793277,1.4150390625,-0.961669921875,0.0743408203125,nan,0.0526123046875,nan,0.1595458984375,nan,0.1595458984375,1,0.3646209716796875,0.407958984375,0.03361904674629345,8,3,24,89,174,20260920,761,21.113485800102353
depth_optimal,S2,6,0.005,6,8,1024,8192,0.3743896484375,0.3639706760646818,0.3849263700360456,1.7537841796875,-1.6424560546875,0.0556640625,nan,0.0677490234375,nan,0.1181640625,nan,0.1181640625,1,0.35693359375,0.3919738769531249,0.0270327574406459,8,3,24,89,174,20260920,761,20.584234799956903
depth_optimal,S2,6,0.01,0,8,1024,8192,0.281494140625,0.271859555949895,0.29133355631473273,2.493896484375,2.493896484375,0.07470703125,0.718505859375,nan,0.5474853515625,nan,0.5474853515625,nan,1,0.267333984375,0.29736328125,0.0231553303712644,8,3,24,89,174,20260920,761,25.459951400058344
depth_optimal,S2,6,0.01,1,8,1024,8192,0.3099365234375,0.3000129492150654,0.32003826631344046,1.9364013671875,1.7493896484375,0.0831298828125,nan,0.093505859375,0.5965576171875,nan,0.5965576171875,nan,1,0.2984619140625,0.32080078125,0.01735141422794556,8,3,24,89,174,20260920,761,20.595944799948484
depth_optimal,S2,6,0.01,2,8,1024,8192,0.296142578125,0.28635340757052885,0.30612284800596745,1.62353515625,1.03662109375,0.06591796875,nan,0.09130859375,nan,0.2021484375,nan,0.2021484375,1,0.2857666015625,0.3074951171875,0.016807497030740092,8,3,24,89,174,20260920,761,20.653709499980323
depth_optimal,S2,6,0.01,3,8,1024,8192,0.30078125,0.29094569579026075,0.31080355516832725,1.4908447265625,0.4364013671875,0.1146240234375,nan,0.06591796875,nan,0.1636962890625,nan,0.1636962890625,1,0.286865234375,0.3133544921875,0.020709441421890077,8,3,24,89,174,20260920,761,21.147203400032595
depth_optimal,S2,6,0.01,4,8,1024,8192,0.296875,0.2870784248232228,0.30686198791886693,1.5201416015625,-0.6029052734375,0.0562744140625,nan,0.1204833984375,nan,0.188232421875,nan,0.188232421875,1,0.2802734375,0.3134765625,0.02606316541898482,8,3,24,89,174,20260920,761,20.871929900022224
depth_optimal,S2,6,0.01,5,8,1024,8192,0.2965087890625,0.2867159123895899,0.3064924217697032,1.642333984375,-1.1435546875,0.0780029296875,nan,0.0687255859375,nan,0.17919921875,nan,0.17919921875,1,0.2767333984375,0.3148193359375,0.02942650589856648,8,3,24,89,174,20260920,761,20.889877400011756
depth_optimal,S2,6,0.01,6,8,1024,8192,0.2669677734375,0.25749909287792355,0.27665490226910133,2.1151123046875,-1.9664306640625,0.0743408203125,nan,0.08642578125,nan,0.1663818359375,nan,0.1663818359375,1,0.2554931640625,0.2779541015625,0.017106277971848625,8,3,24,89,174,20260920,761,21.07225210010074
depth_optimal,S2,6,0.02,0,8,1024,8192,0.1688232421875,0.16086710765079193,0.1770898273067138,3.0245361328125,3.0245361328125,0.099365234375,0.8311767578125,nan,0.66015625,nan,0.66015625,nan,1,0.15966796875,0.1781005859375,0.014232731387326603,8,3,24,89,174,20260920,761,26.109177500009537
depth_optimal,S2,6,0.02,1,8,1024,8192,0.201171875,0.19263196928680043,0.20999190715108162,2.34228515625,2.12939453125,0.0980224609375,nan,0.1064453125,0.6923828125,nan,0.6923828125,nan,1,0.189697265625,0.21240234375,0.01704294425678064,8,3,24,89,174,20260920,761,20.489752599969506
depth_optimal,S2,6,0.02,2,8,1024,8192,0.2060546875,0.19743473095998543,0.2149501932485195,1.876708984375,1.22119140625,0.08740234375,nan,0.1005859375,nan,0.2271728515625,nan,0.2271728515625,1,0.19482421875,0.2177734375,0.017984210642943903,8,3,24,89,174,20260920,761,21.244505200069398
depth_optimal,S2,6,0.02,3,8,1024,8192,0.2060546875,0.19743473095998543,0.2149501932485195,1.7205810546875,0.4471435546875,0.11376953125,nan,0.0902099609375,nan,0.203857421875,nan,0.203857421875,1,0.1944580078125,0.21630859375,0.016809523373146725,8,3,24,89,174,20260920,761,20.74671480001416
depth_optimal,S2,6,0.02,4,8,1024,8192,0.198486328125,0.18999130005592718,0.2072640001081123,1.768310546875,-0.56103515625,0.0904541015625,nan,0.119873046875,nan,0.2188720703125,nan,0.2188720703125,1,0.184814453125,0.213134765625,0.021940856204876538,8,3,24,89,174,20260920,761,21.372291999985464
depth_optimal,S2,6,0.02,5,8,1024,8192,0.1885986328125,0.18027420833337457,0.19721497009515368,1.98974609375,-1.39013671875,0.0980224609375,nan,0.10009765625,nan,0.22119140625,nan,0.22119140625,1,0.1788330078125,0.1986083984375,0.015195670233979917,8,3,24,89,174,20260920,761,21.245850200066343
depth_optimal,S2,6,0.02,6,8,1024,8192,0.1881103515625,0.17979457654279926,0.1967184971086667,2.3453369140625,-2.1646728515625,0.09033203125,nan,0.090576171875,nan,0.1888427734375,nan,0.1888427734375,1,0.177978515625,0.198486328125,0.015866725863666477,8,3,24,89,174,20260920,761,21.888608199893497
depth_optimal,S2,6,0.03,0,8,1024,8192,0.147705078125,0.1401869634400181,0.15555343990954382,3.1519775390625,3.1519775390625,0.1051025390625,0.852294921875,nan,0.6934814453125,nan,0.6934814453125,nan,1,0.1416015625,0.1539306640625,0.00967803915004995,8,3,24,89,174,20260920,761,26.1940127001144
depth_optimal,S2,6,0.03,1,8,1024,8192,0.1591796875,0.1514174289074025,0.1672614367031231,2.5125732421875,2.2889404296875,0.109130859375,nan,0.11181640625,0.72900390625,nan,0.72900390625,nan,1,0.1512451171875,0.16626281738281246,0.011994523024667789,8,3,24,89,174,20260920,761,20.999206500011496
depth_optimal,S2,6,0.03,2,8,1024,8192,0.1658935546875,0.15799527634535068,0.17410502994978136,2.042724609375,1.338134765625,0.1041259765625,nan,0.1134033203125,nan,0.2388916015625,nan,0.2388916015625,1,0.1536865234375,0.1771240234375,0.018085719798471844,8,3,24,89,174,20260920,761,21.335035700001754
depth_optimal,S2,6,0.03,3,8,1024,8192,0.1641845703125,0.15632045657318175,0.17236348300223228,1.8934326171875,0.5067138671875,0.1290283203125,nan,0.112548828125,nan,0.2254638671875,nan,0.2254638671875,1,0.153564453125,0.17431640625,0.0161939311815634,8,3,24,89,174,20260920,761,21.84117240004707
depth_optimal,S2,6,0.03,4,8,1024,8192,0.1605224609375,0.15273260816818457,0.16863054557926233,1.8701171875,-0.58935546875,0.1063232421875,nan,0.1201171875,nan,0.23193359375,nan,0.23193359375,1,0.1517333984375,0.1680908203125,0.012570617655820026,8,3,24,89,174,20260920,761,21.51667629997246
depth_optimal,S2,6,0.03,5,8,1024,8192,0.1658935546875,0.15799527634535068,0.17410502994978136,2.069580078125,-1.42578125,0.103515625,nan,0.10595703125,nan,0.2308349609375,nan,0.2308349609375,1,0.1605224609375,0.170654296875,0.007889504359845114,8,3,24,89,174,20260920,761,21.331722900038585
depth_optimal,S2,6,0.03,6,8,1024,8192,0.150390625,0.14281399568483694,0.15829498393856756,2.555908203125,-2.36083984375,0.0975341796875,nan,0.1026611328125,nan,0.2095947265625,nan,0.2095947265625,1,0.1427001953125,0.157958984375,0.011776735262502946,8,3,24,89,174,20260920,761,21.420862499973737
depth_optimal,S2,6,0.05,0,8,1024,8192,0.1260986328125,0.11908491138454358,0.1334628555800123,3.39208984375,3.39208984375,0.1187744140625,0.8739013671875,nan,0.7349853515625,nan,0.7349853515625,nan,1,0.12158203125,0.130126953125,0.006652872027955622,8,3,24,89,174,20260920,761,25.60116459999699
depth_optimal,S2,6,0.05,1,8,1024,8192,0.1346435546875,0.12742286443344628,0.14220673612969956,2.6595458984375,2.4256591796875,0.1151123046875,nan,0.116943359375,0.7484130859375,nan,0.7484130859375,nan,1,0.12841796875,0.1402587890625,0.009107833750614715,8,3,24,89,174,20260920,761,21.21983519999776
depth_optimal,S2,6,0.05,2,8,1024,8192,0.1407470703125,0.1333846727384383,0.14844623753798608,2.166015625,1.44677734375,0.1180419921875,nan,0.1156005859375,nan,0.2440185546875,nan,0.2440185546875,1,0.132568359375,0.1473388671875,0.011309799630762177,8,3,24,89,174,20260920,761,21.25625689991284
depth_optimal,S2,6,0.05,3,8,1024,8192,0.12890625,0.12182337831117297,0.13633699112149103,1.9674072265625,0.4989013671875,0.1217041015625,nan,0.121826171875,nan,0.243896484375,nan,0.243896484375,1,0.1202392578125,0.138427734375,0.014276337952529054,8,3,24,89,174,20260920,761,21.610242099966854
depth_optimal,S2,6,0.05,4,8,1024,8192,0.12744140625,0.12039446965704605,0.13483758544443106,1.9739990234375,-0.5240478515625,0.1214599609375,nan,0.1185302734375,nan,0.244140625,nan,0.244140625,1,0.1204833984375,0.134033203125,0.01060818407343771,8,3,24,89,174,20260920,761,21.815930499928072
depth_optimal,S2,6,0.05,5,8,1024,8192,0.134521484375,0.12730367897091469,0.1420818953979656,2.1842041015625,-1.4796142578125,0.115478515625,nan,0.1190185546875,nan,0.2391357421875,nan,0.2391357421875,1,0.1279296875,0.1412353515625,0.010078011445581198,8,3,24,89,174,20260920,761,21.247772100032307
depth_optimal,S2,6,0.05,6,8,1024,8192,0.1285400390625,0.12146612207424635,0.13596216877562095,2.70263671875,-2.46728515625,0.11767578125,nan,0.118896484375,nan,0.238525390625,nan,0.238525390625,1,0.1221923828125,0.134033203125,0.009204550237441857,8,3,24,89,174,20260920,761,21.168526599998586
qft_adder,S1,2,0.0,0,8,1024,8192,1.0,0.9995312917117791,1.0,0.0,0.0,0.0,0.0,nan,0.0,nan,0.0,nan,0,1.0,1.0,0.0,8,2,8,46,42,20260920,761,0.0935749999480322
qft_adder,S1,2,0.0,1,8,1024,8192,1.0,0.9995312917117791,1.0,0.0,0.0,0.0,nan,0.0,0.0,nan,nan,0.0,0,1.0,1.0,0.0,8,2,8,46,42,20260920,761,0.11657029995694757
qft_adder,S1,2,0.0,2,8,1024,8192,1.0,0.9995312917117791,1.0,0.0,0.0,0.0,nan,0.0,nan,0.0,nan,0.0,0,1.0,1.0,0.0,8,2,8,46,42,20260920,761,0.11095349991228431
qft_adder,S1,2,0.001,0,8,1024,8192,0.97509765625,0.9714940180010625,0.97825593008054,0.042724609375,0.042724609375,0.006591796875,0.02490234375,nan,0.01123046875,nan,0.02490234375,nan,0,0.97314453125,0.9775390625,0.003422947585486969,8,2,8,46,42,20260920,761,1.8126007000682876
qft_adder,S1,2,0.001,1,8,1024,8192,0.9766845703125,0.9731865053687707,0.9797357832382843,0.029296875,0.01513671875,0.0059814453125,nan,0.007080078125,0.0162353515625,nan,nan,0.007080078125,0,0.974853515625,0.9786376953125,0.002926779620871547,8,2,8,46,42,20260920,761,1.7539671999402344
qft_adder,S1,2,0.001,2,8,1024,8192,0.974853515625,0.971233961475849,0.9780279342172224,0.0322265625,-0.0205078125,0.005859375,nan,0.007080078125,nan,0.019287109375,nan,0.007080078125,0,0.9718017578125,0.9775390625,0.004452280523781514,8,2,8,46,42,20260920,761,1.745017100009136
qft_adder,S1,2,0.003,0,8,1024,8192,0.9288330078125,0.923062174221331,0.9342018462336201,0.1195068359375,0.1195068359375,0.017578125,0.0711669921875,nan,0.03076171875,nan,0.0711669921875,nan,0,0.9266357421875,0.9310302734375,0.003319389150761573,8,2,8,46,42,20260920,761,1.8083543000975624
qft_adder,S1,2,0.003,1,8,1024,8192,0.923828125,0.9178829670248424,0.9293759794652202,0.0933837890625,0.0399169921875,0.0172119140625,nan,0.0267333984375,0.0494384765625,nan,nan,0.0267333984375,0,0.917236328125,0.9306640625,0.010517900013934578,8,2,8,46,42,20260920,761,1.686286700074561
qft_adder,S1,2,0.003,2,8,1024,8192,0.9307861328125,0.9250854465382776,0.9360829930249226,0.0836181640625,-0.0511474609375,0.0162353515625,nan,0.014404296875,nan,0.052978515625,nan,0.014404296875,0,0.92724609375,0.9334716796875,0.004768114355506243,8,2,8,46,42,20260920,761,1.6373211999889463
qft_adder,S1,2,0.005,0,8,1024,8192,0.8848876953125,0.8777952871818873,0.8916193033374582,0.200439453125,0.200439453125,0.030029296875,0.1151123046875,nan,0.0552978515625,nan,0.1151123046875,nan,0,0.8800048828125,0.8896484375,0.007554282884417932,8,2,8,46,42,20260920,761,1.8276497999904677
qft_adder,S1,2,0.005,1,8,1024,8192,0.8868408203125,0.879798767891877,0.8935202417357175,0.1370849609375,0.0516357421875,0.02392578125,nan,0.042724609375,0.0704345703125,nan,nan,0.042724609375,0,0.880615234375,0.8936767578125,0.009937624537260836,8,2,8,46,42,20260920,761,1.7889038999564946
qft_adder,S1,2,0.005,2,8,1024,8192,0.8883056640625,0.8813018032098907,0.8949455207488908,0.1341552734375,-0.0838623046875,0.025146484375,nan,0.0224609375,nan,0.0865478515625,nan,0.0224609375,0,0.8863525390625,0.8902587890625,0.0030409266497959425,8,2,8,46,42,20260920,761,1.7310792000498623
qft_adder,S1,2,0.01,0,8,1024,8192,0.783935546875,0.774891358241839,0.7927135696198794,0.38671875,0.38671875,0.0599365234375,0.216064453125,nan,0.1107177734375,nan,0.216064453125,nan,0,0.7799072265625,0.7894287109375,0.0071142714569771845,8,2,8,46,42,20260920,761,1.7964075000490993
qft_adder,S1,2,0.01,1,8,1024,8192,0.789306640625,0.7803412408035044,0.7980008396058991,0.259521484375,0.1064453125,0.048828125,nan,0.0765380859375,0.1341552734375,nan,nan,0.0765380859375,0,0.776611328125,0.802490234375,0.019998253337338335,8,2,8,46,42,20260920,761,1.7590565000427887
qft_adder,S1,2,0.01,2,8,1024,8192,0.7950439453125,0.7861652493822952,0.8036460621575902,0.2501220703125,-0.1444091796875,0.0528564453125,nan,0.045166015625,nan,0.152099609375,nan,0.045166015625,0,0.7911376953125,0.799072265625,0.0062516891376770325,8,2,8,46,42,20260920,761,1.7514270999236032
qft_adder,S1,2,0.02,0,8,1024,8192,0.634033203125,0.6235415398050436,0.6443992214985536,0.6519775390625,0.6519775390625,0.096923828125,0.365966796875,nan,0.1890869140625,nan,0.365966796875,nan,0,0.624267578125,0.6424560546875,0.01420698268838179,8,2,8,46,42,20260920,761,1.8073564000660554
qft_adder,S1,2,0.02,1,8,1024,8192,0.6326904296875,0.6221913543705997,0.6430651187960761,0.4598388671875,0.1956787109375,0.092529296875,nan,0.132080078125,0.2352294921875,nan,nan,0.132080078125,0,0.6253662109375,0.6412384033203125,0.01255435026931462,8,2,8,46,42,20260920,761,1.7806370999896899
qft_adder,S1,2,0.02,2,8,1024,8192,0.6412353515625,0.6307849379068291,0.6515533688584365,0.453369140625,-0.267822265625,0.0927734375,nan,0.0946044921875,nan,0.2659912109375,nan,0.0946044921875,0,0.6343994140625,0.6485595703125,0.011096990407581555,8,2,8,46,42,20260920,761,1.7558827999746427
qft_adder,S1,2,0.03,0,8,1024,8192,0.5263671875,0.5155450479749375,0.5371646099864258,0.855224609375,0.855224609375,0.1275634765625,0.4736328125,nan,0.2540283203125,nan,0.4736328125,nan,0,0.5155029296875,0.5373565673828125,0.016523417711487645,8,2,8,46,42,20260920,761,1.8068303000181913
qft_adder,S1,2,0.03,1,8,1024,8192,0.5262451171875,0.5154228957074533,0.5370427360596445,0.5953369140625,0.2374267578125,0.12158203125,nan,0.178955078125,0.2947998046875,nan,nan,0.178955078125,0,0.5150146484375,0.5369873046875,0.01659284090102665,8,2,8,46,42,20260920,761,1.7762594999512658
qft_adder,S1,2,0.03,2,8,1024,8192,0.53759765625,0.526785830649423,0.5483742371843728,0.5823974609375,-0.3404541015625,0.1209716796875,nan,0.1199951171875,nan,0.3414306640625,nan,0.1199951171875,0,0.53076171875,0.5451690673828125,0.011244108080139445,8,2,8,46,42,20260920,761,1.7320430000545457
qft_adder,S1,2,0.05,0,8,1024,8192,0.39453125,0.383999296387286,0.4051620717672606,1.1337890625,1.1337890625,0.1754150390625,0.60546875,nan,0.3529052734375,nan,0.60546875,nan,0,0.384765625,0.40185546875,0.012849976495166802,8,2,8,46,42,20260920,761,1.7929657999193296
qft_adder,S1,2,0.05,1,8,1024,8192,0.407470703125,0.39687612017890583,0.4181520245677913,0.761962890625,0.3466796875,0.16943359375,nan,0.2076416015625,0.3848876953125,nan,nan,0.2076416015625,0,0.4013671875,0.413330078125,0.009304837667089184,8,2,8,46,42,20260920,761,1.7641507999505848
qft_adder,S1,2,0.05,2,8,1024,8192,0.4000244140625,0.38946493226429757,0.41067761463219976,0.7607421875,-0.41259765625,0.174072265625,nan,0.1607666015625,nan,0.4259033203125,nan,0.1607666015625,0,0.39111328125,0.40918273925781246,0.014073903138002502,8,2,8,46,42,20260920,761,1.7420665000099689
qft_adder,S1,4,0.0,0,8,1024,8192,1.0,0.9995312917117791,1.0,0.0,0.0,0.0,0.0,nan,0.0,nan,0.0,nan,1,1.0,1.0,0.0,8,3,15,103,133,20260920,761,0.1398358999285847
qft_adder,S1,4,0.0,1,8,1024,8192,1.0,0.9995312917117791,1.0,0.0,0.0,0.0,nan,0.0,0.0,nan,0.0,nan,1,1.0,1.0,0.0,8,3,15,103,133,20260920,761,0.1485456998925656
qft_adder,S1,4,0.0,2,8,1024,8192,1.0,0.9995312917117791,1.0,0.0,0.0,0.0,nan,0.0,nan,0.0,nan,0.0,1,1.0,1.0,0.0,8,3,15,103,133,20260920,761,0.14667260006535798
qft_adder,S1,4,0.0,3,8,1024,8192,1.0,0.9995312917117791,1.0,0.0,0.0,0.0,nan,0.0,nan,0.0,nan,0.0,1,1.0,1.0,0.0,8,3,15,103,133,20260920,761,0.14703380002174526
qft_adder,S1,4,0.0,4,8,1024,8192,1.0,0.9995312917117791,1.0,0.0,0.0,0.0,nan,0.0,nan,0.0,nan,0.0,1,1.0,1.0,0.0,8,3,15,103,133,20260920,761,0.14653959998395294
qft_adder,S1,4,0.001,0,8,1024,8192,0.921142578125,0.915106912073945,0.9267834581422751,0.2381591796875,0.2381591796875,0.0213623046875,0.078857421875,nan,0.0435791015625,nan,0.0435791015625,nan,1,0.9141845703125,0.9267578125,0.009845515847495875,8,3,15,103,133,20260920,761,4.976679800078273
qft_adder,S1,4,0.001,1,8,1024,8192,0.92333984375,0.9173780774718597,0.9289047642411407,0.1749267578125,0.1444091796875,0.022216796875,nan,0.0152587890625,0.0614013671875,nan,0.0614013671875,nan,1,0.916259765625,0.9306640625,0.011048543456039806,8,3,15,103,133,20260920,761,4.936411999980919
qft_adder,S1,4,0.001,2,8,1024,8192,0.9219970703125,0.915989981952651,0.927608571623428,0.1663818359375,0.1043701171875,0.0245361328125,nan,0.005859375,nan,0.025146484375,nan,0.025146484375,1,0.916748046875,0.9267578125,0.007697208384001194,8,3,15,103,133,20260920,761,4.938710300019011
qft_adder,S1,4,0.001,3,8,1024,8192,0.927490234375,0.9216718804110396,0.9329078519069901,0.1356201171875,0.0352783203125,0.023681640625,nan,0.004638671875,nan,0.0096435546875,nan,0.0096435546875,1,0.9208984375,0.93359375,0.009790008620978233,8,3,15,103,133,20260920,761,5.131195900030434
qft_adder,S1,4,0.001,4,8,1024,8192,0.923583984375,0.9176305136646985,0.929140380436833,0.1475830078125,-0.0523681640625,0.0252685546875,nan,0.011474609375,nan,0.015380859375,nan,0.015380859375,1,0.9202880859375,0.9271240234375,0.005213417115249664,8,3,15,103,133,20260920,761,4.929310300038196
qft_adder,S1,4,0.003,0,8,1024,8192,0.7916259765625,0.7826953066599737,0.8002832714404756,0.6470947265625,0.6470947265625,0.060546875,0.2083740234375,nan,0.1217041015625,nan,0.1217041015625,nan,1,0.7833251953125,0.7999267578125,0.012849313834903092,8,3,15,103,133,20260920,761,5.08228919992689
qft_adder,S1,4,0.003,1,8,1024,8192,0.7901611328125,0.7812084780401357,0.7988417857291267,0.5274658203125,0.4534912109375,0.0718994140625,nan,0.0369873046875,0.1728515625,nan,0.1728515625,nan,1,0.7840576171875,0.7962646484375,0.009445614764508774,8,3,15,103,133,20260920,761,5.060356699978001
qft_adder,S1,4,0.003,2,8,1024,8192,0.7921142578125,0.7831909546244866,0.8007637282530249,0.437255859375,0.2646484375,0.062255859375,nan,0.01953125,nan,0.0667724609375,nan,0.0667724609375,1,0.78515625,0.7984619140625,0.010353898352947399,8,3,15,103,133,20260920,761,4.838099400047213
qft_adder,S1,4,0.003,3,8,1024,8192,0.80224609375,0.7934800808210801,0.8107287761804739,0.3885498046875,0.1065673828125,0.064208984375,nan,0.0126953125,nan,0.03271484375,nan,0.03271484375,1,0.79443359375,0.81103515625,0.012786204506015178,8,3,15,103,133,20260920,761,5.080700500053354
qft_adder,S1,4,0.003,4,8,1024,8192,0.788818359375,0.7798457028265925,0.7975202728057486,0.4091796875,-0.170654296875,0.0645751953125,nan,0.0318603515625,nan,0.0455322265625,nan,0.0455322265625,1,0.7803955078125,0.7965087890625,0.012371933065742117,8,3,15,103,133,20260920,761,5.01896930008661
qft_adder,S1,4,0.005,0,8,1024,8192,0.681884765625,0.6717159389571561,0.6918830904985447,0.998779296875,0.998779296875,0.0947265625,0.318115234375,nan,0.1903076171875,nan,0.1903076171875,nan,1,0.6754150390625,0.6883544921875,0.010198951910971551,8,3,15,103,133,20260920,761,5.0579896999988705
qft_adder,S1,4,0.005,1,8,1024,8192,0.677978515625,0.6677789173778813,0.6880112738613212,0.791259765625,0.666748046875,0.1025390625,nan,0.062255859375,0.259765625,nan,0.259765625,nan,1,0.670654296875,0.6842041015625,0.010617811832860128,8,3,15,103,133,20260920,761,4.949585000053048
qft_adder,S1,4,0.005,2,8,1024,8192,0.6937255859375,0.6836550616553602,0.7036145086441011,0.66748046875,0.41064453125,0.099365234375,nan,0.028076171875,nan,0.100341796875,nan,0.100341796875,1,0.682861328125,0.7059326171875,0.01790782004572608,8,3,15,103,133,20260920,761,4.825101199909113
qft_adder,S1,4,0.005,3,8,1024,8192,0.6934814453125,0.6834088168277355,0.7033727010831947,0.5986328125,0.16748046875,0.103759765625,nan,0.0220947265625,nan,0.0504150390625,nan,0.0504150390625,1,0.6824951171875,0.7047119140625,0.017134130277506345,8,3,15,103,133,20260920,761,4.901410500053316
qft_adder,S1,4,0.005,4,8,1024,8192,0.6849365234375,0.6747923051374211,0.6949073791749191,0.6124267578125,-0.2506103515625,0.098388671875,nan,0.0435791015625,nan,0.0689697265625,nan,0.0689697265625,1,0.6793212890625,0.6904296875,0.008576253940551903,8,3,15,103,133,20260920,761,4.977603500010446
qft_adder,S1,4,0.01,0,8,1024,8192,0.4869384765625,0.47612345512240645,0.49776574209117747,1.6849365234375,1.6849365234375,0.163330078125,0.5130615234375,nan,0.3414306640625,nan,0.3414306640625,nan,1,0.4727783203125,0.4984130859375,0.019453931081576184,8,3,15,103,133,20260920,761,5.067629899946041
qft_adder,S1,4,0.01,1,8,1024,8192,0.4835205078125,0.47270927431760507,0.4943471894565428,1.3419189453125,1.1641845703125,0.1751708984375,nan,0.0888671875,0.4276123046875,nan,0.4276123046875,nan,1,0.4700927734375,0.49853515625,0.02216749244788024,8,3,15,103,133,20260920,761,5.06279260001611
qft_adder,S1,4,0.01,2,8,1024,8192,0.4853515625,0.4745382367881195,0.49617861990001194,1.1572265625,0.703125,0.178466796875,nan,0.05615234375,nan,0.1708984375,nan,0.1708984375,1,0.468505859375,0.5032958984375,0.027048187367578844,8,3,15,103,133,20260920,761,5.01598740008194
qft_adder,S1,4,0.01,3,8,1024,8192,0.49755859375,0.4867350311492763,0.5083844449654122,1.0177001953125,0.2828369140625,0.17822265625,nan,0.0419921875,nan,0.0926513671875,nan,0.0926513671875,1,0.486572265625,0.508056640625,0.01643247001308771,8,3,15,103,133,20260920,761,5.274290400091559
qft_adder,S1,4,0.01,4,8,1024,8192,0.4849853515625,0.47417243266917125,0.49581234543616354,1.0361328125,-0.36328125,0.1778564453125,nan,0.072265625,nan,0.113037109375,nan,0.113037109375,1,0.4705810546875,0.5001220703125,0.02290799691158191,8,3,15,103,133,20260920,761,4.9823001000331715
qft_adder,S1,4,0.02,0,8,1024,8192,0.2764892578125,0.2669103853936298,0.28627765290610957,2.5433349609375,2.5433349609375,0.257568359375,0.7235107421875,nan,0.525390625,nan,0.525390625,nan,1,0.26416015625,0.288330078125,0.018510119612456657,8,3,15,103,133,20260920,761,5.056478799902834
qft_adder,S1,4,0.02,1,8,1024,8192,0.2783203125,0.2687208832075504,0.2881275480061726,1.990234375,1.756591796875,0.2635498046875,nan,0.1168212890625,0.6048583984375,nan,0.6048583984375,nan,1,0.2685546875,0.2872314453125,0.01453171502232119,8,3,15,103,133,20260920,761,4.808345000026748
qft_adder,S1,4,0.02,2,8,1024,8192,0.296875,0.2870784248232228,0.30686198791886693,1.6689453125,1.08642578125,0.265625,nan,0.0797119140625,nan,0.2115478515625,nan,0.2115478515625,1,0.291015625,0.3028564453125,0.009056268062007523,8,3,15,103,133,20260920,761,4.945104800048284
qft_adder,S1,4,0.02,3,8,1024,8192,0.2843017578125,0.2746365736760502,0.2941691410566858,1.500244140625,0.3505859375,0.262451171875,nan,0.0789794921875,nan,0.165283203125,nan,0.165283203125,1,0.2723388671875,0.295654296875,0.01755825312144769,8,3,15,103,133,20260920,761,5.145152900018729
qft_adder,S1,4,0.02,4,8,1024,8192,0.2943115234375,0.28454099798082444,0.3042748646816883,1.4808349609375,-0.4544677734375,0.256103515625,nan,0.08984375,nan,0.1622314453125,nan,0.1622314453125,1,0.280517578125,0.3087158203125,0.021375902480319856,8,3,15,103,133,20260920,761,5.073777600075118
qft_adder,S1,4,0.03,0,8,1024,8192,0.1903076171875,0.18195308878117405,0.1989524563670722,2.9930419921875,2.9930419921875,0.3133544921875,0.8096923828125,nan,0.632568359375,nan,0.632568359375,nan,1,0.1790771484375,0.20263671875,0.018391978524606736,8,3,15,103,133,20260920,761,4.8228620999725536
qft_adder,S1,4,0.03,1,8,1024,8192,0.1968994140625,0.18843119291299848,0.2056517667255886,2.33544921875,2.0927734375,0.31201171875,nan,0.121337890625,0.6817626953125,nan,0.6817626953125,nan,1,0.18798828125,0.20556640625,0.01364132328583886,8,3,15,103,133,20260920,761,5.223711399943568
qft_adder,S1,4,0.03,2,8,1024,8192,0.2115478515625,0.20284016474199734,0.22052593820845828,1.906982421875,1.24853515625,0.3084716796875,nan,0.0948486328125,nan,0.234375,nan,0.234375,1,0.204345703125,0.219482421875,0.011683091908208397,8,3,15,103,133,20260920,761,4.814608799992129
qft_adder,S1,4,0.03,3,8,1024,8192,0.19140625,0.18303250711775967,0.2000692737788767,1.79150390625,0.464111328125,0.326904296875,nan,0.0999755859375,nan,0.2047119140625,nan,0.2047119140625,1,0.1822509765625,0.1983642578125,0.012614569816358612,8,3,15,103,133,20260920,761,5.050641300040297
qft_adder,S1,4,0.03,4,8,1024,8192,0.192138671875,0.1837521789388487,0.20081375912338112,1.723876953125,-0.496337890625,0.3150634765625,nan,0.107177734375,nan,0.1953125,nan,0.1953125,1,0.1865234375,0.198974609375,0.009817801462194083,8,3,15,103,133,20260920,761,4.922890299931169
qft_adder,S1,4,0.05,0,8,1024,8192,0.1343994140625,0.1271844955359995,0.14195705263861522,3.3333740234375,3.3333740234375,0.3509521484375,0.8656005859375,nan,0.7171630859375,nan,0.7171630859375,nan,1,0.1302490234375,0.1378173828125,0.006041115170318003,8,3,15,103,133,20260920,761,5.055608900031075
qft_adder,S1,4,0.05,1,8,1024,8192,0.1431884765625,0.13577075186625462,0.15094068229548122,2.6510009765625,2.4097900390625,0.3583984375,nan,0.12060546875,0.7362060546875,nan,0.7362060546875,nan,1,0.1322021484375,0.1533203125,0.01652290237730031,8,3,15,103,133,20260920,761,4.85709860001225
qft_adder,S1,4,0.05,2,8,1024,8192,0.145263671875,0.13779950934231594,0.15306037012193457,2.1605224609375,1.4537353515625,0.35791015625,nan,0.1124267578125,nan,0.240966796875,nan,0.240966796875,1,0.1350067138671875,0.1544189453125,0.015314560465188299,8,3,15,103,133,20260920,761,5.0175735000520945
qft_adder,S1,4,0.05,3,8,1024,8192,0.1441650390625,0.13672539437460124,0.15193824934125916,1.925537109375,0.509033203125,0.3599853515625,nan,0.108154296875,nan,0.229736328125,nan,0.229736328125,1,0.1385498046875,0.1497802734375,0.008623779147286893,8,3,15,103,133,20260920,761,5.0460223000263795
qft_adder,S1,4,0.05,4,8,1024,8192,0.1429443359375,0.13553210994512882,0.15069127182807585,1.9156494140625,-0.5032958984375,0.3509521484375,nan,0.115478515625,nan,0.2274169921875,nan,0.2274169921875,1,0.1373291015625,0.1488037109375,0.008903604750395738,8,3,15,103,133,20260920,761,4.860844699898735
qft_adder,S1,6,0.0,0,8,1024,8192,1.0,0.9995312917117791,1.0,0.0,0.0,0.0,0.0,nan,0.0,nan,0.0,nan,1,1.0,1.0,0.0,8,3,21,132,185,20260920,761,0.1505769999930635
qft_adder,S1,6,0.0,1,8,1024,8192,1.0,0.9995312917117791,1.0,0.0,0.0,0.0,nan,0.0,0.0,nan,0.0,nan,1,1.0,1.0,0.0,8,3,21,132,185,20260920,761,0.171208499930799
qft_adder,S1,6,0.0,2,8,1024,8192,1.0,0.9995312917117791,1.0,0.0,0.0,0.0,nan,0.0,nan,0.0,nan,0.0,1,1.0,1.0,0.0,8,3,21,132,185,20260920,761,0.17008239997085184
qft_adder,S1,6,0.0,3,8,1024,8192,1.0,0.9995312917117791,1.0,0.0,0.0,0.0,nan,0.0,nan,0.0,nan,0.0,1,1.0,1.0,0.0,8,3,21,132,185,20260920,761,0.17064969998318702
qft_adder,S1,6,0.0,4,8,1024,8192,1.0,0.9995312917117791,1.0,0.0,0.0,0.0,nan,0.0,nan,0.0,nan,0.0,1,1.0,1.0,0.0,8,3,21,132,185,20260920,761,0.17250969994347543
qft_adder,S1,6,0.0,5,8,1024,8192,1.0,0.9995312917117791,1.0,0.0,0.0,0.0,nan,0.0,nan,0.0,nan,0.0,1,1.0,1.0,0.0,8,3,21,132,185,20260920,761,0.1720873999875039
qft_adder,S1,6,0.0,6,8,1024,8192,1.0,0.9995312917117791,1.0,0.0,0.0,0.0,nan,0.0,nan,0.0,nan,0.0,1,1.0,1.0,0.0,8,3,21,132,185,20260920,761,0.17447820003144443
qft_adder,S1,6,0.001,0,8,1024,8192,0.9005126953125,0.893842177599034,0.9068077657863047,0.2855224609375,0.2855224609375,0.01025390625,0.0994873046875,nan,0.051025390625,nan,0.051025390625,nan,1,0.8961181640625,0.905029296875,0.0069336428726881625,8,3,21,132,185,20260920,761,10.664623099961318
qft_adder,S1,6,0.001,1,8,1024,8192,0.897705078125,0.89095539807735,0.9040819428398804,0.2298583984375,0.1922607421875,0.006591796875,nan,0.018798828125,0.08349609375,nan,0.08349609375,nan,1,0.8934326171875,0.90087890625,0.005922971460757193,8,3,21,132,185,20260920,761,10.416269000037573
qft_adder,S1,6,0.001,2,8,1024,8192,0.9041748046875,0.8976099389798338,0.910360790233472,0.1866455078125,0.1124267578125,0.00732421875,nan,0.0076904296875,nan,0.0294189453125,nan,0.0294189453125,1,0.9007568359375,0.9078369140625,0.005485602123953088,8,3,21,132,185,20260920,761,10.356570999952964
qft_adder,S1,6,0.001,3,8,1024,8192,0.8953857421875,0.8885718242565059,0.9018290189696787,0.1966552734375,0.0599365234375,0.016357421875,nan,0.00830078125,nan,0.015869140625,nan,0.015869140625,1,0.8875732421875,0.9034423828125,0.012379501470850226,8,3,21,132,185,20260920,761,10.415642299922183
qft_adder,S1,6,0.001,4,8,1024,8192,0.9012451171875,0.8945955093554936,0.9075185911954384,0.18212890625,-0.071533203125,0.0062255859375,nan,0.013916015625,nan,0.0218505859375,nan,0.0218505859375,1,0.8951416015625,0.907958984375,0.009978668076046866,8,3,21,132,185,20260920,761,10.395265799947083
qft_adder,S1,6,0.001,5,8,1024,8192,0.89794921875,0.8912063608073217,0.9043190324984398,0.20068359375,-0.136474609375,0.0068359375,nan,0.009521484375,nan,0.021240234375,nan,0.021240234375,1,0.8944091796875,0.9017333984375,0.005718164489932812,8,3,21,132,185,20260920,761,10.509291000082158
qft_adder,S1,6,0.001,6,8,1024,8192,0.8985595703125,0.8918338185077564,0.9049117057693331,0.2357177734375,-0.2108154296875,0.012451171875,nan,0.0079345703125,nan,0.01708984375,nan,0.01708984375,1,0.8945281982421875,0.9027099609375,0.006381103927287615,8,3,21,132,185,20260920,761,10.365947799989954
qft_adder,S1,6,0.003,0,8,1024,8192,0.7333984375,0.7237153154382251,0.7428627679975467,0.8228759765625,0.8228759765625,0.03125,0.2666015625,nan,0.1536865234375,nan,0.1536865234375,nan,1,0.7264404296875,0.7406005859375,0.010849454294209587,8,3,21,132,185,20260920,761,10.611902800039388
qft_adder,S1,6,0.003,1,8,1024,8192,0.7359619140625,0.7263070749291018,0.7453955585862471,0.622314453125,0.531982421875,0.0203857421875,nan,0.045166015625,0.2188720703125,nan,0.2188720703125,nan,1,0.7314453125,0.7406005859375,0.006982592600622603,8,3,21,132,185,20260920,761,10.443311200011522
qft_adder,S1,6,0.003,2,8,1024,8192,0.731201171875,0.7214941346614009,0.7406914772775907,0.5478515625,0.33642578125,0.0240478515625,nan,0.0240478515625,nan,0.0816650390625,nan,0.0816650390625,1,0.722900390625,0.73974609375,0.013026354391244062,8,3,21,132,185,20260920,761,10.450052200001664
qft_adder,S1,6,0.003,3,8,1024,8192,0.729248046875,0.7195200034164552,0.7387611894142873,0.4896240234375,0.1268310546875,0.03173828125,nan,0.0218505859375,nan,0.0426025390625,nan,0.0426025390625,1,0.718017578125,0.740234375,0.017263349150062196,8,3,21,132,185,20260920,761,10.386765299947001
qft_adder,S1,6,0.003,4,8,1024,8192,0.7393798828125,0.7297634003873145,0.7487719665674705,0.485595703125,-0.157958984375,0.0211181640625,nan,0.032470703125,nan,0.0511474609375,nan,0.0511474609375,1,0.7281494140625,0.7496337890625,0.01664203231049259,8,3,21,132,185,20260920,761,10.419026000075974
qft_adder,S1,6,0.003,5,8,1024,8192,0.737548828125,0.7279117051639288,0.7469632688768726,0.54638671875,-0.389404296875,0.0167236328125,nan,0.0269775390625,nan,0.062744140625,nan,0.062744140625,1,0.730712890625,0.744873046875,0.010971204247906177,8,3,21,132,185,20260920,761,10.357283300021663
qft_adder,S1,6,0.003,6,8,1024,8192,0.72314453125,0.71335235189839,0.732727531219074,0.6409912109375,-0.5687255859375,0.0361328125,nan,0.0225830078125,nan,0.046142578125,nan,0.046142578125,1,0.7127685546875,0.73388671875,0.016415879933125564,8,3,21,132,185,20260920,761,10.641665400005877
qft_adder,S1,6,0.005,0,8,1024,8192,0.5986328125,0.5879743530898163,0.6091988118767651,1.25634765625,1.25634765625,0.0452880859375,0.4013671875,nan,0.242431640625,nan,0.242431640625,nan,1,0.5924072265625,0.6064453125,0.010949451378542736,8,3,21,132,185,20260920,761,10.783386099967174
qft_adder,S1,6,0.005,1,8,1024,8192,0.60205078125,0.5914058712002899,0.6126000272057275,0.9749755859375,0.8404541015625,0.0347900390625,nan,0.0672607421875,0.3306884765625,nan,0.3306884765625,nan,1,0.58740234375,0.6175537109375,0.023297573376281366,8,3,21,132,185,20260920,761,10.807805299991742
qft_adder,S1,6,0.005,2,8,1024,8192,0.6009521484375,0.5903028245761148,0.6115068380815125,0.831298828125,0.51806640625,0.03857421875,nan,0.0379638671875,nan,0.11865234375,nan,0.11865234375,1,0.5875244140625,0.61474609375,0.02084018957760487,8,3,21,132,185,20260920,761,10.496596000040881
qft_adder,S1,6,0.005,3,8,1024,8192,0.60888671875,0.5982705265882238,0.6194008386966656,0.75341796875,0.23046875,0.05712890625,nan,0.0328369140625,nan,0.0628662109375,nan,0.0628662109375,1,0.6004638671875,0.6192626953125,0.014791894267510344,8,3,21,132,185,20260920,761,10.310040200012736
qft_adder,S1,6,0.005,4,8,1024,8192,0.6070556640625,0.5964315671425409,0.617579405228365,0.7718505859375,-0.2464599609375,0.03466796875,nan,0.056884765625,nan,0.091796875,nan,0.091796875,1,0.5927703857421875,0.6204864501953125,0.02179249365427934,8,3,21,132,185,20260920,761,10.246370800072327
qft_adder,S1,6,0.005,5,8,1024,8192,0.6148681640625,0.6042788838414765,0.6253497649624258,0.8221435546875,-0.5706787109375,0.03125,nan,0.039306640625,nan,0.0911865234375,nan,0.0911865234375,1,0.5977783203125,0.6353759765625,0.029458896755160065,8,3,21,132,185,20260920,761,10.144380300072953
qft_adder,S1,6,0.005,6,8,1024,8192,0.6058349609375,0.5952056806923184,0.6163650297359317,0.9642333984375,-0.8651123046875,0.049560546875,nan,0.0321044921875,nan,0.0738525390625,nan,0.0738525390625,1,0.599365234375,0.6116943359375,0.009481605044495174,8,3,21,132,185,20260920,761,10.308905499987304
qft_adder,S1,6,0.01,0,8,1024,8192,0.377197265625,0.3667613966132013,0.3877482519556342,2.056640625,2.056640625,0.0712890625,0.622802734375,nan,0.4189453125,nan,0.4189453125,nan,1,0.3609619140625,0.3916015625,0.023528874615540544,8,3,21,132,185,20260920,761,10.577088900026865
qft_adder,S1,6,0.01,1,8,1024,8192,0.3829345703125,0.3724653362404618,0.39351354345885553,1.60107421875,1.398193359375,0.059326171875,nan,0.1014404296875,0.515625,nan,0.515625,nan,1,0.3680389404296875,0.3968505859375,0.02215519723844939,8,3,21,132,185,20260920,761,10.608246099902317
qft_adder,S1,6,0.01,2,8,1024,8192,0.397705078125,0.38715704943633217,0.40834899976911926,1.33447265625,0.881591796875,0.0633544921875,nan,0.0550537109375,nan,0.17138671875,nan,0.17138671875,1,0.392822265625,0.40283203125,0.007667281763900581,8,3,21,132,185,20260920,761,10.344922999967821
qft_adder,S1,6,0.01,3,8,1024,8192,0.3812255859375,0.37076612767291395,0.39179638530668537,1.2349853515625,0.3314208984375,0.081787109375,nan,0.063720703125,nan,0.12744140625,nan,0.12744140625,1,0.3714599609375,0.3912353515625,0.015200152402128122,8,3,21,132,185,20260920,761,10.694865299970843
qft_adder,S1,6,0.01,4,8,1024,8192,0.396728515625,0.38618538351739445,0.4073684561339324,1.2132568359375,-0.3739013671875,0.060546875,nan,0.0831298828125,nan,0.142333984375,nan,0.142333984375,1,0.3870849609375,0.4056396484375,0.01447300078211944,8,3,21,132,185,20260920,761,10.229240900021978
qft_adder,S1,6,0.01,5,8,1024,8192,0.3955078125,0.3849708630876291,0.40614271462104207,1.3436279296875,-0.9022216796875,0.06201171875,nan,0.06787109375,nan,0.146484375,nan,0.146484375,1,0.38623046875,0.40625,0.015625,8,3,21,132,185,20260920,761,10.483007200062275
qft_adder,S1,6,0.01,6,8,1024,8192,0.3941650390625,0.3836349702640683,0.40479431930768156,1.5806884765625,-1.4305419921875,0.0750732421875,nan,0.052001953125,nan,0.1234130859375,nan,0.1234130859375,1,0.384521484375,0.405029296875,0.015909600293952175,8,3,21,132,185,20260920,761,10.291171899996698
qft_adder,S1,6,0.02,0,8,1024,8192,0.2054443359375,0.19683427812328053,0.2143305151138965,2.841796875,2.841796875,0.10107421875,0.7945556640625,nan,0.6016845703125,nan,0.6016845703125,nan,1,0.1988525390625,0.2120361328125,0.010107539816642799,8,3,21,132,185,20260920,761,10.55237859999761
qft_adder,S1,6,0.02,1,8,1024,8192,0.2061767578125,0.19755482518402823,0.21507412521874225,2.2464599609375,2.0118408203125,0.0909423828125,nan,0.1173095703125,0.676513671875,nan,0.676513671875,nan,1,0.19970703125,0.21240234375,0.009868839321976434,8,3,21,132,185,20260920,761,10.3565302999923
qft_adder,S1,6,0.02,2,8,1024,8192,0.217041015625,0.2082479944488611,0.22609928724354517,1.8709716796875,1.2435302734375,0.100341796875,nan,0.0916748046875,nan,0.2220458984375,nan,0.2220458984375,1,0.2091064453125,0.2239990234375,0.01169256281643331,8,3,21,132,185,20260920,761,10.330384699977003
qft_adder,S1,6,0.02,3,8,1024,8192,0.220458984375,0.21161404615383428,0.22956596897800802,1.6484375,0.375244140625,0.099609375,nan,0.09765625,nan,0.1954345703125,nan,0.1954345703125,1,0.213623046875,0.227294921875,0.01075802910645353,8,3,21,132,185,20260920,761,10.275658199912868
qft_adder,S1,6,0.02,4,8,1024,8192,0.2125244140625,0.2038013835326646,0.22151692897191558,1.671875,-0.445556640625,0.0947265625,nan,0.1046142578125,nan,0.19677734375,nan,0.19677734375,1,0.2034912109375,0.2216796875,0.014005977327736332,8,3,21,132,185,20260920,761,10.474032299942337
qft_adder,S1,6,0.02,5,8,1024,8192,0.223388671875,0.21449993975967654,0.23253670403453944,1.8319091796875,-1.2293701171875,0.093994140625,nan,0.0975341796875,nan,0.1949462890625,nan,0.1949462890625,1,0.2135009765625,0.2320556640625,0.014254850016347428,8,3,21,132,185,20260920,761,10.49268529994879
qft_adder,S1,6,0.02,6,8,1024,8192,0.2078857421875,0.19923627174697514,0.21680904537551335,2.262939453125,-2.07080078125,0.0960693359375,nan,0.09619140625,nan,0.1949462890625,nan,0.1949462890625,1,0.2022705078125,0.2132568359375,0.008504468176218293,8,3,21,132,185,20260920,761,10.480310800019652
qft_adder,S1,6,0.03,0,8,1024,8192,0.1527099609375,0.14508348400742607,0.16066199330702427,3.1669921875,3.1669921875,0.1109619140625,0.8472900390625,nan,0.67919921875,nan,0.67919921875,nan,1,0.148681640625,0.156494140625,0.006063625225651927,8,3,21,132,185,20260920,761,10.609922400093637
qft_adder,S1,6,0.03,1,8,1024,8192,0.155517578125,0.14783159434071183,0.16352648544184664,2.5294189453125,2.2989501953125,0.109130859375,nan,0.115234375,0.729248046875,nan,0.729248046875,nan,1,0.15087890625,0.15966796875,0.006760787498026468,8,3,21,132,185,20260920,761,10.712123799952678
qft_adder,S1,6,0.03,2,8,1024,8192,0.16162109375,0.15380881059834312,0.1697505788974939,2.07421875,1.42626953125,0.111328125,nan,0.1026611328125,nan,0.2213134765625,nan,0.2213134765625,1,0.15185546875,0.1702880859375,0.014503561850856056,8,3,21,132,185,20260920,761,10.404220600030385
qft_adder,S1,6,0.03,3,8,1024,8192,0.158203125,0.15046105983096708,0.16626559622543396,1.848388671875,0.46728515625,0.114501953125,nan,0.109375,nan,0.218994140625,nan,0.218994140625,1,0.1495361328125,0.166259765625,0.012976580306064158,8,3,21,132,185,20260920,761,10.42379690008238
qft_adder,S1,6,0.03,4,8,1024,8192,0.1749267578125,0.16685290464120395,0.18330534002958032,1.836669921875,-0.499755859375,0.1090087890625,nan,0.1180419921875,nan,0.2281494140625,nan,0.2281494140625,1,0.171142578125,0.1790771484375,0.006185966532871058,8,3,21,132,185,20260920,761,10.232968500000425
qft_adder,S1,6,0.03,5,8,1024,8192,0.1661376953125,0.1582345614459729,0.17435379723769026,2.0447998046875,-1.3885498046875,0.1064453125,nan,0.1070556640625,nan,0.218994140625,nan,0.218994140625,1,0.1591796875,0.1727294921875,0.010575223094438247,8,3,21,132,185,20260920,761,10.408869199920446
qft_adder,S1,6,0.03,6,8,1024,8192,0.15087890625,0.14329173018747338,0.1587933542129934,2.5264892578125,-2.2960205078125,0.115234375,nan,0.106689453125,nan,0.2218017578125,nan,0.2218017578125,1,0.14404296875,0.1575927734375,0.010478968726681876,8,3,21,132,185,20260920,761,10.44632509991061
qft_adder,S1,6,0.05,0,8,1024,8192,0.1253662109375,0.11837071893003397,0.13271289086892846,3.4306640625,3.4306640625,0.1158447265625,0.8746337890625,nan,0.7386474609375,nan,0.7386474609375,nan,1,0.1231689453125,0.1287841796875,0.004725060522682286,8,3,21,132,185,20260920,761,10.567467399989255
qft_adder,S1,6,0.05,1,8,1024,8192,0.1312255859375,0.12408644566779341,0.13871042145591647,2.6846923828125,2.4300537109375,0.123046875,nan,0.1273193359375,0.741455078125,nan,0.741455078125,nan,1,0.1257293701171875,0.1370849609375,0.008857581070637813,8,3,21,132,185,20260920,761,10.979771899990737
qft_adder,S1,6,0.05,2,8,1024,8192,0.1314697265625,0.12432470752372535,0.13896021198851563,2.2294921875,1.51708984375,0.1279296875,nan,0.1168212890625,nan,0.2393798828125,nan,0.2393798828125,1,0.1241455078125,0.14013671875,0.012527191015720559,8,3,21,132,185,20260920,761,10.640810600016266
qft_adder,S1,6,0.05,3,8,1024,8192,0.1373291015625,0.13004545294307232,0.14495272389391609,1.9193115234375,0.4407958984375,0.113525390625,nan,0.1226806640625,nan,0.2435302734375,nan,0.2435302734375,1,0.132080078125,0.143798828125,0.009115309913376207,8,3,21,132,185,20260920,761,10.502564799971879
qft_adder,S1,6,0.05,4,8,1024,8192,0.135986328125,0.12873403768245603,0.1435798510176111,1.94482421875,-0.498291015625,0.1185302734375,nan,0.117431640625,nan,0.238525390625,nan,0.238525390625,1,0.1290283203125,0.1441650390625,0.011796962770191464,8,3,21,132,185,20260920,761,10.56867070007138
qft_adder,S1,6,0.05,5,8,1024,8192,0.1341552734375,0.12694613475834843,0.14170736102773512,2.212890625,-1.494140625,0.1199951171875,nan,0.123779296875,nan,0.239501953125,nan,0.239501953125,1,0.1239013671875,0.144287109375,0.015892464401756293,8,3,21,132,185,20260920,761,10.42840580001939
qft_adder,S1,6,0.05,6,8,1024,8192,0.132080078125,0.124920398652013,0.13958465183155583,2.666015625,-2.42529296875,0.120361328125,nan,0.1192626953125,nan,0.23779296875,nan,0.23779296875,1,0.1260986328125,0.14087219238281246,0.01176226574571988,8,3,21,132,185,20260920,761,10.428787900018506
qft_adder,S2,2,0.0,0,8,1024,8192,0.87060546875,0.8631632757063831,0.8777002500838907,0.2183837890625,0.2183837890625,0.025146484375,0.12939453125,nan,0.0638427734375,nan,0.12939453125,nan,0,0.8664520263671875,0.875244140625,0.006845895170973938,8,2,8,46,42,20260920,761,1.8794078000355512
qft_adder,S2,2,0.0,1,8,1024,8192,0.8740234375,0.86666213301821,0.8810341262114996,0.1666259765625,0.0709228515625,0.0406494140625,nan,0.0478515625,0.078125,nan,nan,0.0478515625,0,0.8707275390625,0.876953125,0.004840778898687911,8,2,8,46,42,20260920,761,1.8206039000069723
qft_adder,S2,2,0.0,2,8,1024,8192,0.8719482421875,0.8645376244412222,0.8790101894859728,0.1689453125,-0.096923828125,0.0360107421875,nan,0.0408935546875,nan,0.092041015625,nan,0.0408935546875,0,0.8673095703125,0.8760986328125,0.0069336428726881625,8,2,8,46,42,20260920,761,1.8158646000083536
qft_adder,S2,2,0.001,0,8,1024,8192,0.849609375,0.8417050160614324,0.857186004315163,0.2568359375,0.2568359375,0.031982421875,0.150390625,nan,0.074462890625,nan,0.150390625,nan,0,0.8458251953125,0.85400390625,0.006285647503386613,8,2,8,46,42,20260920,761,2.60917910002172
qft_adder,S2,2,0.001,1,8,1024,8192,0.8558349609375,0.8480617506587409,0.8632746056253988,0.188720703125,0.076171875,0.0445556640625,nan,0.0562744140625,0.087890625,nan,nan,0.0562744140625,0,0.851806640625,0.8594970703125,0.006041115170318003,8,2,8,46,42,20260920,761,2.208477500011213
qft_adder,S2,2,0.001,2,8,1024,8192,0.853759765625,0.8459423144349733,0.8612455965466516,0.1925048828125,-0.1143798828125,0.0390625,nan,0.0462646484375,nan,0.107177734375,nan,0.0462646484375,0,0.8477783203125,0.85888671875,0.008573274867710137,8,2,8,46,42,20260920,761,2.15975910006091
qft_adder,S2,2,0.003,0,8,1024,8192,0.8109130859375,0.8022885784547863,0.8192461383396231,0.328369140625,0.328369140625,0.0428466796875,0.1890869140625,nan,0.096435546875,nan,0.1890869140625,nan,0,0.8045654296875,0.8175048828125,0.009903291649915116,8,2,8,46,42,20260920,761,2.643577800015919
qft_adder,S2,2,0.003,1,8,1024,8192,0.814453125,0.8058883419719887,0.8227231344561223,0.2369384765625,0.0943603515625,0.0513916015625,nan,0.0712890625,0.1142578125,nan,nan,0.0712890625,0,0.80615234375,0.8209228515625,0.011519417049856593,8,2,8,46,42,20260920,761,2.1844050999497995
qft_adder,S2,2,0.003,2,8,1024,8192,0.8154296875,0.8068815821131009,0.8236821038691348,0.2376708984375,-0.1365966796875,0.050537109375,nan,0.0531005859375,nan,0.134033203125,nan,0.0531005859375,0,0.8106689453125,0.8216552734375,0.008719029013392714,8,2,8,46,42,20260920,761,2.179139000014402
qft_adder,S2,2,0.005,0,8,1024,8192,0.7852783203125,0.7762536166637722,0.7940355993348672,0.375244140625,0.375244140625,0.0521240234375,0.2147216796875,nan,0.1083984375,nan,0.2147216796875,nan,0,0.7774658203125,0.7940673828125,0.012716087697337617,8,2,8,46,42,20260920,761,2.6333259999519214
qft_adder,S2,2,0.005,1,8,1024,8192,0.7783203125,0.7691961460972713,0.7871835768282308,0.2823486328125,0.1102294921875,0.0606689453125,nan,0.0860595703125,0.1356201171875,nan,nan,0.0860595703125,0,0.7676971435546875,0.788330078125,0.016114338101163698,8,2,8,46,42,20260920,761,2.218480399926193
qft_adder,S2,2,0.005,2,8,1024,8192,0.788818359375,0.7798457028265925,0.7975202728057486,0.2664794921875,-0.1461181640625,0.0601806640625,nan,0.0552978515625,nan,0.1510009765625,nan,0.0552978515625,0,0.783447265625,0.7933349609375,0.007667281763900581,8,2,8,46,42,20260920,761,2.1696339999325573
qft_adder,S2,2,0.01,0,8,1024,8192,0.6934814453125,0.6834088168277355,0.7033727010831947,0.549072265625,0.549072265625,0.0792236328125,0.3065185546875,nan,0.163330078125,nan,0.3065185546875,nan,0,0.688232421875,0.6995849609375,0.008725862491807597,8,2,8,46,42,20260920,761,2.5982415000908077
qft_adder,S2,2,0.01,1,8,1024,8192,0.69677734375,0.6867334004832849,0.7066368246728157,0.38134765625,0.146728515625,0.078125,nan,0.1173095703125,0.1859130859375,nan,nan,0.1173095703125,0,0.6883544921875,0.7052001953125,0.013257018993531919,8,2,8,46,42,20260920,761,2.2107632000697777
qft_adder,S2,2,0.01,2,8,1024,8192,0.7003173828125,0.6903049237108034,0.7101420610789986,0.37353515625,-0.20068359375,0.08642578125,nan,0.0738525390625,nan,0.2132568359375,nan,0.0738525390625,0,0.6949462890625,0.705810546875,0.008359047408363292,8,2,8,46,42,20260920,761,2.1758644999936223
qft_adder,S2,2,0.02,0,8,1024,8192,0.574951171875,0.5642134599943391,0.5856186232847216,0.7764892578125,0.7764892578125,0.11474609375,0.425048828125,nan,0.2366943359375,nan,0.425048828125,nan,0,0.5643280029296875,0.58544921875,0.016196560023836782,8,2,8,46,42,20260920,761,2.5725312000140548
qft_adder,S2,2,0.02,1,8,1024,8192,0.5628662109375,0.5520977725435295,0.5735757175032395,0.5560302734375,0.2239990234375,0.118896484375,nan,0.166015625,0.2711181640625,nan,nan,0.166015625,0,0.5552978515625,0.5687255859375,0.010465145832722707,8,2,8,46,42,20260920,761,2.220226199948229
qft_adder,S2,2,0.02,2,8,1024,8192,0.5755615234375,0.5648255363059317,0.5862266779444568,0.5406494140625,-0.3001708984375,0.1202392578125,nan,0.1162109375,nan,0.30419921875,nan,0.1162109375,0,0.566650390625,0.5838623046875,0.013409649448740258,8,2,8,46,42,20260920,761,2.1816761000081897
qft_adder,S2,2,0.03,0,8,1024,8192,0.48046875,0.46966132654164916,0.4912944823758595,0.9580078125,0.9580078125,0.14794921875,0.51953125,nan,0.29052734375,nan,0.51953125,nan,0,0.474853515625,0.4854736328125,0.008203789301333234,8,2,8,46,42,20260920,761,2.6207412000512704
qft_adder,S2,2,0.03,1,8,1024,8192,0.4764404296875,0.4656386541245774,0.48726429038216734,0.6676025390625,0.2801513671875,0.14404296875,nan,0.1937255859375,0.329833984375,nan,nan,0.1937255859375,0,0.4671630859375,0.4849853515625,0.013755697085720678,8,2,8,46,42,20260920,761,2.232590700034052
qft_adder,S2,2,0.03,2,8,1024,8192,0.4893798828125,0.47856246558883986,0.5002072555100555,0.6497802734375,-0.3555908203125,0.1470947265625,nan,0.13916015625,nan,0.363525390625,nan,0.13916015625,0,0.4825439453125,0.4959716796875,0.01051061138167327,8,2,8,46,42,20260920,761,2.2175826999591663
qft_adder,S2,2,0.05,0,8,1024,8192,0.380615234375,0.37015930087224014,0.3911830811360314,1.187255859375,1.187255859375,0.189697265625,0.619384765625,nan,0.378173828125,nan,0.619384765625,nan,0,0.37451171875,0.3875732421875,0.010078011445581198,8,2,8,46,42,20260920,761,2.6158637000480667
qft_adder,S2,2,0.05,1,8,1024,8192,0.387451171875,0.37695676297162134,0.39805108591552213,0.7879638671875,0.3348388671875,0.1754150390625,nan,0.2265625,0.385986328125,nan,nan,0.2265625,0,0.3797607421875,0.39501953125,0.011957551081509477,8,2,8,46,42,20260920,761,2.198406899929978
qft_adder,S2,2,0.05,2,8,1024,8192,0.3743896484375,0.3639706760646818,0.3849263700360456,0.8048095703125,-0.4222412109375,0.1912841796875,nan,0.17919921875,nan,0.434326171875,nan,0.17919921875,0,0.367431640625,0.3824462890625,0.01177601220891746,8,2,8,46,42,20260920,761,2.2125817999476567
qft_adder,S2,4,0.0,0,8,1024,8192,0.7225341796875,0.7127357112290416,0.7321240409170944,0.8907470703125,0.8907470703125,0.06884765625,0.2774658203125,nan,0.1865234375,nan,0.1865234375,nan,1,0.7093505859375,0.733642578125,0.018874544944799496,8,3,15,103,133,20260920,761,5.272825899999589
qft_adder,S2,4,0.0,1,8,1024,8192,0.6888427734375,0.6787307877041975,0.6987777348246409,0.802001953125,0.66943359375,0.11279296875,nan,0.0662841796875,0.244873046875,nan,0.244873046875,nan,1,0.668701171875,0.705322265625,0.02854283298287937,8,3,15,103,133,20260920,761,5.1895205999026075
qft_adder,S2,4,0.0,2,8,1024,8192,0.6837158203125,0.6735616985799107,0.6936977237897737,0.6822509765625,0.3758544921875,0.097900390625,nan,0.0413818359375,nan,0.11181640625,nan,0.11181640625,1,0.67236328125,0.6959228515625,0.018235756857096937,8,3,15,103,133,20260920,761,5.2568214000202715
qft_adder,S2,4,0.0,3,8,1024,8192,0.647705078125,0.6372938866631006,0.6579778083982404,0.7308349609375,0.2005615234375,0.1268310546875,nan,0.023681640625,nan,0.0679931640625,nan,0.0679931640625,1,0.638916015625,0.6553955078125,0.012826099156800486,8,3,15,103,133,20260920,761,5.000298599945381
qft_adder,S2,4,0.0,4,8,1024,8192,0.647705078125,0.6372938866631006,0.6579778083982404,0.73388671875,-0.333740234375,0.1083984375,nan,0.068359375,nan,0.091796875,nan,0.091796875,1,0.6376953125,0.658935546875,0.016529600468565192,8,3,15,103,133,20260920,761,5.273570999968797
qft_adder,S2,4,0.001,0,8,1024,8192,0.666015625,0.6557267901256018,0.6761488340755749,1.1142578125,1.1142578125,0.0968017578125,0.333984375,nan,0.2301025390625,nan,0.2301025390625,nan,1,0.6566162109375,0.6749267578125,0.01416135886210884,8,3,15,103,133,20260920,761,8.186206700047478
qft_adder,S2,4,0.001,1,8,1024,8192,0.6397705078125,0.6293114994590063,0.6500984929750726,0.917236328125,0.76416015625,0.126220703125,nan,0.0765380859375,0.28369140625,nan,0.28369140625,nan,1,0.623779296875,0.6539306640625,0.023457473237070932,8,3,15,103,133,20260920,761,6.666418800014071
qft_adder,S2,4,0.001,2,8,1024,8192,0.62890625,0.6183867540976746,0.6393049070467685,0.8187255859375,0.4471435546875,0.119873046875,nan,0.049560546875,nan,0.13623046875,nan,0.13623046875,1,0.6124267578125,0.644287109375,0.024572588009267853,8,3,15,103,133,20260920,761,6.941908699925989
qft_adder,S2,4,0.001,3,8,1024,8192,0.6187744140625,0.6082036146933146,0.6292338723270859,0.7855224609375,0.2156982421875,0.134765625,nan,0.025390625,nan,0.0709228515625,nan,0.0709228515625,1,0.609375,0.6292724609375,0.015413763786781833,8,3,15,103,133,20260920,761,6.789312300039455
qft_adder,S2,4,0.001,4,8,1024,8192,0.6065673828125,0.5959412042657911,0.6170936633280525,0.821044921875,-0.35498046875,0.121826171875,nan,0.0723876953125,nan,0.1007080078125,nan,0.1007080078125,1,0.591064453125,0.62109375,0.023023675875830724,8,3,15,103,133,20260920,761,6.70145459997002
qft_adder,S2,4,0.003,0,8,1024,8192,0.5941162109375,0.5834406697127839,0.6047035260659714,1.3372802734375,1.3372802734375,0.118896484375,0.4058837890625,nan,0.2724609375,nan,0.2724609375,nan,1,0.59033203125,0.5985107421875,0.00639177021793677,8,3,15,103,133,20260920,761,8.06025740003679
qft_adder,S2,4,0.003,1,8,1024,8192,0.5538330078125,0.5430458338409146,0.5645697178302022,1.172607421875,0.99658203125,0.1649169921875,nan,0.0880126953125,0.358154296875,nan,0.358154296875,nan,1,0.5382049560546875,0.568115234375,0.023434230031375784,8,3,15,103,133,20260920,761,6.821359500056133
qft_adder,S2,4,0.003,2,8,1024,8192,0.567138671875,0.5563803533612657,0.5778340534847983,0.9676513671875,0.5738525390625,0.14501953125,nan,0.05078125,nan,0.1461181640625,nan,0.1461181640625,1,0.5570068359375,0.5777587890625,0.015856526150487847,8,3,15,103,133,20260920,761,6.847055000020191
qft_adder,S2,4,0.003,3,8,1024,8192,0.5335693359375,0.5227531789372293,0.5443540244858027,0.9737548828125,0.3096923828125,0.1739501953125,nan,0.0352783203125,nan,0.0836181640625,nan,0.0836181640625,1,0.5186767578125,0.548095703125,0.022985180908371275,8,3,15,103,133,20260920,761,6.744614299968816
qft_adder,S2,4,0.003,4,8,1024,8192,0.5400390625,0.5292302066313646,0.5508103850877428,0.9515380859375,-0.3748779296875,0.151123046875,nan,0.07666015625,nan,0.111083984375,nan,0.111083984375,1,0.5213623046875,0.5572509765625,0.02748786162963329,8,3,15,103,133,20260920,761,6.84519070002716
qft_adder,S2,4,0.005,0,8,1024,8192,0.51025390625,0.49942653974357853,0.5210716605747295,1.6168212890625,1.6168212890625,0.151123046875,0.48974609375,nan,0.3287353515625,nan,0.3287353515625,nan,1,0.505859375,0.5147705078125,0.0069838119479820465,8,3,15,103,133,20260920,761,8.103670499986038
qft_adder,S2,4,0.005,1,8,1024,8192,0.476806640625,0.46600432251085694,0.4876307005786846,1.3883056640625,1.1964111328125,0.19287109375,nan,0.095947265625,0.42724609375,nan,0.42724609375,nan,1,0.4642333984375,0.491943359375,0.021169761668873566,8,3,15,103,133,20260920,761,6.778814000077546
qft_adder,S2,4,0.005,2,8,1024,8192,0.48193359375,0.4711242910729775,0.49275983217571795,1.171630859375,0.699462890625,0.1796875,nan,0.064208984375,nan,0.171875,nan,0.171875,1,0.466552734375,0.498046875,0.02434980382731186,8,3,15,103,133,20260920,761,6.683170899981633
qft_adder,S2,4,0.005,3,8,1024,8192,0.4686279296875,0.45783911690629747,0.47944615116745076,1.0938720703125,0.2598876953125,0.1876220703125,nan,0.0511474609375,nan,0.112060546875,nan,0.112060546875,1,0.4600830078125,0.4776611328125,0.013455290819251073,8,3,15,103,133,20260920,761,6.7032109999563545
qft_adder,S2,4,0.005,4,8,1024,8192,0.4749755859375,0.4641760388210739,0.48579859135448406,1.076416015625,-0.4345703125,0.1700439453125,nan,0.082763671875,nan,0.12744140625,nan,0.12744140625,1,0.4686279296875,0.481201171875,0.009708784076168007,8,3,15,103,133,20260920,761,6.6744438000023365
qft_adder,S2,4,0.01,0,8,1024,8192,0.385009765625,0.37452884581837215,0.39559847918346,2.091064453125,2.091064453125,0.1983642578125,0.614990234375,nan,0.4337158203125,nan,0.4337158203125,nan,1,0.377197265625,0.393310546875,0.012382940125806924,8,3,15,103,133,20260920,761,8.247987700044177
qft_adder,S2,4,0.01,1,8,1024,8192,0.3575439453125,0.3472343149190771,0.3679871163730015,1.7669677734375,1.5479736328125,0.2398681640625,nan,0.1094970703125,0.532958984375,nan,0.532958984375,nan,1,0.3475341796875,0.3685302734375,0.01608419063004734,8,3,15,103,133,20260920,761,6.696931999991648
qft_adder,S2,4,0.01,2,8,1024,8192,0.3699951171875,0.35960334760052515,0.38050875550664165,1.4530029296875,0.8856201171875,0.2236328125,nan,0.077880859375,nan,0.205810546875,nan,0.205810546875,1,0.3577850341796875,0.3822021484375,0.019104129263302485,8,3,15,103,133,20260920,761,6.895277799922042
qft_adder,S2,4,0.01,3,8,1024,8192,0.3408203125,0.33063302936506617,0.3511568133126292,1.3663330078125,0.3177490234375,0.2369384765625,nan,0.0677490234375,nan,0.1463623046875,nan,0.1463623046875,1,0.330810546875,0.349853515625,0.014727280379906973,8,3,15,103,133,20260920,761,6.571332299965434
qft_adder,S2,4,0.01,4,8,1024,8192,0.362060546875,0.3517202493842963,0.37253015109560844,1.30419921875,-0.453369140625,0.22412109375,nan,0.08935546875,nan,0.14697265625,nan,0.14697265625,1,0.3482666015625,0.376708984375,0.021897347382051933,8,3,15,103,133,20260920,761,6.800402300083078
qft_adder,S2,4,0.02,0,8,1024,8192,0.241455078125,0.23231015384973366,0.2508423666957868,2.7462158203125,2.7462158203125,0.2789306640625,0.758544921875,nan,0.5777587890625,nan,0.5777587890625,nan,1,0.22998046875,0.252197265625,0.017381323295960358,8,3,15,103,133,20260920,761,8.369817200000398
qft_adder,S2,4,0.02,1,8,1024,8192,0.2274169921875,0.21846909059559835,0.2366204176093815,2.187255859375,1.9296875,0.2874755859375,nan,0.1287841796875,0.643798828125,nan,0.643798828125,nan,1,0.21875,0.2353515625,0.012896938346768753,8,3,15,103,133,20260920,761,6.533321399940178
qft_adder,S2,4,0.02,2,8,1024,8192,0.24658203125,0.2373685854468746,0.25603303525779986,1.796875,1.1416015625,0.2801513671875,nan,0.0970458984375,nan,0.2305908203125,nan,0.2305908203125,1,0.2381591796875,0.2535400390625,0.011983159191681034,8,3,15,103,133,20260920,761,6.622472699964419
qft_adder,S2,4,0.02,3,8,1024,8192,0.2218017578125,0.21293666706909012,0.23092763619967346,1.66845703125,0.372314453125,0.29296875,nan,0.089599609375,nan,0.194091796875,nan,0.194091796875,1,0.21533203125,0.2291259765625,0.010575223094438247,8,3,15,103,133,20260920,761,6.577436699997634
qft_adder,S2,4,0.02,4,8,1024,8192,0.2325439453125,0.22352245782788743,0.2418161505362464,1.6373291015625,-0.5201416015625,0.285888671875,nan,0.10400390625,nan,0.1898193359375,nan,0.1898193359375,1,0.22412109375,0.2403564453125,0.012456299823767707,8,3,15,103,133,20260920,761,6.793664800003171
qft_adder,S2,4,0.03,0,8,1024,8192,0.1798095703125,0.17164419522271068,0.18827509721869645,3.07275390625,3.07275390625,0.318115234375,0.8201904296875,nan,0.65234375,nan,0.65234375,nan,1,0.175537109375,0.183837890625,0.006486977663860558,8,3,15,103,133,20260920,761,8.11723420000635
qft_adder,S2,4,0.03,1,8,1024,8192,0.1795654296875,0.17140457602039008,0.18802666403248589,2.42578125,2.1767578125,0.322509765625,nan,0.12451171875,0.6959228515625,nan,0.6959228515625,nan,1,0.17138671875,0.187255859375,0.012379501470850226,8,3,15,103,133,20260920,761,6.7758283000439405
qft_adder,S2,4,0.03,2,8,1024,8192,0.18212890625,0.1739208602001889,0.19063492993226408,2.0252685546875,1.3179931640625,0.3251953125,nan,0.1116943359375,nan,0.241943359375,nan,0.241943359375,1,0.1776123046875,0.1865234375,0.00682596530285997,8,3,15,103,133,20260920,761,6.703388599911705
qft_adder,S2,4,0.03,3,8,1024,8192,0.182861328125,0.1746399125095709,0.19138003478847548,1.805419921875,0.4306640625,0.330322265625,nan,0.103759765625,nan,0.2149658203125,nan,0.2149658203125,1,0.17529296875,0.189453125,0.011143698664038774,8,3,15,103,133,20260920,761,6.461204900057055
qft_adder,S2,4,0.03,4,8,1024,8192,0.177001953125,0.16888892026828858,0.18541776970501042,1.8175048828125,-0.5352783203125,0.3236083984375,nan,0.1180419921875,nan,0.2158203125,nan,0.2158203125,1,0.1712646484375,0.182373046875,0.008412862663573533,8,3,15,103,133,20260920,761,6.618668399984017
qft_adder,S2,4,0.05,0,8,1024,8192,0.137451171875,0.130164684409202,0.14507751862205195,3.3568115234375,3.3568115234375,0.357177734375,0.862548828125,nan,0.7203369140625,nan,0.7203369140625,nan,1,0.130126953125,0.145263671875,0.01155189528617906,8,3,15,103,133,20260920,761,8.357562500052154
qft_adder,S2,4,0.05,1,8,1024,8192,0.140380859375,0.13302682654531964,0.148072005148308,2.630615234375,2.382568359375,0.35498046875,nan,0.1240234375,0.735595703125,nan,0.735595703125,nan,1,0.1352508544921875,0.145751953125,0.00811613500541115,8,3,15,103,133,20260920,761,6.969199800048955
qft_adder,S2,4,0.05,2,8,1024,8192,0.1416015625,0.13421971412861175,0.14931937950767163,2.1658935546875,1.4136962890625,0.3546142578125,nan,0.125732421875,nan,0.2503662109375,nan,0.2503662109375,1,0.1358642578125,0.146484375,0.008220379387642989,8,3,15,103,133,20260920,761,6.924011699971743
qft_adder,S2,4,0.05,3,8,1024,8192,0.1446533203125,0.13720276030179,0.1524369881911327,1.9205322265625,0.4842529296875,0.3580322265625,nan,0.1129150390625,nan,0.234619140625,nan,0.234619140625,1,0.14208984375,0.147216796875,0.0039903577664518915,8,3,15,103,133,20260920,761,6.690366400056519
qft_adder,S2,4,0.05,4,8,1024,8192,0.137939453125,0.13064162998370224,0.145576677824614,1.9521484375,-0.504150390625,0.360107421875,nan,0.1207275390625,nan,0.2384033203125,nan,0.2384033203125,1,0.131591796875,0.1444091796875,0.009817801462194083,8,3,15,103,133,20260920,761,6.911543400026858
qft_adder,S2,6,0.0,0,8,1024,8192,0.6512451171875,0.6408562645994947,0.6614921900955478,1.114990234375,1.114990234375,0.03271484375,0.3487548828125,nan,0.2296142578125,nan,0.2296142578125,nan,1,0.6419677734375,0.6580810546875,0.012510867163397419,8,3,21,132,185,20260920,761,10.481700000003912
qft_adder,S2,6,0.0,1,8,1024,8192,0.61474609375,0.6041562475659388,0.625228375043698,0.9888916015625,0.8311767578125,0.037109375,nan,0.078857421875,0.306396484375,nan,0.306396484375,nan,1,0.603271484375,0.6273193359375,0.018307058819558315,8,3,21,132,185,20260920,761,10.241477300063707
qft_adder,S2,6,0.0,2,8,1024,8192,0.611083984375,0.6004774839696794,0.6215863528119903,0.8507080078125,0.5230712890625,0.0262451171875,nan,0.0428466796875,nan,0.1209716796875,nan,0.1209716796875,1,0.5987548828125,0.6234130859375,0.019198831300134278,8,3,21,132,185,20260920,761,10.397377999965101
qft_adder,S2,6,0.0,3,8,1024,8192,0.58056640625,0.5698451925149994,0.5912120957002776,0.85498046875,0.289794921875,0.0736083984375,nan,0.0299072265625,nan,0.07177734375,nan,0.07177734375,1,0.569580078125,0.5947265625,0.019815179534469502,8,3,21,132,185,20260920,761,10.236827099928632
qft_adder,S2,6,0.0,4,8,1024,8192,0.5865478515625,0.575845773598674,0.597168798135616,0.8658447265625,-0.3529052734375,0.0372314453125,nan,0.081787109375,nan,0.1090087890625,nan,0.1090087890625,1,0.569091796875,0.6016845703125,0.02555075653039651,8,3,21,132,185,20260920,761,10.278381499927491
qft_adder,S2,6,0.0,5,8,1024,8192,0.5711669921875,0.5604189588374234,0.5818483124194046,0.9285888671875,-0.6546630859375,0.038330078125,nan,0.0416259765625,nan,0.1103515625,nan,0.1103515625,1,0.5606689453125,0.582763671875,0.01688583994674122,8,3,21,132,185,20260920,761,10.182389099965803
qft_adder,S2,6,0.0,6,8,1024,8192,0.5584716796875,0.5476936763854436,0.569194870667765,1.139404296875,-1.037109375,0.0511474609375,nan,0.037109375,nan,0.0831298828125,nan,0.0831298828125,1,0.54931640625,0.56982421875,0.015689715833066043,8,3,21,132,185,20260920,761,10.198505599983037
qft_adder,S2,6,0.001,0,8,1024,8192,0.59033203125,0.5796428959646247,0.6009364877918979,1.335693359375,1.335693359375,0.037353515625,0.40966796875,nan,0.2740478515625,nan,0.2740478515625,nan,1,0.582763671875,0.5972900390625,0.011171172555339065,8,3,21,132,185,20260920,761,16.995276500005275
qft_adder,S2,6,0.001,1,8,1024,8192,0.55859375,0.547816000855937,0.5693165723915372,1.1190185546875,0.9527587890625,0.0374755859375,nan,0.0831298828125,0.3582763671875,nan,0.3582763671875,nan,1,0.55029296875,0.5675048828125,0.013338979706251699,8,3,21,132,185,20260920,761,13.477865600027144
qft_adder,S2,6,0.001,2,8,1024,8192,0.53759765625,0.526785830649423,0.5483742371843728,1.003173828125,0.6064453125,0.0330810546875,nan,0.0546875,nan,0.1436767578125,nan,0.1436767578125,1,0.528076171875,0.5474853515625,0.014883713239053152,8,3,21,132,185,20260920,761,13.876413400052115
qft_adder,S2,6,0.001,3,8,1024,8192,0.5411376953125,0.5303302607814263,0.5519065666860711,0.9285888671875,0.2760009765625,0.0770263671875,nan,0.0379638671875,nan,0.0858154296875,nan,0.0858154296875,1,0.5275848388671875,0.5534698486328125,0.020226449313702443,8,3,21,132,185,20260920,761,13.296923200017773
qft_adder,S2,6,0.001,4,8,1024,8192,0.5477294921875,0.5369316949501709,0.5584825470076674,0.93408203125,-0.338623046875,0.043701171875,nan,0.08056640625,nan,0.1121826171875,nan,0.1121826171875,1,0.53564453125,0.560546875,0.01938728681258967,8,3,21,132,185,20260920,761,13.166006799903698
qft_adder,S2,6,0.001,5,8,1024,8192,0.5128173828125,0.5019900949482559,0.5236326554496291,1.0784912109375,-0.7747802734375,0.0445556640625,nan,0.0499267578125,nan,0.1290283203125,nan,0.1290283203125,1,0.5054931640625,0.519775390625,0.01095489364533596,8,3,21,132,185,20260920,761,13.240771399927326
qft_adder,S2,6,0.001,6,8,1024,8192,0.5008544921875,0.4900292715897361,0.5116789117701228,1.2626953125,-1.14111328125,0.060791015625,nan,0.0450439453125,nan,0.0924072265625,nan,0.0924072265625,1,0.4886474609375,0.5128173828125,0.01846590528002232,8,3,21,132,185,20260920,761,13.349332500016317
qft_adder,S2,6,0.003,0,8,1024,8192,0.4857177734375,0.4749040467187185,0.49654488855220974,1.707763671875,1.707763671875,0.0535888671875,0.5142822265625,nan,0.353759765625,nan,0.353759765625,nan,1,0.4765625,0.4952392578125,0.01466180101000805,8,3,21,132,185,20260920,761,16.990631999913603
qft_adder,S2,6,0.003,1,8,1024,8192,0.4830322265625,0.47222157553650174,0.4938587834605839,1.3465576171875,1.1595458984375,0.04345703125,nan,0.093505859375,0.4234619140625,nan,0.4234619140625,nan,1,0.4725341796875,0.492431640625,0.015173239532795002,8,3,21,132,185,20260920,761,13.345272300066426
qft_adder,S2,6,0.003,2,8,1024,8192,0.472412109375,0.46161668636829567,0.48323339372768526,1.1876220703125,0.7391357421875,0.048828125,nan,0.062255859375,nan,0.1619873046875,nan,0.1619873046875,1,0.4609375,0.48388671875,0.01756067772522928,8,3,21,132,185,20260920,761,13.460869600065053
qft_adder,S2,6,0.003,3,8,1024,8192,0.44384765625,0.43311758710802156,0.45463036352981573,1.1221923828125,0.3272705078125,0.0872802734375,nan,0.046142578125,nan,0.104248046875,nan,0.104248046875,1,0.4312744140625,0.4588623046875,0.021490715379361876,8,3,21,132,185,20260920,761,13.848074099980295
qft_adder,S2,6,0.003,4,8,1024,8192,0.4493408203125,0.43859540663692975,0.46013372274285824,1.125732421875,-0.3701171875,0.0560302734375,nan,0.0882568359375,nan,0.128173828125,nan,0.128173828125,1,0.4368896484375,0.4610595703125,0.01872962571304976,8,3,21,132,185,20260920,761,13.513107299921103
qft_adder,S2,6,0.003,5,8,1024,8192,0.441650390625,0.43092683171436813,0.4524286474266889,1.23486328125,-0.88671875,0.046630859375,nan,0.0589599609375,nan,0.140869140625,nan,0.140869140625,1,0.436767578125,0.4462890625,0.007303262430223974,8,3,21,132,185,20260920,761,13.104115800000727
qft_adder,S2,6,0.003,6,8,1024,8192,0.4293212890625,0.41863822590068966,0.44007060761954464,1.48779296875,-1.34814453125,0.06982421875,nan,0.05078125,nan,0.1143798828125,nan,0.1143798828125,1,0.418701171875,0.43994140625,0.01596943111529448,8,3,21,132,185,20260920,761,13.21404450002592
qft_adder,S2,6,0.005,0,8,1024,8192,0.4154052734375,0.404776069850477,0.42611377752348223,1.963134765625,1.963134765625,0.0592041015625,0.5845947265625,nan,0.403076171875,nan,0.403076171875,nan,1,0.4036865234375,0.42822265625,0.01897173963954869,8,3,21,132,185,20260920,761,16.72755309997592
qft_adder,S2,6,0.005,1,8,1024,8192,0.39794921875,0.38739997279427246,0.4085941287997102,1.604736328125,1.41015625,0.056640625,nan,0.0972900390625,0.5047607421875,nan,0.5047607421875,nan,1,0.3896484375,0.406005859375,0.012807497117777344,8,3,21,132,185,20260920,761,13.567430699942634
qft_adder,S2,6,0.005,2,8,1024,8192,0.393798828125,0.3832706503579448,0.4044265606310084,1.3546142578125,0.8536376953125,0.05810546875,nan,0.067626953125,nan,0.182861328125,nan,0.182861328125,1,0.3800048828125,0.4041748046875,0.018869581818092215,8,3,21,132,185,20260920,761,13.482159300008789
qft_adder,S2,6,0.005,3,8,1024,8192,0.3828125,0.37234395963413985,0.3933908938709119,1.2559814453125,0.3485107421875,0.091796875,nan,0.0550537109375,nan,0.12646484375,nan,0.12646484375,1,0.371826171875,0.393798828125,0.016825725327147066,8,3,21,132,185,20260920,761,13.310666300007142
qft_adder,S2,6,0.005,4,8,1024,8192,0.400146484375,0.38958640664378347,0.4108001664469794,1.234375,-0.3740234375,0.0655517578125,nan,0.0909423828125,nan,0.139404296875,nan,0.139404296875,1,0.385498046875,0.414306640625,0.022733749358567285,8,3,21,132,185,20260920,761,13.327082500094548
qft_adder,S2,6,0.005,5,8,1024,8192,0.3599853515625,0.3496590204176656,0.37044293475972434,1.4649658203125,-1.0457763671875,0.0577392578125,nan,0.0775146484375,nan,0.1685791015625,nan,0.1685791015625,1,0.352294921875,0.36950988769531246,0.01358126764083799,8,3,21,132,185,20260920,761,13.693956600036472
qft_adder,S2,6,0.005,6,8,1024,8192,0.3720703125,0.36166558188738407,0.3825949665222975,1.6820068359375,-1.5321044921875,0.074951171875,nan,0.0621337890625,nan,0.1351318359375,nan,0.1351318359375,1,0.353759765625,0.3922119140625,0.030077037897794343,8,3,21,132,185,20260920,761,13.48446549999062
qft_adder,S2,6,0.01,0,8,1024,8192,0.2886962890625,0.2789841411914204,0.2986065165348761,2.4730224609375,2.4730224609375,0.08251953125,0.7113037109375,nan,0.5186767578125,nan,0.5186767578125,nan,1,0.2784423828125,0.30041809082031246,0.01690599854037766,8,3,21,132,185,20260920,761,17.125249000033364
qft_adder,S2,6,0.01,1,8,1024,8192,0.2855224609375,0.275844117829755,0.2954018588456367,1.9344482421875,1.6961669921875,0.072509765625,nan,0.119140625,0.5953369140625,nan,0.5953369140625,nan,1,0.271240234375,0.3009033203125,0.022872285680367626,8,3,21,132,185,20260920,761,13.379847100004554
qft_adder,S2,6,0.01,2,8,1024,8192,0.2791748046875,0.26956585120506193,0.28899076336852003,1.669677734375,1.07568359375,0.0823974609375,nan,0.0841064453125,nan,0.212890625,nan,0.212890625,1,0.270751953125,0.28857421875,0.013903466400716241,8,3,21,132,185,20260920,761,13.5208971000975
qft_adder,S2,6,0.01,3,8,1024,8192,0.2730712890625,0.26353133275324675,0.2828239721070566,1.5380859375,0.41552734375,0.1021728515625,nan,0.0850830078125,nan,0.1649169921875,nan,0.1649169921875,1,0.2642822265625,0.2811279296875,0.013028315256463717,8,3,21,132,185,20260920,761,13.584785700077191
qft_adder,S2,6,0.01,4,8,1024,8192,0.27783203125,0.26823806404188477,0.28763426239477596,1.53662109375,-0.45361328125,0.0823974609375,nan,0.103271484375,nan,0.1827392578125,nan,0.1827392578125,1,0.2728271484375,0.2828369140625,0.00774243132003996,8,3,21,132,185,20260920,761,13.551737100002356
qft_adder,S2,6,0.01,5,8,1024,8192,0.2728271484375,0.2632899990920511,0.28257725337972117,1.696044921875,-1.170654296875,0.07666015625,nan,0.0909423828125,nan,0.1910400390625,nan,0.1910400390625,1,0.26416015625,0.281005859375,0.013059649059226418,8,3,21,132,185,20260920,761,13.284877700032666
qft_adder,S2,6,0.01,6,8,1024,8192,0.2564697265625,0.24712911467203344,0.2660386277681523,2.065185546875,-1.88232421875,0.0914306640625,nan,0.0792236328125,nan,0.1683349609375,nan,0.1683349609375,1,0.248291015625,0.2640380859375,0.012140583658963328,8,3,21,132,185,20260920,761,13.270568300038576
qft_adder,S2,6,0.02,0,8,1024,8192,0.18212890625,0.1739208602001889,0.19063492993226408,3.007568359375,3.007568359375,0.1011962890625,0.81787109375,nan,0.6483154296875,nan,0.6483154296875,nan,1,0.1737060546875,0.1885986328125,0.01216370659918377,8,3,21,132,185,20260920,761,17.029412100091577
qft_adder,S2,6,0.02,1,8,1024,8192,0.1832275390625,0.17499945751151655,0.19175256836932655,2.3612060546875,2.1099853515625,0.0989990234375,nan,0.1256103515625,0.691162109375,nan,0.691162109375,nan,1,0.17626953125,0.1927490234375,0.013122092203869392,8,3,21,132,185,20260920,761,13.32506609999109
qft_adder,S2,6,0.02,2,8,1024,8192,0.181640625,0.17344152001020496,0.19013816534518574,1.9910888671875,1.3363037109375,0.10498046875,nan,0.099853515625,nan,0.2275390625,nan,0.2275390625,1,0.176025390625,0.1873779296875,0.008873908422873465,8,3,21,132,185,20260920,761,13.292666399967857
qft_adder,S2,6,0.02,3,8,1024,8192,0.1787109375,0.17056595375745826,0.1871571029355587,1.78271484375,0.41015625,0.10986328125,nan,0.1092529296875,nan,0.21630859375,nan,0.21630859375,1,0.1695526123046875,0.1876220703125,0.014045438558764754,8,3,21,132,185,20260920,761,13.577891299966723
qft_adder,S2,6,0.02,4,8,1024,8192,0.185791015625,0.17751662163412496,0.19435995432629516,1.786865234375,-0.489013671875,0.1026611328125,nan,0.11669921875,nan,0.2161865234375,nan,0.2161865234375,1,0.1756591796875,0.196044921875,0.015482662929487093,8,3,21,132,185,20260920,761,13.491562200011685
qft_adder,S2,6,0.02,5,8,1024,8192,0.1641845703125,0.15632045657318175,0.17236348300223228,2.0599365234375,-1.4263916015625,0.0986328125,nan,0.1177978515625,nan,0.228759765625,nan,0.228759765625,1,0.1585693359375,0.17004699707031246,0.008819044533430543,8,3,21,132,185,20260920,761,13.63663009996526
qft_adder,S2,6,0.02,6,8,1024,8192,0.1673583984375,0.15943108047934665,0.17559754014697224,2.415283203125,-2.191162109375,0.112060546875,nan,0.1016845703125,nan,0.2025146484375,nan,0.2025146484375,1,0.16064453125,0.1732177734375,0.00976475303026747,8,3,21,132,185,20260920,761,13.609431799966842
qft_adder,S2,6,0.03,0,8,1024,8192,0.141845703125,0.13445831452156112,0.14956883150325342,3.3294677734375,3.3294677734375,0.1148681640625,0.858154296875,nan,0.7130126953125,nan,0.7130126953125,nan,1,0.1373291015625,0.1463623046875,0.006998427545303576,8,3,21,132,185,20260920,761,16.928412699955516
qft_adder,S2,6,0.03,1,8,1024,8192,0.1422119140625,0.13481622933164605,0.14994299527596516,2.5699462890625,2.3143310546875,0.1094970703125,nan,0.1278076171875,0.72998046875,nan,0.72998046875,nan,1,0.13720703125,0.148681640625,0.008934155489104813,8,3,21,132,185,20260920,761,13.383114099968225
qft_adder,S2,6,0.03,2,8,1024,8192,0.1513671875,0.14376949279884577,0.1592916963786833,2.1015625,1.359619140625,0.112060546875,nan,0.1207275390625,nan,0.250244140625,nan,0.250244140625,1,0.1427001953125,0.158935546875,0.012603765043655395,8,3,21,132,185,20260920,761,13.373383700032718
qft_adder,S2,6,0.03,3,8,1024,8192,0.14697265625,0.13947065078185283,0.1548055954021157,1.8900146484375,0.4449462890625,0.1126708984375,nan,0.1175537109375,nan,0.235595703125,nan,0.235595703125,1,0.1412353515625,0.152099609375,0.008449220942927858,8,3,21,132,185,20260920,761,13.401464399998076
qft_adder,S2,6,0.03,4,8,1024,8192,0.1580810546875,0.15034152113979057,0.16614110872234492,1.8975830078125,-0.5389404296875,0.1097412109375,nan,0.1246337890625,nan,0.2347412109375,nan,0.2347412109375,1,0.1505126953125,0.167236328125,0.012918048439009141,8,3,21,132,185,20260920,761,13.53551710001193
qft_adder,S2,6,0.03,5,8,1024,8192,0.1387939453125,0.13147636028514587,0.14645013088302938,2.171630859375,-1.48095703125,0.113037109375,nan,0.126220703125,nan,0.24365234375,nan,0.24365234375,1,0.1322021484375,0.1468505859375,0.011571779982463452,8,3,21,132,185,20260920,761,13.435127299977466
qft_adder,S2,6,0.03,6,8,1024,8192,0.1429443359375,0.13553210994512882,0.15069127182807585,2.596435546875,-2.365966796875,0.115234375,nan,0.116455078125,nan,0.232421875,nan,0.232421875,1,0.1358642578125,0.1490478515625,0.010241442520767289,8,3,21,132,185,20260920,761,13.260559599963017
qft_adder,S2,6,0.05,0,8,1024,8192,0.135986328125,0.12873403768245603,0.1435798510176111,3.4130859375,3.4130859375,0.124267578125,0.864013671875,nan,0.7349853515625,nan,0.7349853515625,nan,1,0.1265869140625,0.1435546875,0.013140896882007723,8,3,21,132,185,20260920,761,16.874434600002132
qft_adder,S2,6,0.05,1,8,1024,8192,0.1246337890625,0.11765660633260315,0.13196284630076582,2.73291015625,2.47802734375,0.124267578125,nan,0.12744140625,0.7479248046875,nan,0.7479248046875,nan,1,0.1204833984375,0.1292724609375,0.006744394629088416,8,3,21,132,185,20260920,761,13.412404200062156
qft_adder,S2,6,0.05,2,8,1024,8192,0.1341552734375,0.12694613475834843,0.14170736102773512,2.2093505859375,1.4805908203125,0.1214599609375,nan,0.12060546875,nan,0.2437744140625,nan,0.2437744140625,1,0.1265869140625,0.1414794921875,0.011494998152143714,8,3,21,132,185,20260920,761,13.552562900003977
qft_adder,S2,6,0.05,3,8,1024,8192,0.124267578125,0.11729958016846058,0.13158779388211167,1.992919921875,0.517578125,0.119873046875,nan,0.1239013671875,nan,0.2454833984375,nan,0.2454833984375,1,0.1162109375,0.13134765625,0.01187752833017442,8,3,21,132,185,20260920,761,13.57505880005192
qft_adder,S2,6,0.05,4,8,1024,8192,0.1397705078125,0.13243045468324405,0.14744824603905576,1.9661865234375,-0.4866943359375,0.124755859375,nan,0.123779296875,nan,0.244873046875,nan,0.244873046875,1,0.1324462890625,0.1474609375,0.01163049800494898,8,3,21,132,185,20260920,761,13.8136961000273
qft_adder,S2,6,0.05,5,8,1024,8192,0.120849609375,0.11396832005859017,0.1280863205525461,2.2515869140625,-1.5157470703125,0.12060546875,nan,0.1292724609375,nan,0.24951171875,nan,0.24951171875,1,0.115478515625,0.12646484375,0.008364139110978568,8,3,21,132,185,20260920,761,13.84174200007692
qft_adder,S2,6,0.05,6,8,1024,8192,0.1256103515625,0.11860877423806679,0.13296288794942676,2.7244873046875,-2.4857177734375,0.119384765625,nan,0.1282958984375,nan,0.248779296875,nan,0.248779296875,1,0.1197509765625,0.1322021484375,0.00958165866917669,8,3,21,132,185,20260920,761,13.419257500092499
