counter,scenario,L,p,m,pairs_per_m,shots,n_trials,p_correct,wilson_lo,wilson_hi,mae,bias,p_out_of_range,fn_t0,fp_t0,fn_t1,fp_t1,fn_tq,fp_tq,t_quarter,boot_lo,boot_hi,pair_sd,pairs_used,k,num_qubits,depth,cx,seed_pairs,seed_sim,elapsed_s
adder,S1,2,0.0,0,8,1024,8192,1.0,0.9995312917117791,1.0,0.0,0.0,0.0,0.0,nan,0.0,nan,0.0,nan,0,1.0,1.0,0.0,8,2,8,25,18,20260920,761,0.08131839998532087
adder,S1,2,0.0,1,8,1024,8192,1.0,0.9995312917117791,1.0,0.0,0.0,0.0,nan,0.0,0.0,nan,nan,0.0,0,1.0,1.0,0.0,8,2,8,25,18,20260920,761,0.11343359999591485
adder,S1,2,0.0,2,8,1024,8192,1.0,0.9995312917117791,1.0,0.0,0.0,0.0,nan,0.0,nan,0.0,nan,0.0,0,1.0,1.0,0.0,8,2,8,25,18,20260920,761,0.10460760002024472
adder,S1,2,0.001,0,8,1024,8192,0.993408203125,0.9914098090475881,0.9949440681738501,0.009765625,0.009765625,0.000732421875,0.006591796875,nan,0.00244140625,nan,0.006591796875,nan,0,0.9913330078125,0.9949951171875,0.002847144479904932,8,2,8,25,18,20260920,761,1.121388699975796
adder,S1,2,0.001,1,8,1024,8192,0.9921875,0.9900368089978911,0.9938768062808913,0.008544921875,0.0029296875,0.000732421875,nan,0.0028076171875,0.0050048828125,nan,nan,0.0028076171875,0,0.9896240234375,0.9945068359375,0.0037641566861696544,8,2,8,25,18,20260920,761,1.0895321000134572
adder,S1,2,0.001,2,8,1024,8192,0.9923095703125,0.9901735404884942,0.9939841009845538,0.0087890625,-0.006103515625,0.0013427734375,nan,0.0010986328125,nan,0.00634765625,nan,0.0010986328125,0,0.9908447265625,0.993896484375,0.002359825589290914,8,2,8,25,18,20260920,761,1.0422708000405692
adder,S1,2,0.003,0,8,1024,8192,0.9803466796875,0.977108013819361,0.9831350606156611,0.0296630859375,0.0296630859375,0.003662109375,0.0196533203125,nan,0.00634765625,nan,0.0196533203125,nan,0,0.9783935546875,0.982177734375,0.002926779620871547,8,2,8,25,18,20260920,761,1.1965250999783166
adder,S1,2,0.003,1,8,1024,8192,0.975341796875,0.9717541591935812,0.9784838412765524,0.027587890625,0.0029296875,0.0029296875,nan,0.0123291015625,0.0123291015625,nan,nan,0.0123291015625,0,0.9716796875,0.9788818359375,0.005640199501041726,8,2,8,25,18,20260920,761,1.0560627999948338
adder,S1,2,0.003,2,8,1024,8192,0.9771728515625,0.9737080454672682,0.980190347916849,0.0250244140625,-0.0159912109375,0.0045166015625,nan,0.002197265625,nan,0.018310546875,nan,0.002197265625,0,0.973388671875,0.9810791015625,0.005904252894681078,8,2,8,25,18,20260920,761,1.0429062000475824
adder,S1,2,0.005,0,8,1024,8192,0.9610595703125,0.9566497018681261,0.9650372338729358,0.054443359375,0.054443359375,0.004638671875,0.0389404296875,nan,0.0108642578125,nan,0.0389404296875,nan,0,0.9573974609375,0.964599609375,0.00555961021931096,8,2,8,25,18,20260920,761,1.1244649000000209
adder,S1,2,0.005,1,8,1024,8192,0.9588623046875,0.9543420451055487,0.9629524191387329,0.0465087890625,0.0086669921875,0.00537109375,nan,0.0189208984375,0.022216796875,nan,nan,0.0189208984375,0,0.9547119140625,0.9632568359375,0.0066733188591937085,8,2,8,25,18,20260920,761,1.1093602000037208
adder,S1,2,0.005,2,8,1024,8192,0.962158203125,0.9578048604805101,0.9660783110089419,0.04248046875,-0.029296875,0.006591796875,nan,0.004638671875,nan,0.03125,nan,0.004638671875,0,0.9580078125,0.9671630859375,0.007056587222957855,8,2,8,25,18,20260920,761,1.1108434000052512
adder,S1,2,0.01,0,8,1024,8192,0.92431640625,0.9183879255501984,0.9298471257169266,0.1087646484375,0.1087646484375,0.01171875,0.07568359375,nan,0.0213623046875,nan,0.07568359375,nan,0,0.9207763671875,0.927490234375,0.005193780822819834,8,2,8,25,18,20260920,761,1.188310300000012
adder,S1,2,0.01,1,8,1024,8192,0.92529296875,0.919398051977296,0.9307892088439536,0.0843505859375,0.0169677734375,0.0096435546875,nan,0.03369140625,0.041015625,nan,nan,0.03369140625,0,0.9205322265625,0.9293212890625,0.00682596530285997,8,2,8,25,18,20260920,761,1.0660907999845222
adder,S1,2,0.01,2,8,1024,8192,0.9234619140625,0.9175042934270701,0.9290225744801959,0.087158203125,-0.06201171875,0.0125732421875,nan,0.0106201171875,nan,0.06396484375,nan,0.0106201171875,0,0.9173583984375,0.929443359375,0.009248847506686397,8,2,8,25,18,20260920,761,1.0605364000075497
adder,S1,2,0.02,0,8,1024,8192,0.8502197265625,0.8423280186039321,0.8577831327439913,0.2103271484375,0.2103271484375,0.0179443359375,0.1497802734375,nan,0.0426025390625,nan,0.1497802734375,nan,0,0.8416748046875,0.8580322265625,0.012667783295977984,8,2,8,25,18,20260920,761,1.1793300000135787
adder,S1,2,0.02,1,8,1024,8192,0.8468017578125,0.8388397689478808,0.8544386489606066,0.1741943359375,0.0333251953125,0.02099609375,nan,0.0704345703125,0.082763671875,nan,nan,0.0704345703125,0,0.8399627685546875,0.8543701171875,0.011176506858169573,8,2,8,25,18,20260920,761,1.0692415999947116
adder,S1,2,0.02,2,8,1024,8192,0.85791015625,0.8501817240882353,0.8653030774984191,0.1630859375,-0.11181640625,0.025634765625,nan,0.02099609375,nan,0.116455078125,nan,0.02099609375,0,0.850830078125,0.8653564453125,0.011085474623503868,8,2,8,25,18,20260920,761,1.0499748000293039
adder,S1,2,0.03,0,8,1024,8192,0.785888671875,0.7768728715355695,0.794636475434398,0.3050537109375,0.3050537109375,0.0277099609375,0.214111328125,nan,0.063232421875,nan,0.214111328125,nan,0,0.7769775390625,0.794921875,0.013669383542120543,8,2,8,25,18,20260920,761,1.1621526000089943
adder,S1,2,0.03,1,8,1024,8192,0.790771484375,0.7818279690012887,0.7994424257393015,0.2369384765625,0.0401611328125,0.0277099609375,nan,0.098388671875,0.11083984375,nan,nan,0.098388671875,0,0.78076171875,0.7998046875,0.014844759569756352,8,2,8,25,18,20260920,761,1.080255999986548
adder,S1,2,0.03,2,8,1024,8192,0.7899169921875,0.7809606900160763,0.798601521364655,0.2469482421875,-0.1712646484375,0.037841796875,nan,0.036865234375,nan,0.1722412109375,nan,0.036865234375,0,0.781494140625,0.796630859375,0.011607046441317019,8,2,8,25,18,20260920,761,1.0725330000277609
adder,S1,2,0.05,0,8,1024,8192,0.68115234375,0.6709776854187772,0.6911571868713302,0.4705810546875,0.4705810546875,0.0479736328125,0.31884765625,nan,0.103759765625,nan,0.31884765625,nan,0,0.6700439453125,0.6903076171875,0.015423152153477912,8,2,8,25,18,20260920,761,1.1591339000151493
adder,S1,2,0.05,1,8,1024,8192,0.681884765625,0.6717159389571561,0.6918830904985447,0.36767578125,0.084228515625,0.049560546875,nan,0.1417236328125,0.1763916015625,nan,nan,0.1417236328125,0,0.67822265625,0.68603515625,0.005991579595840517,8,2,8,25,18,20260920,761,1.079505700035952
adder,S1,2,0.05,2,8,1024,8192,0.6854248046875,0.6752845702599518,0.6953912188294505,0.3780517578125,-0.2471923828125,0.0654296875,nan,0.0634765625,nan,0.2491455078125,nan,0.0634765625,0,0.677734375,0.692138671875,0.01089253427353074,8,2,8,25,18,20260920,761,1.051195700012613
adder,S1,4,0.0,0,8,1024,8192,1.0,0.9995312917117791,1.0,0.0,0.0,0.0,0.0,nan,0.0,nan,0.0,nan,1,1.0,1.0,0.0,8,3,16,61,51,20260920,761,0.15128339995862916
adder,S1,4,0.0,1,8,1024,8192,1.0,0.9995312917117791,1.0,0.0,0.0,0.0,nan,0.0,0.0,nan,0.0,nan,1,1.0,1.0,0.0,8,3,16,61,51,20260920,761,0.1529312999919057
adder,S1,4,0.0,2,8,1024,8192,1.0,0.9995312917117791,1.0,0.0,0.0,0.0,nan,0.0,nan,0.0,nan,0.0,1,1.0,1.0,0.0,8,3,16,61,51,20260920,761,0.15164569998160005
adder,S1,4,0.0,3,8,1024,8192,1.0,0.9995312917117791,1.0,0.0,0.0,0.0,nan,0.0,nan,0.0,nan,0.0,1,1.0,1.0,0.0,8,3,16,61,51,20260920,761,0.15227660001255572
adder,S1,4,0.0,4,8,1024,8192,1.0,0.9995312917117791,1.0,0.0,0.0,0.0,nan,0.0,nan,0.0,nan,0.0,1,1.0,1.0,0.0,8,3,16,61,51,20260920,761,0.1526804000022821
adder,S1,4,0.001,0,8,1024,8192,0.974853515625,0.971233961475849,0.9780279342172224,0.044189453125,0.044189453125,0.001220703125,0.025146484375,nan,0.00927734375,nan,0.00927734375,nan,1,0.970458984375,0.9798583984375,0.007284583979103056,8,3,16,61,51,20260920,761,4.898647999973036
adder,S1,4,0.001,1,8,1024,8192,0.9725341796875,0.9687674301474755,0.9758579678545501,0.039794921875,0.021484375,0.0020751953125,nan,0.0091552734375,0.018310546875,nan,0.018310546875,nan,1,0.968994140625,0.97509765625,0.004739455256785176,8,3,16,61,51,20260920,761,4.414975599967875
adder,S1,4,0.001,2,8,1024,8192,0.9752197265625,0.9716240779382105,0.9783698963376576,0.033935546875,0.009765625,0.00146484375,nan,0.0023193359375,nan,0.009765625,nan,0.009765625,1,0.9713134765625,0.9791259765625,0.006108396485935939,8,3,16,61,51,20260920,761,4.509735699975863
adder,S1,4,0.001,3,8,1024,8192,0.974365234375,0.9707140976835616,0.9775716932324475,0.0352783203125,-0.0133056640625,0.002197265625,nan,0.001220703125,nan,0.0047607421875,nan,0.0047607421875,1,0.97021484375,0.978759765625,0.006679695658411893,8,3,16,61,51,20260920,761,4.382021600031294
adder,S1,4,0.001,4,8,1024,8192,0.9752197265625,0.9716240779382105,0.9783698963376576,0.038330078125,-0.021240234375,0.00634765625,nan,0.001953125,nan,0.00341796875,nan,0.00341796875,1,0.972412109375,0.9779052734375,0.004302499236186521,8,3,16,61,51,20260920,761,4.393682399997488
adder,S1,4,0.003,0,8,1024,8192,0.9273681640625,0.9215455179618879,0.9327901881618763,0.1239013671875,0.1239013671875,0.0025634765625,0.0726318359375,nan,0.0267333984375,nan,0.0267333984375,nan,1,0.920654296875,0.93310546875,0.009510299205179007,8,3,16,61,51,20260920,761,4.984744300018065
adder,S1,4,0.003,1,8,1024,8192,0.9176025390625,0.9114505930792873,0.9233630175032312,0.12548828125,0.066650390625,0.0067138671875,nan,0.0294189453125,0.052978515625,nan,0.052978515625,nan,1,0.91357421875,0.921630859375,0.006152841975999926,8,3,16,61,51,20260920,761,5.000274599995464
adder,S1,4,0.003,2,8,1024,8192,0.9310302734375,0.9253384431451279,0.9363180488066034,0.0953369140625,0.0179443359375,0.0037841796875,nan,0.0089111328125,nan,0.02978515625,nan,0.02978515625,1,0.9254150390625,0.935546875,0.007898133844907486,8,3,16,61,51,20260920,761,4.699348000052851
adder,S1,4,0.003,3,8,1024,8192,0.9259033203125,0.920029524566222,0.9313778672263555,0.105224609375,-0.029296875,0.0091552734375,nan,0.0029296875,nan,0.0125732421875,nan,0.0125732421875,1,0.9207763671875,0.931396484375,0.008194442617658894,8,3,16,61,51,20260920,761,4.395582800032571
adder,S1,4,0.003,4,8,1024,8192,0.9268798828125,0.9210401140858852,0.9323194872608168,0.1126708984375,-0.0675048828125,0.0169677734375,nan,0.0029296875,nan,0.0098876953125,nan,0.0098876953125,1,0.9224853515625,0.9317626953125,0.007184540512481524,8,3,16,61,51,20260920,761,4.301023899985012
adder,S1,4,0.005,0,8,1024,8192,0.8756103515625,0.8682871864053161,0.882581413349846,0.217529296875,0.217529296875,0.005126953125,0.1243896484375,nan,0.04833984375,nan,0.04833984375,nan,1,0.8697509765625,0.88232421875,0.009834266298138265,8,3,16,61,51,20260920,761,4.670820600003935
adder,S1,4,0.005,1,8,1024,8192,0.8740234375,0.86666213301821,0.8810341262114996,0.195556640625,0.106689453125,0.0107421875,nan,0.04443359375,0.08154296875,nan,0.08154296875,nan,1,0.8681640625,0.8798828125,0.009071299222661193,8,3,16,61,51,20260920,761,4.438187599997036
adder,S1,4,0.005,2,8,1024,8192,0.8778076171875,0.8705378868171243,0.884723184434818,0.1702880859375,0.0272216796875,0.0069580078125,nan,0.0174560546875,nan,0.0540771484375,nan,0.0540771484375,1,0.8712158203125,0.886474609375,0.01205612639944592,8,3,16,61,51,20260920,761,4.368269499973394
adder,S1,4,0.005,3,8,1024,8192,0.8775634765625,0.8702877726229058,0.8844852462405054,0.1766357421875,-0.0460205078125,0.015869140625,nan,0.0054931640625,nan,0.02197265625,nan,0.02197265625,1,0.8720703125,0.882568359375,0.008152772158831263,8,3,16,61,51,20260920,761,4.429776099976152
adder,S1,4,0.005,4,8,1024,8192,0.8758544921875,0.8685372280739191,0.8828194240697741,0.1925048828125,-0.1175537109375,0.0296630859375,nan,0.0052490234375,nan,0.0174560546875,nan,0.0174560546875,1,0.8663330078125,0.8848876953125,0.014318622424271005,8,3,16,61,51,20260920,761,4.352746399992611
adder,S1,4,0.01,0,8,1024,8192,0.7774658203125,0.7683296935952585,0.7863418459703845,0.408447265625,0.408447265625,0.0106201171875,0.2225341796875,nan,0.0943603515625,nan,0.0943603515625,nan,1,0.769775390625,0.78515625,0.012067421519758599,8,3,16,61,51,20260920,761,4.662019399984274
adder,S1,4,0.01,1,8,1024,8192,0.7672119140625,0.7579364809918094,0.7762368582555257,0.3695068359375,0.2227783203125,0.0191650390625,nan,0.0733642578125,0.159423828125,nan,0.159423828125,nan,1,0.7567108154296875,0.777587890625,0.01596943111529448,8,3,16,61,51,20260920,761,4.402281999995466
adder,S1,4,0.01,2,8,1024,8192,0.7802734375,0.7711768162290541,0.7891073258046971,0.3114013671875,0.0548095703125,0.0145263671875,nan,0.03173828125,nan,0.0965576171875,nan,0.0965576171875,1,0.776123046875,0.7850341796875,0.006905339660024878,8,3,16,61,51,20260920,761,4.38141050003469
adder,S1,4,0.01,3,8,1024,8192,0.78271484375,0.7736530629030106,0.791511603016052,0.3223876953125,-0.0977783203125,0.0264892578125,nan,0.01220703125,nan,0.04541015625,nan,0.04541015625,1,0.774169921875,0.7896728515625,0.011891857601074824,8,3,16,61,51,20260920,761,4.304521000012755
adder,S1,4,0.01,4,8,1024,8192,0.7723388671875,0.7631321231251702,0.7812903162813187,0.3619384765625,-0.2298583984375,0.051025390625,nan,0.010986328125,nan,0.033447265625,nan,0.033447265625,1,0.76513671875,0.7811279296875,0.012379501470850226,8,3,16,61,51,20260920,761,4.350750899990089
adder,S1,4,0.02,0,8,1024,8192,0.6129150390625,0.6023167872919591,0.6234074424036941,0.7694091796875,0.7694091796875,0.0262451171875,0.3870849609375,nan,0.1859130859375,nan,0.1859130859375,nan,1,0.6058349609375,0.6207275390625,0.01162463954946837,8,3,16,61,51,20260920,761,4.556479599967133
adder,S1,4,0.02,1,8,1024,8192,0.6063232421875,0.5956960269766495,0.616850788228663,0.667724609375,0.433349609375,0.039794921875,nan,0.1171875,0.2764892578125,nan,0.2764892578125,nan,1,0.59521484375,0.6175537109375,0.01730030249056349,8,3,16,61,51,20260920,761,4.33123249997152
adder,S1,4,0.02,2,8,1024,8192,0.614990234375,0.60440152081654,0.6254711541816279,0.5625,0.14013671875,0.0325927734375,nan,0.049560546875,nan,0.16162109375,nan,0.16162109375,1,0.6070556640625,0.6236572265625,0.012952936350243947,8,3,16,61,51,20260920,761,4.267954599985387
adder,S1,4,0.02,3,8,1024,8192,0.62109375,0.610534264257806,0.6315397204536406,0.5811767578125,-0.1597900390625,0.05322265625,nan,0.025390625,nan,0.0870361328125,nan,0.0870361328125,1,0.6092498779296875,0.6298828125,0.01594435087785936,8,3,16,61,51,20260920,761,4.275916600017808
adder,S1,4,0.02,4,8,1024,8192,0.60595703125,0.5953282662269384,0.6164864703955772,0.6650390625,-0.4140625,0.091552734375,nan,0.022216796875,nan,0.0665283203125,nan,0.0665283203125,1,0.60009765625,0.611083984375,0.008577246734899216,8,3,16,61,51,20260920,761,4.2701389999710955
adder,S1,4,0.03,0,8,1024,8192,0.49853515625,0.4877110533774352,0.509360632291378,1.0667724609375,1.0667724609375,0.0411376953125,0.50146484375,nan,0.2655029296875,nan,0.2655029296875,nan,1,0.4892578125,0.5103759765625,0.0166875073150733,8,3,16,61,51,20260920,761,4.488853199989535
adder,S1,4,0.03,1,8,1024,8192,0.489501953125,0.47868442288898544,0.5003293244041754,0.9111328125,0.633056640625,0.0587158203125,nan,0.1390380859375,0.3714599609375,nan,0.3714599609375,nan,1,0.485107421875,0.4940185546875,0.006900405511727806,8,3,16,61,51,20260920,761,4.30133940000087
adder,S1,4,0.03,2,8,1024,8192,0.502685546875,0.49185960831534936,0.5135089679584931,0.76904296875,0.232666015625,0.0545654296875,nan,0.06787109375,nan,0.2003173828125,nan,0.2003173828125,1,0.494873046875,0.51025390625,0.011888993128529096,8,3,16,61,51,20260920,761,4.296281400020234
adder,S1,4,0.03,3,8,1024,8192,0.5025634765625,0.4917375813525018,0.5133869687270751,0.7877197265625,-0.2015380859375,0.0758056640625,nan,0.0404052734375,nan,0.1204833984375,nan,0.1204833984375,1,0.4931640625,0.5141632080078125,0.016206545735516425,8,3,16,61,51,20260920,761,4.282170599966776
adder,S1,4,0.03,4,8,1024,8192,0.4791259765625,0.4683203574885128,0.4899511632920745,0.902099609375,-0.565185546875,0.1204833984375,nan,0.0316162109375,nan,0.0943603515625,nan,0.0943603515625,1,0.468505859375,0.487548828125,0.014568583496548743,8,3,16,61,51,20260920,761,4.2504727999912575
adder,S1,4,0.05,0,8,1024,8192,0.3499755859375,0.33971959513791156,0.36037221210970166,1.5291748046875,1.5291748046875,0.07470703125,0.6500244140625,nan,0.3880615234375,nan,0.3880615234375,nan,1,0.3426513671875,0.356689453125,0.010861220325532103,8,3,16,61,51,20260920,761,4.529480099969078
adder,S1,4,0.05,1,8,1024,8192,0.3367919921875,0.3266362845966531,0.34710069367027835,1.257080078125,0.925048828125,0.08935546875,nan,0.166015625,0.4971923828125,nan,0.4971923828125,nan,1,0.330810546875,0.3431396484375,0.009687712355013403,8,3,16,61,51,20260920,761,4.286421499971766
adder,S1,4,0.05,2,8,1024,8192,0.3692626953125,0.35887554959093276,0.3797723963506406,1.0504150390625,0.3416748046875,0.0899658203125,nan,0.0997314453125,nan,0.254638671875,nan,0.254638671875,1,0.3641357421875,0.37451171875,0.008077223605998033,8,3,16,61,51,20260920,761,4.283478599973023
adder,S1,4,0.05,3,8,1024,8192,0.3626708984375,0.35232653317280305,0.3731439982784295,1.093017578125,-0.208251953125,0.1204833984375,nan,0.0689697265625,nan,0.1732177734375,nan,0.1732177734375,1,0.3526611328125,0.3717041015625,0.014754429593116564,8,3,16,61,51,20260920,761,4.271958399971481
adder,S1,4,0.05,4,8,1024,8192,0.315185546875,0.3052135827494878,0.32533075913243764,1.267822265625,-0.8095703125,0.1500244140625,nan,0.055419921875,nan,0.138916015625,nan,0.138916015625,1,0.3050537109375,0.3253173828125,0.01584793182673969,8,3,16,61,51,20260920,761,4.237134399998467
adder,S1,6,0.0,0,8,1024,8192,1.0,0.9995312917117791,1.0,0.0,0.0,0.0,0.0,nan,0.0,nan,0.0,nan,1,1.0,1.0,0.0,8,3,22,117,95,20260920,761,0.19912569998996332
adder,S1,6,0.0,1,8,1024,8192,1.0,0.9995312917117791,1.0,0.0,0.0,0.0,nan,0.0,0.0,nan,0.0,nan,1,1.0,1.0,0.0,8,3,22,117,95,20260920,761,0.19212580000748858
adder,S1,6,0.0,2,8,1024,8192,1.0,0.9995312917117791,1.0,0.0,0.0,0.0,nan,0.0,nan,0.0,nan,0.0,1,1.0,1.0,0.0,8,3,22,117,95,20260920,761,0.190675999969244
adder,S1,6,0.0,3,8,1024,8192,1.0,0.9995312917117791,1.0,0.0,0.0,0.0,nan,0.0,nan,0.0,nan,0.0,1,1.0,1.0,0.0,8,3,22,117,95,20260920,761,0.1924085000064224
adder,S1,6,0.0,4,8,1024,8192,1.0,0.9995312917117791,1.0,0.0,0.0,0.0,nan,0.0,nan,0.0,nan,0.0,1,1.0,1.0,0.0,8,3,22,117,95,20260920,761,0.1935422999667935
adder,S1,6,0.0,5,8,1024,8192,1.0,0.9995312917117791,1.0,0.0,0.0,0.0,nan,0.0,nan,0.0,nan,0.0,1,1.0,1.0,0.0,8,3,22,117,95,20260920,761,0.1926365999970585
adder,S1,6,0.0,6,8,1024,8192,1.0,0.9995312917117791,1.0,0.0,0.0,0.0,nan,0.0,nan,0.0,nan,0.0,1,1.0,1.0,0.0,8,3,22,117,95,20260920,761,0.19193390000145882
adder,S1,6,0.001,0,8,1024,8192,0.94775390625,0.9427219236013707,0.9523661569647438,0.12890625,0.12890625,0.001953125,0.05224609375,nan,0.0262451171875,nan,0.0262451171875,nan,1,0.9439697265625,0.9515380859375,0.005836077194015594,8,3,22,117,95,20260920,761,11.329177400039043
adder,S1,6,0.001,1,8,1024,8192,0.9490966796875,0.9441229266572011,0.9536494420458348,0.1104736328125,0.0855712890625,0.004638671875,nan,0.012451171875,0.0384521484375,nan,0.0384521484375,nan,1,0.947021484375,0.9512939453125,0.003360181946012702,8,3,22,117,95,20260920,761,10.85059220000403
adder,S1,6,0.001,2,8,1024,8192,0.9481201171875,0.9431039264263626,0.9527162327225488,0.0908203125,0.053955078125,0.0013427734375,nan,0.005126953125,nan,0.0133056640625,nan,0.0133056640625,1,0.9439697265625,0.9521484375,0.0064024187388018825,8,3,22,117,95,20260920,761,10.837072000023909
adder,S1,6,0.001,3,8,1024,8192,0.95166015625,0.9468001423474659,0.9560967764351469,0.07958984375,0.02001953125,0.0050048828125,nan,0.0006103515625,nan,0.0076904296875,nan,0.0076904296875,1,0.947509765625,0.9556884765625,0.0063503385472885275,8,3,22,117,95,20260920,761,10.844077999994624
adder,S1,6,0.001,4,8,1024,8192,0.9542236328125,0.9494809528078443,0.9585405160543456,0.07275390625,-0.00634765625,0.0023193359375,nan,0.002685546875,nan,0.0040283203125,nan,0.0040283203125,1,0.951904296875,0.956298828125,0.0034796922045861934,8,3,22,117,95,20260920,761,10.823487500019837
adder,S1,6,0.001,5,8,1024,8192,0.947998046875,0.9429765848155823,0.9525995481390633,0.0791015625,-0.0302734375,0.0076904296875,nan,0.0,nan,0.0032958984375,nan,0.0032958984375,1,0.9427490234375,0.9534912109375,0.008199636535032551,8,3,22,117,95,20260920,761,10.755354099965189
adder,S1,6,0.001,6,8,1024,8192,0.953125,0.9483315761589772,0.9574936569548225,0.0867919921875,-0.0628662109375,0.011962890625,nan,0.002685546875,nan,0.0035400390625,nan,0.0035400390625,1,0.9482421875,0.9576416015625,0.007382118613461469,8,3,22,117,95,20260920,761,10.764881299983244
adder,S1,6,0.003,0,8,1024,8192,0.8526611328125,0.844820474203163,0.8601712010300718,0.3460693359375,0.3460693359375,0.003173828125,0.1473388671875,nan,0.0733642578125,nan,0.0733642578125,nan,1,0.848876953125,0.8565673828125,0.005984469613988874,8,3,22,117,95,20260920,761,11.36953970004106
adder,S1,6,0.003,1,8,1024,8192,0.8544921875,0.8466902900080688,0.8619617781391495,0.3037109375,0.23583984375,0.01123046875,nan,0.033935546875,0.111572265625,nan,0.111572265625,nan,1,0.848388671875,0.8602294921875,0.00917582793102977,8,3,22,117,95,20260920,761,10.859149999974761
adder,S1,6,0.003,2,8,1024,8192,0.855712890625,0.8479370631630488,0.8631552669268253,0.2568359375,0.145751953125,0.00341796875,nan,0.0164794921875,nan,0.0390625,nan,0.0390625,1,0.848876953125,0.8636474609375,0.011349632254345194,8,3,22,117,95,20260920,761,10.811170600005426
adder,S1,6,0.003,3,8,1024,8192,0.855224609375,0.8474383317286017,0.86267789358421,0.241943359375,0.062744140625,0.0164794921875,nan,0.002685546875,nan,0.019775390625,nan,0.019775390625,1,0.84765625,0.863037109375,0.011715843203477544,8,3,22,117,95,20260920,761,10.794025300012436
adder,S1,6,0.003,4,8,1024,8192,0.8670654296875,0.8595412194815212,0.874245546675051,0.21337890625,-0.046630859375,0.0062255859375,nan,0.009765625,nan,0.0128173828125,nan,0.0128173828125,1,0.85986328125,0.8741455078125,0.01090503467560548,8,3,22,117,95,20260920,761,10.838307099998929
adder,S1,6,0.003,5,8,1024,8192,0.8583984375,0.8506806204923284,0.8657802858713882,0.2193603515625,-0.0992431640625,0.0189208984375,nan,0.0008544921875,nan,0.011474609375,nan,0.011474609375,1,0.8514404296875,0.865966796875,0.011268315014681177,8,3,22,117,95,20260920,761,10.845126300002448
adder,S1,6,0.003,6,8,1024,8192,0.8602294921875,0.8525517539609443,0.8675695453167559,0.2625732421875,-0.2017822265625,0.0303955078125,nan,0.008544921875,nan,0.0120849609375,nan,0.0120849609375,1,0.853515625,0.8665771484375,0.010100798085149585,8,3,22,117,95,20260920,761,10.92639949999284
adder,S1,6,0.005,0,8,1024,8192,0.77197265625,0.7627609424232114,0.7809294184004809,0.5562744140625,0.5562744140625,0.0072021484375,0.22802734375,nan,0.123779296875,nan,0.123779296875,nan,1,0.7637939453125,0.7802764892578125,0.012796855240478378,8,3,22,117,95,20260920,761,11.397940499999095
adder,S1,6,0.005,1,8,1024,8192,0.76806640625,0.7588022893601005,0.7770792332470935,0.489013671875,0.386962890625,0.017333984375,nan,0.051025390625,0.180908203125,nan,0.180908203125,nan,1,0.7574462890625,0.7784423828125,0.016307633031475956,8,3,22,117,95,20260920,761,10.867392099986318
adder,S1,6,0.005,2,8,1024,8192,0.781494140625,0.7724148824634054,0.7903095215130014,0.3941650390625,0.2169189453125,0.0072021484375,nan,0.0262451171875,nan,0.0623779296875,nan,0.0623779296875,1,0.7724609375,0.7908935546875,0.014397497165490304,8,3,22,117,95,20260920,761,10.751263800018933
adder,S1,6,0.005,3,8,1024,8192,0.7728271484375,0.7636270460331696,0.7817714981503818,0.3800048828125,0.1031494140625,0.02294921875,nan,0.006103515625,nan,0.03125,nan,0.03125,1,0.7642822265625,0.7816162109375,0.013307663753527108,8,3,22,117,95,20260920,761,10.806071700004395
adder,S1,6,0.005,4,8,1024,8192,0.7896728515625,0.7807129067602201,0.7983612522319801,0.346435546875,-0.070556640625,0.0120849609375,nan,0.0157470703125,nan,0.02197265625,nan,0.02197265625,1,0.7816162109375,0.79638671875,0.011158207203065257,8,3,22,117,95,20260920,761,10.770428199961316
adder,S1,6,0.005,5,8,1024,8192,0.7808837890625,0.7717958351135565,0.7897084378915225,0.3519287109375,-0.1519775390625,0.031494140625,nan,0.0020751953125,nan,0.02001953125,nan,0.02001953125,1,0.7750213623046875,0.7860107421875,0.00865531764485928,8,3,22,117,95,20260920,761,10.842037499998696
adder,S1,6,0.005,6,8,1024,8192,0.780517578125,0.7714244203724798,0.7893477740498025,0.429443359375,-0.3349609375,0.0472412109375,nan,0.0155029296875,nan,0.020263671875,nan,0.020263671875,1,0.770263671875,0.791015625,0.015933666462749543,8,3,22,117,95,20260920,761,10.730781099991873
adder,S1,6,0.01,0,8,1024,8192,0.594970703125,0.5842983219643201,0.6055540571742941,1.070556640625,1.070556640625,0.017333984375,0.405029296875,nan,0.236328125,nan,0.236328125,nan,1,0.5845947265625,0.604736328125,0.01564025134574899,8,3,22,117,95,20260920,761,11.167701300000772
adder,S1,6,0.01,1,8,1024,8192,0.599609375,0.5889547319798162,0.6101706425408898,0.8831787109375,0.7144775390625,0.034423828125,nan,0.0843505859375,0.3160400390625,nan,0.3160400390625,nan,1,0.5909393310546875,0.6090087890625,0.014064824956616696,8,3,22,117,95,20260920,761,10.763495800027158
adder,S1,6,0.01,2,8,1024,8192,0.6207275390625,0.6101662500354263,0.6311756560932233,0.719482421875,0.453857421875,0.0189208984375,nan,0.036376953125,nan,0.096435546875,nan,0.096435546875,1,0.612060546875,0.6295166015625,0.013601315652697177,8,3,22,117,95,20260920,761,10.777997599972878
adder,S1,6,0.01,3,8,1024,8192,0.6094970703125,0.5988835477328807,0.6200079485233365,0.6798095703125,0.1739501953125,0.0404052734375,nan,0.0174560546875,nan,0.063232421875,nan,0.063232421875,1,0.5987548828125,0.621826171875,0.0177895082551573,8,3,22,117,95,20260920,761,10.725212000019383
adder,S1,6,0.01,4,8,1024,8192,0.627685546875,0.6171596104636748,0.6380917887381125,0.6209716796875,-0.1009521484375,0.0245361328125,nan,0.02587890625,nan,0.040283203125,nan,0.040283203125,1,0.6192626953125,0.6356231689453125,0.012857925754507464,8,3,22,117,95,20260920,761,10.833608700020704
adder,S1,6,0.01,5,8,1024,8192,0.6146240234375,0.6040336119898025,0.6251069844255687,0.6513671875,-0.307861328125,0.056884765625,nan,0.0076904296875,nan,0.037353515625,nan,0.037353515625,1,0.6015625,0.6279296875,0.020323882215104894,8,3,22,117,95,20260920,761,10.698221000027843
adder,S1,6,0.01,6,8,1024,8192,0.616455078125,0.6058732191257179,0.6269277702036369,0.7723388671875,-0.6068115234375,0.082763671875,nan,0.0245361328125,nan,0.0377197265625,nan,0.0377197265625,1,0.605712890625,0.6287841796875,0.017699774375382674,8,3,22,117,95,20260920,761,10.682153400033712
adder,S1,6,0.02,0,8,1024,8192,0.39111328125,0.3805991613033343,0.4017294734117763,1.76806640625,1.76806640625,0.0341796875,0.60888671875,nan,0.3983154296875,nan,0.3983154296875,nan,1,0.3848876953125,0.3973388671875,0.009765625,8,3,22,117,95,20260920,761,11.179147099959664
adder,S1,6,0.02,1,8,1024,8192,0.3905029296875,0.3799920514766634,0.40111645226711934,1.411865234375,1.17529296875,0.0472412109375,nan,0.1182861328125,0.4912109375,nan,0.4912109375,nan,1,0.3826904296875,0.39758605957031246,0.011548209177630518,8,3,22,117,95,20260920,761,10.772931000043172
adder,S1,6,0.02,2,8,1024,8192,0.4207763671875,0.41012534494234004,0.4315016549793043,1.161376953125,0.739990234375,0.034912109375,nan,0.0618896484375,nan,0.1488037109375,nan,0.1488037109375,1,0.410400390625,0.431396484375,0.016286211015779217,8,3,22,117,95,20260920,761,10.759342900011688
adder,S1,6,0.02,3,8,1024,8192,0.4090576171875,0.3984558812591644,0.4197446040129852,1.114013671875,0.305908203125,0.069580078125,nan,0.038330078125,nan,0.110595703125,nan,0.110595703125,1,0.3968505859375,0.421142578125,0.018744168055775823,8,3,22,117,95,20260920,761,10.754428500018548
adder,S1,6,0.02,4,8,1024,8192,0.4285888671875,0.4179084224102929,0.43933625394434805,1.021728515625,-0.1787109375,0.047607421875,nan,0.046875,nan,0.0794677734375,nan,0.0794677734375,1,0.4190643310546875,0.4356689453125,0.012949649053195794,8,3,22,117,95,20260920,761,10.71687440003734
adder,S1,6,0.02,5,8,1024,8192,0.4207763671875,0.41012534494234004,0.4315016549793043,1.076416015625,-0.572265625,0.0809326171875,nan,0.0274658203125,nan,0.07470703125,nan,0.07470703125,1,0.4072265625,0.4344482421875,0.021257665838233443,8,3,22,117,95,20260920,761,10.766100899956655
adder,S1,6,0.02,6,8,1024,8192,0.4114990234375,0.40088650667970266,0.4221945024777583,1.2811279296875,-1.0526123046875,0.1142578125,nan,0.0391845703125,nan,0.069580078125,nan,0.069580078125,1,0.3992919921875,0.4234619140625,0.018543211177139057,8,3,22,117,95,20260920,761,10.766517999989446
adder,S1,6,0.03,0,8,1024,8192,0.2713623046875,0.2618420738483822,0.28109686429220326,2.293212890625,2.293212890625,0.0560302734375,0.7286376953125,nan,0.52392578125,nan,0.52392578125,nan,1,0.2635498046875,0.2794189453125,0.012335402026781236,8,3,22,117,95,20260920,761,11.187444099981803
adder,S1,6,0.03,1,8,1024,8192,0.2662353515625,0.2567753795169732,0.2759144584644582,1.837646484375,1.585205078125,0.05859375,nan,0.126220703125,0.6075439453125,nan,0.6075439453125,nan,1,0.255126953125,0.27844543457031246,0.01790782004572608,8,3,22,117,95,20260920,761,10.767958500015084
adder,S1,6,0.03,2,8,1024,8192,0.2989501953125,0.28913280538656105,0.3089560526580434,1.5048828125,0.986328125,0.056396484375,nan,0.0789794921875,nan,0.1802978515625,nan,0.1802978515625,1,0.283447265625,0.3134765625,0.023457473237070932,8,3,22,117,95,20260920,761,10.99361389997648
adder,S1,6,0.03,3,8,1024,8192,0.2886962890625,0.2789841411914204,0.2986065165348761,1.396240234375,0.406494140625,0.0843505859375,nan,0.0556640625,nan,0.139892578125,nan,0.139892578125,1,0.277587890625,0.2998046875,0.01701043813476774,8,3,22,117,95,20260920,761,10.723661400028504
adder,S1,6,0.03,4,8,1024,8192,0.3157958984375,0.30581840442356645,0.3259460684296869,1.289794921875,-0.20556640625,0.07568359375,nan,0.0550537109375,nan,0.1060791015625,nan,0.1060791015625,1,0.308349609375,0.32373046875,0.01184522409248848,8,3,22,117,95,20260920,761,10.725339099997655
adder,S1,6,0.03,5,8,1024,8192,0.3033447265625,0.29348405803776295,0.31338974300040207,1.389404296875,-0.794921875,0.096435546875,nan,0.041748046875,nan,0.1048583984375,nan,0.1048583984375,1,0.299072265625,0.3079833984375,0.006844651254334076,8,3,22,117,95,20260920,761,10.748880200029816
adder,S1,6,0.03,6,8,1024,8192,0.2890625,0.2793464893668312,0.29897624694226205,1.6885986328125,-1.4344482421875,0.1270751953125,nan,0.0560302734375,nan,0.1080322265625,nan,0.1080322265625,1,0.2834442138671875,0.29443359375,0.008433081060104583,8,3,22,117,95,20260920,761,10.792706399981398
adder,S1,6,0.05,0,8,1024,8192,0.16748046875,0.15955074092373783,0.1757219058968466,2.8958740234375,2.8958740234375,0.0811767578125,0.83251953125,nan,0.663330078125,nan,0.663330078125,nan,1,0.162353515625,0.173095703125,0.00836821024244912,8,3,22,117,95,20260920,761,11.277124500018544
adder,S1,6,0.05,1,8,1024,8192,0.15966796875,0.1518956529832068,0.16775931740438108,2.2890625,2.047119140625,0.07958984375,nan,0.1209716796875,0.7193603515625,nan,0.7193603515625,nan,1,0.1514892578125,0.1678466796875,0.012516991102766713,8,3,22,117,95,20260920,761,10.879756999958772
adder,S1,6,0.05,2,8,1024,8192,0.2039794921875,0.1953933161370303,0.2128431627689599,1.8616943359375,1.2694091796875,0.087646484375,nan,0.0931396484375,nan,0.2030029296875,nan,0.2030029296875,1,0.1875,0.221435546875,0.02639784871951397,8,3,22,117,95,20260920,761,10.860531799960881
adder,S1,6,0.05,3,8,1024,8192,0.1845703125,0.17631789613086524,0.19311841788689915,1.6983642578125,0.4830322265625,0.101806640625,nan,0.0859375,nan,0.1856689453125,nan,0.1856689453125,1,0.1793212890625,0.190185546875,0.008449220942927858,8,3,22,117,95,20260920,761,10.716888699971605
adder,S1,6,0.05,4,8,1024,8192,0.2088623046875,0.20019720461741194,0.2178003220592011,1.5755615234375,-0.2987060546875,0.0889892578125,nan,0.0682373046875,nan,0.1529541015625,nan,0.1529541015625,1,0.1995849609375,0.2191162109375,0.015051536128980528,8,3,22,117,95,20260920,761,10.773800499970093
adder,S1,6,0.05,5,8,1024,8192,0.212646484375,0.20392154118593322,0.22164079751291252,1.70166015625,-1.033447265625,0.107421875,nan,0.064453125,nan,0.140869140625,nan,0.140869140625,1,0.200439453125,0.2237548828125,0.017799557068336337,8,3,22,117,95,20260920,761,10.937574300041888
adder,S1,6,0.05,6,8,1024,8192,0.1827392578125,0.1745200669641574,0.19125585413962343,2.1383056640625,-1.8695068359375,0.1343994140625,nan,0.073486328125,nan,0.1513671875,nan,0.1513671875,1,0.1744384765625,0.18994140625,0.01191975013353988,8,3,22,117,95,20260920,761,10.79336399998283
adder,S2,2,0.0,0,8,1024,8192,0.9501953125,0.9452698816867965,0.9546987227646296,0.068115234375,0.068115234375,0.0006103515625,0.0498046875,nan,0.0177001953125,nan,0.0498046875,nan,0,0.94775390625,0.95263671875,0.0038358613518045537,8,2,8,25,18,20260920,761,1.1652465999941342
adder,S2,2,0.0,1,8,1024,8192,0.94287109375,0.9376345849623511,0.9476924478331408,0.07275390625,0.01806640625,0.015625,nan,0.02734375,0.02978515625,nan,nan,0.02734375,0,0.9365234375,0.947998046875,0.008965551904609168,8,2,8,25,18,20260920,761,1.0773099000216462
adder,S2,2,0.0,2,8,1024,8192,0.9461669921875,0.9410673285563864,0.9508484114842757,0.069091796875,-0.038818359375,0.01513671875,nan,0.0152587890625,nan,0.0386962890625,nan,0.0152587890625,0,0.939697265625,0.95166015625,0.00941672350275158,8,2,8,25,18,20260920,761,1.0608858999912627
adder,S2,2,0.001,0,8,1024,8192,0.94140625,0.9361104499335051,0.9462882685307998,0.080322265625,0.080322265625,0.0010986328125,0.05859375,nan,0.0206298828125,nan,0.05859375,nan,0,0.93994140625,0.94287109375,0.002214635584038441,8,2,8,25,18,20260920,761,2.408633000042755
adder,S2,2,0.001,1,8,1024,8192,0.9371337890625,0.9316700527713804,0.9421877488936297,0.0799560546875,0.0238037109375,0.01708984375,nan,0.028076171875,0.0347900390625,nan,nan,0.028076171875,0,0.932861328125,0.9404296875,0.005995841538000664,8,2,8,25,18,20260920,761,1.5910722999833524
adder,S2,2,0.001,2,8,1024,8192,0.9375,0.9320503785773362,0.9425395016704705,0.07958984375,-0.045654296875,0.0169677734375,nan,0.01708984375,nan,0.0455322265625,nan,0.01708984375,0,0.9324951171875,0.942138671875,0.007564420598061361,8,2,8,25,18,20260920,761,1.5001260999706574
adder,S2,2,0.003,0,8,1024,8192,0.9267578125,0.9209137745440952,0.9322018006083412,0.101318359375,0.101318359375,0.00390625,0.0732421875,nan,0.024169921875,nan,0.0732421875,nan,0,0.9234619140625,0.929443359375,0.004610131596500643,8,2,8,25,18,20260920,761,2.5275648000533693
adder,S2,2,0.003,1,8,1024,8192,0.92236328125,0.9163685028814661,0.9279621292774098,0.097900390625,0.024658203125,0.020263671875,nan,0.03662109375,0.041015625,nan,nan,0.03662109375,0,0.9178466796875,0.9266357421875,0.006805977074581734,8,2,8,25,18,20260920,761,1.6437819999991916
adder,S2,2,0.003,2,8,1024,8192,0.9207763671875,0.9147285153898005,0.926429776243623,0.099609375,-0.061767578125,0.0189208984375,nan,0.0203857421875,nan,0.060302734375,nan,0.0203857421875,0,0.914306640625,0.926513671875,0.00941672350275158,8,2,8,25,18,20260920,761,1.5898561999783851
adder,S2,2,0.005,0,8,1024,8192,0.910400390625,0.9040217373170039,0.916394327803846,0.1236572265625,0.1236572265625,0.006103515625,0.089599609375,nan,0.0279541015625,nan,0.089599609375,nan,0,0.9051513671875,0.9161376953125,0.008589151316249257,8,2,8,25,18,20260920,761,2.7286082000355236
adder,S2,2,0.005,1,8,1024,8192,0.905517578125,0.8989921558469355,0.9116628615032915,0.1153564453125,0.0279541015625,0.0208740234375,nan,0.043701171875,0.05078125,nan,nan,0.043701171875,0,0.8985595703125,0.91162109375,0.009996571634343906,8,2,8,25,18,20260920,761,1.5988382999785244
adder,S2,2,0.005,2,8,1024,8192,0.9090576171875,0.9026380679578102,0.9150937090261183,0.1131591796875,-0.0711669921875,0.02099609375,nan,0.022216796875,nan,0.0699462890625,nan,0.022216796875,0,0.9027099609375,0.9161376953125,0.010367048252963952,8,2,8,25,18,20260920,761,1.6245332999969833
adder,S2,2,0.01,0,8,1024,8192,0.8790283203125,0.8717885958225279,0.8859127373720702,0.1712646484375,0.1712646484375,0.0128173828125,0.1209716796875,nan,0.0374755859375,nan,0.1209716796875,nan,0,0.87353515625,0.88427734375,0.008260678139146244,8,2,8,25,18,20260920,761,2.880547699984163
adder,S2,2,0.01,1,8,1024,8192,0.8741455078125,0.8667871238208855,0.8811531616030897,0.1514892578125,0.0386962890625,0.025634765625,nan,0.056396484375,0.0694580078125,nan,nan,0.056396484375,0,0.8673095703125,0.8800048828125,0.009923905635759168,8,2,8,25,18,20260920,761,1.653740799985826
adder,S2,2,0.01,2,8,1024,8192,0.8712158203125,0.8637879475164596,0.878295709245142,0.1561279296875,-0.1016845703125,0.0272216796875,nan,0.02734375,nan,0.1015625,nan,0.02734375,0,0.86572265625,0.876953125,0.008631674575031098,8,2,8,25,18,20260920,761,1.5669104999979027
adder,S2,2,0.02,0,8,1024,8192,0.8077392578125,0.7990621646031714,0.8161278711403334,0.2691650390625,0.2691650390625,0.0189208984375,0.1922607421875,nan,0.0579833984375,nan,0.1922607421875,nan,0,0.801025390625,0.813720703125,0.00977172660946753,8,2,8,25,18,20260920,761,2.750216700020246
adder,S2,2,0.02,1,8,1024,8192,0.8050537109375,0.7963328180302797,0.8134886414393824,0.228271484375,0.04541015625,0.0333251953125,nan,0.0914306640625,0.103515625,nan,nan,0.0914306640625,0,0.7960205078125,0.8155517578125,0.015110256426902906,8,2,8,25,18,20260920,761,1.6698445999645628
adder,S2,2,0.02,2,8,1024,8192,0.811767578125,0.8031573826221592,0.8200855175321093,0.2255859375,-0.14404296875,0.040771484375,nan,0.037353515625,nan,0.1474609375,nan,0.037353515625,0,0.8035888671875,0.8211669921875,0.013367037635097534,8,2,8,25,18,20260920,761,1.6067351999809034
adder,S2,2,0.03,0,8,1024,8192,0.7491455078125,0.7396427655352023,0.7584146969608283,0.3575439453125,0.3575439453125,0.0284423828125,0.2508544921875,nan,0.0782470703125,nan,0.2508544921875,nan,0,0.7376708984375,0.7613525390625,0.01845114362467877,8,2,8,25,18,20260920,761,2.7527530000079423
adder,S2,2,0.03,1,8,1024,8192,0.7503662109375,0.7408781264502811,0.7596195979884053,0.29296875,0.0634765625,0.0433349609375,nan,0.11474609375,0.1348876953125,nan,nan,0.11474609375,0,0.741455078125,0.758544921875,0.013338341340109998,8,2,8,25,18,20260920,761,1.6362748999963515
adder,S2,2,0.03,2,8,1024,8192,0.74658203125,0.7370488290610484,0.755884083355405,0.3070068359375,-0.2005615234375,0.05322265625,nan,0.0535888671875,nan,0.2001953125,nan,0.0535888671875,0,0.738525390625,0.7540283203125,0.01179984958358845,8,2,8,25,18,20260920,761,1.5620842999778688
adder,S2,2,0.05,0,8,1024,8192,0.6552734375,0.6449107671013318,0.6654905520044746,0.517578125,0.517578125,0.05322265625,0.3447265625,nan,0.11962890625,nan,0.3447265625,nan,0,0.644287109375,0.6650390625,0.016029569821971373,8,2,8,25,18,20260920,761,2.820054000010714
adder,S2,2,0.05,1,8,1024,8192,0.651123046875,0.640733413580422,0.661371014920355,0.4085693359375,0.0941162109375,0.0596923828125,nan,0.1572265625,0.191650390625,nan,nan,0.1572265625,0,0.6470947265625,0.6552734375,0.006472522717445338,8,2,8,25,18,20260920,761,1.702178300009109
adder,S2,2,0.05,2,8,1024,8192,0.6533203125,0.6429448460113368,0.6635520539862204,0.4228515625,-0.27197265625,0.075439453125,nan,0.076171875,nan,0.271240234375,nan,0.076171875,0,0.647216796875,0.6588165283203125,0.008858542336153763,8,2,8,25,18,20260920,761,1.6545218999963254
adder,S2,4,0.0,0,8,1024,8192,0.8873291015625,0.8802997388277676,0.8939953755768895,0.2115478515625,0.2115478515625,0.0018310546875,0.1126708984375,nan,0.0552978515625,nan,0.0552978515625,nan,1,0.8828125,0.89306640625,0.007846214571608712,8,3,16,61,51,20260920,761,4.805588999995962
adder,S2,4,0.0,1,8,1024,8192,0.8677978515625,0.8602904664353836,0.8749604568867819,0.21923828125,0.122802734375,0.0177001953125,nan,0.0482177734375,0.083984375,nan,0.083984375,nan,1,0.8626708984375,0.87353515625,0.00846432413249986,8,3,16,61,51,20260920,761,4.3274951000348665
adder,S2,4,0.0,2,8,1024,8192,0.86279296875,0.8551720728096306,0.8700737765476465,0.2353515625,0.049072265625,0.0196533203125,nan,0.0289306640625,nan,0.064208984375,nan,0.064208984375,1,0.8511962890625,0.8746368408203125,0.018180106441624443,8,3,16,61,51,20260920,761,4.36089599999832
adder,S2,4,0.0,3,8,1024,8192,0.8592529296875,0.8515537624620139,0.8666153272615617,0.241943359375,-0.04150390625,0.024169921875,nan,0.005615234375,nan,0.03759765625,nan,0.03759765625,1,0.851318359375,0.8663330078125,0.011489070603392135,8,3,16,61,51,20260920,761,4.334198500029743
adder,S2,4,0.0,4,8,1024,8192,0.848388671875,0.8404591430443211,0.8559916153896188,0.2672119140625,-0.1427001953125,0.0462646484375,nan,0.0164794921875,nan,0.0279541015625,nan,0.0279541015625,1,0.8394775390625,0.8580322265625,0.014435298338959455,8,3,16,61,51,20260920,761,4.304410599987023
adder,S2,4,0.001,0,8,1024,8192,0.870361328125,0.8629134219120853,0.8774620514896572,0.244384765625,0.244384765625,0.0035400390625,0.129638671875,nan,0.06201171875,nan,0.06201171875,nan,1,0.8646240234375,0.8773193359375,0.009845515847495875,8,3,16,61,51,20260920,761,12.272735700011253
adder,S2,4,0.001,1,8,1024,8192,0.8447265625,0.8367225649967612,0.8524074076092115,0.2540283203125,0.1422119140625,0.0189208984375,nan,0.055908203125,0.099365234375,nan,0.099365234375,nan,1,0.8392333984375,0.8507080078125,0.008919847858898315,8,3,16,61,51,20260920,761,6.5573346999590285
adder,S2,4,0.001,2,8,1024,8192,0.841552734375,0.8334854337399398,0.8492998578151281,0.264404296875,0.051513671875,0.020751953125,nan,0.0328369140625,nan,0.0736083984375,nan,0.0736083984375,1,0.8277587890625,0.85595703125,0.021546114111545885,8,3,16,61,51,20260920,761,6.715327900019474
adder,S2,4,0.001,3,8,1024,8192,0.837158203125,0.8290050930427157,0.8449952555187914,0.2750244140625,-0.0499267578125,0.02734375,nan,0.0068359375,nan,0.04248046875,nan,0.04248046875,1,0.829345703125,0.844970703125,0.012037041850044427,8,3,16,61,51,20260920,761,6.364197399991099
adder,S2,4,0.001,4,8,1024,8192,0.830322265625,0.8220397739283578,0.8382951077542775,0.2967529296875,-0.1600341796875,0.0498046875,nan,0.016845703125,nan,0.0306396484375,nan,0.0306396484375,1,0.822509765625,0.83837890625,0.012216792971871879,8,3,16,61,51,20260920,761,6.498933399969246
adder,S2,4,0.003,0,8,1024,8192,0.82763671875,0.8193047189122445,0.8356615864965481,0.3231201171875,0.3231201171875,0.0057373046875,0.17236328125,nan,0.0811767578125,nan,0.0811767578125,nan,1,0.8211669921875,0.8349609375,0.010748526944340525,8,3,16,61,51,20260920,761,11.560704100003932
adder,S2,4,0.003,1,8,1024,8192,0.7998046875,0.7909999885172924,0.8083283445989501,0.3280029296875,0.1854248046875,0.0235595703125,nan,0.0712890625,0.12890625,nan,0.12890625,nan,1,0.791259765625,0.8089599609375,0.01384024199245079,8,3,16,61,51,20260920,761,6.659359499986749
adder,S2,4,0.003,2,8,1024,8192,0.81103515625,0.802412689301765,0.81936605368691,0.3037109375,0.046875,0.0205078125,nan,0.038818359375,nan,0.089599609375,nan,0.089599609375,1,0.796630859375,0.82470703125,0.021642327244165004,8,3,16,61,51,20260920,761,6.875416499970015
adder,S2,4,0.003,3,8,1024,8192,0.800048828125,0.7912479749942838,0.8085684105104898,0.3299560546875,-0.0635986328125,0.0321044921875,nan,0.0087890625,nan,0.0489501953125,nan,0.0489501953125,1,0.7918701171875,0.8070068359375,0.011610713870534677,8,3,16,61,51,20260920,761,6.727074199996423
adder,S2,4,0.003,4,8,1024,8192,0.7918701171875,0.7829431282334477,0.8005235022555327,0.35400390625,-0.184814453125,0.0611572265625,nan,0.016357421875,nan,0.0338134765625,nan,0.0338134765625,1,0.7841796875,0.7999267578125,0.012168605816632304,8,3,16,61,51,20260920,761,6.775167700019665
adder,S2,4,0.005,0,8,1024,8192,0.7840576171875,0.7750151941221973,0.7928337599337866,0.413818359375,0.413818359375,0.0098876953125,0.2159423828125,nan,0.1016845703125,nan,0.1016845703125,nan,1,0.77783203125,0.7904052734375,0.00975777446726761,8,3,16,61,51,20260920,761,11.806855700036976
adder,S2,4,0.005,1,8,1024,8192,0.7677001953125,0.7584312222114028,0.7767182218129945,0.3863525390625,0.2303466796875,0.0264892578125,nan,0.0780029296875,0.154296875,nan,0.154296875,nan,1,0.76171875,0.7750244140625,0.010523565460084134,8,3,16,61,51,20260920,761,6.7496379999793135
adder,S2,4,0.005,2,8,1024,8192,0.7698974609375,0.7606577701261688,0.7788841453950088,0.3609619140625,0.0697021484375,0.024658203125,nan,0.0406494140625,nan,0.10498046875,nan,0.10498046875,1,0.756591796875,0.7855224609375,0.022548339626989877,8,3,16,61,51,20260920,761,6.764065600000322
adder,S2,4,0.005,3,8,1024,8192,0.7623291015625,0.7529900023307055,0.7714222891460067,0.389892578125,-0.071533203125,0.040283203125,nan,0.0111083984375,nan,0.05712890625,nan,0.05712890625,1,0.755615234375,0.7681884765625,0.009708784076168007,8,3,16,61,51,20260920,761,6.612450399959926
adder,S2,4,0.005,4,8,1024,8192,0.7474365234375,0.7379134263491351,0.7567276694271774,0.4278564453125,-0.2376708984375,0.06884765625,nan,0.0181884765625,nan,0.0408935546875,nan,0.0408935546875,1,0.7413330078125,0.7528076171875,0.00879584156965421,8,3,16,61,51,20260920,761,6.497602100018412
adder,S2,4,0.01,0,8,1024,8192,0.7030029296875,0.6930148250554642,0.7128007360081805,0.584716796875,0.584716796875,0.0164794921875,0.2969970703125,nan,0.1427001953125,nan,0.1427001953125,nan,1,0.6956787109375,0.7098388671875,0.011127640902107114,8,3,16,61,51,20260920,761,12.023404600040521
adder,S2,4,0.01,1,8,1024,8192,0.6719970703125,0.6617519185812463,0.6820809891389433,0.5499267578125,0.3431396484375,0.0357666015625,nan,0.1033935546875,0.224609375,nan,0.224609375,nan,1,0.6632080078125,0.681396484375,0.014290049440099508,8,3,16,61,51,20260920,761,7.036512500024401
adder,S2,4,0.01,2,8,1024,8192,0.6854248046875,0.6752845702599518,0.6953912188294505,0.493896484375,0.11181640625,0.033203125,nan,0.0521240234375,nan,0.138916015625,nan,0.138916015625,1,0.6727294921875,0.6978759765625,0.01945042918134862,8,3,16,61,51,20260920,761,6.932787599973381
adder,S2,4,0.01,3,8,1024,8192,0.6761474609375,0.6659337175195602,0.6861960808056587,0.524658203125,-0.125732421875,0.05029296875,nan,0.0216064453125,nan,0.0804443359375,nan,0.0804443359375,1,0.6663818359375,0.685546875,0.014745192919799923,8,3,16,61,51,20260920,761,6.785487599961925
adder,S2,4,0.01,4,8,1024,8192,0.650390625,0.639996323094491,0.6606439482406925,0.5941162109375,-0.3370361328125,0.0933837890625,nan,0.0234375,nan,0.05712890625,nan,0.05712890625,1,0.6412353515625,0.6600372314453125,0.014352478961620185,8,3,16,61,51,20260920,761,6.807267999975011
adder,S2,4,0.02,0,8,1024,8192,0.5614013671875,0.5506296455180878,0.5721155301974944,0.92041015625,0.92041015625,0.03564453125,0.4385986328125,nan,0.2259521484375,nan,0.2259521484375,nan,1,0.5528564453125,0.571044921875,0.014117397147859765,8,3,16,61,51,20260920,761,11.307652099989355
adder,S2,4,0.02,1,8,1024,8192,0.53564453125,0.5248305171979532,0.5464251315275935,0.8192138671875,0.5501708984375,0.0552978515625,nan,0.134521484375,0.329833984375,nan,0.329833984375,nan,1,0.5244140625,0.5479736328125,0.018447912938025623,8,3,16,61,51,20260920,761,7.273356099962257
adder,S2,4,0.02,2,8,1024,8192,0.5469970703125,0.5361981082425933,0.5577519765496515,0.7138671875,0.1796875,0.05126953125,nan,0.07080078125,nan,0.1962890625,nan,0.1962890625,1,0.5360107421875,0.5579833984375,0.01716590614768192,8,3,16,61,51,20260920,761,4.285940000030678
adder,S2,4,0.02,3,8,1024,8192,0.546630859375,0.5358313237122904,0.5573866824971577,0.7503662109375,-0.1737060546875,0.075439453125,nan,0.03515625,nan,0.11962890625,nan,0.11962890625,1,0.5416229248046875,0.551025390625,0.0073404767472523965,8,3,16,61,51,20260920,761,4.2419107999885455
adder,S2,4,0.02,4,8,1024,8192,0.5206298828125,0.5098045910558964,0.5314358357749851,0.844482421875,-0.4951171875,0.12109375,nan,0.0345458984375,nan,0.0897216796875,nan,0.0897216796875,1,0.5150146484375,0.5264892578125,0.008772577235583789,8,3,16,61,51,20260920,761,4.224211799970362
adder,S2,4,0.03,0,8,1024,8192,0.460693359375,0.4499204319483633,0.4715031334981228,1.19189453125,1.19189453125,0.050537109375,0.539306640625,nan,0.2984619140625,nan,0.2984619140625,nan,1,0.4520263671875,0.473876953125,0.017868310978209626,8,3,16,61,51,20260920,761,6.100847200024873
adder,S2,4,0.03,1,8,1024,8192,0.4407958984375,0.43007492886702203,0.451572366914176,1.0155029296875,0.7091064453125,0.0699462890625,nan,0.1531982421875,0.406005859375,nan,0.406005859375,nan,1,0.4327392578125,0.447998046875,0.011787575744006448,8,3,16,61,51,20260920,761,4.174445099954028
adder,S2,4,0.03,2,8,1024,8192,0.450927734375,0.4401781349587794,0.46172333494646106,0.899169921875,0.2705078125,0.0731201171875,nan,0.08740234375,nan,0.2269287109375,nan,0.2269287109375,1,0.4459228515625,0.456298828125,0.00811613500541115,8,3,16,61,51,20260920,761,4.1978227000217885
adder,S2,4,0.03,3,8,1024,8192,0.4473876953125,0.43664758528097325,0.4581771249905656,0.921630859375,-0.21142578125,0.0948486328125,nan,0.049560546875,nan,0.1485595703125,nan,0.1485595703125,1,0.4366455078125,0.459716796875,0.01758926280948954,8,3,16,61,51,20260920,761,4.1463071999605745
adder,S2,4,0.03,4,8,1024,8192,0.4150390625,0.4044113939570108,0.42574637483415173,1.0538330078125,-0.6348876953125,0.14208984375,nan,0.043212890625,nan,0.11474609375,nan,0.11474609375,1,0.406982421875,0.422607421875,0.01208504901099761,8,3,16,61,51,20260920,761,4.190622800029814
adder,S2,4,0.05,0,8,1024,8192,0.332763671875,0.3226403713901856,0.34304374246598207,1.6383056640625,1.6383056640625,0.08642578125,0.667236328125,nan,0.416015625,nan,0.416015625,nan,1,0.325439453125,0.3399658203125,0.011192494512813659,8,3,16,61,51,20260920,761,6.149784799956251
adder,S2,4,0.05,1,8,1024,8192,0.3101806640625,0.3002548058962414,0.3202844620207957,1.3387451171875,0.9949951171875,0.1002197265625,nan,0.171875,0.5179443359375,nan,0.5179443359375,nan,1,0.3033447265625,0.31689453125,0.01036047538924855,8,3,16,61,51,20260920,761,4.213612899999134
adder,S2,4,0.05,2,8,1024,8192,0.3388671875,0.3286951103305615,0.3491903132388848,1.145751953125,0.373046875,0.1046142578125,nan,0.115966796875,nan,0.2703857421875,nan,0.2703857421875,1,0.33349609375,0.3447265625,0.008719029013392714,8,3,16,61,51,20260920,761,4.251230099995155
adder,S2,4,0.05,3,8,1024,8192,0.334228515625,0.3240933340581056,0.34451909412924897,1.1748046875,-0.198486328125,0.1356201171875,nan,0.0755615234375,nan,0.1890869140625,nan,0.1890869140625,1,0.3314208984375,0.3367919921875,0.004134974981941666,8,3,16,61,51,20260920,761,4.089514199993573
adder,S2,4,0.05,4,8,1024,8192,0.2838134765625,0.2741535805840483,0.29367602937162535,1.355224609375,-0.838623046875,0.1640625,nan,0.0635986328125,nan,0.1531982421875,nan,0.1531982421875,1,0.272216796875,0.294921875,0.017367110653818723,8,3,16,61,51,20260920,761,4.138217900006566
adder,S2,6,0.0,0,8,1024,8192,0.8402099609375,0.8321162165222032,0.8479847868959433,0.3848876953125,0.3848876953125,0.0008544921875,0.1597900390625,nan,0.09326171875,nan,0.09326171875,nan,1,0.8349609375,0.8458251953125,0.008544423614299556,8,3,22,117,95,20260920,761,7.189695900015067
adder,S2,6,0.0,1,8,1024,8192,0.7877197265625,0.7787308116419144,0.7964389282420367,0.42626953125,0.286865234375,0.0072021484375,nan,0.0697021484375,0.142578125,nan,0.142578125,nan,1,0.7724609375,0.8065185546875,0.026723562522644993,8,3,22,117,95,20260920,761,7.0104521999601275
adder,S2,6,0.0,2,8,1024,8192,0.7867431640625,0.7777398774117413,0.795477652918085,0.4036865234375,0.1807861328125,0.005126953125,nan,0.03662109375,nan,0.0748291015625,nan,0.0748291015625,1,0.773681640625,0.799560546875,0.019999530650489917,8,3,22,117,95,20260920,761,7.018365499970969
adder,S2,6,0.0,3,8,1024,8192,0.7703857421875,0.7611526059845518,0.779365414313688,0.4345703125,0.053466796875,0.038818359375,nan,0.007080078125,nan,0.053955078125,nan,0.053955078125,1,0.7607421875,0.7794189453125,0.014290049440099508,8,3,22,117,95,20260920,761,6.901792299991939
adder,S2,6,0.0,4,8,1024,8192,0.7686767578125,0.7594207560531728,0.777680897525349,0.4080810546875,-0.1180419921875,0.0087890625,nan,0.0264892578125,nan,0.0321044921875,nan,0.0321044921875,1,0.7628173828125,0.7744140625,0.008819044533430543,8,3,22,117,95,20260920,761,6.923658600018825
adder,S2,6,0.0,5,8,1024,8192,0.768310546875,0.7590496728175875,0.7773199021781376,0.4169921875,-0.22021484375,0.0360107421875,nan,0.0029296875,nan,0.0340576171875,nan,0.0340576171875,1,0.7593994140625,0.7772216796875,0.013599437407068848,8,3,22,117,95,20260920,761,7.000880900013726
adder,S2,6,0.0,6,8,1024,8192,0.7655029296875,0.7562050210161223,0.7745519515114948,0.46435546875,-0.361572265625,0.0513916015625,nan,0.0091552734375,nan,0.0135498046875,nan,0.0135498046875,1,0.752685546875,0.7769775390625,0.018642133430418897,8,3,22,117,95,20260920,761,7.006451900000684
adder,S2,6,0.001,0,8,1024,8192,0.7967529296875,0.7879005798228824,0.8053270984367209,0.50341796875,0.50341796875,0.002685546875,0.2032470703125,nan,0.117431640625,nan,0.117431640625,nan,1,0.7899169921875,0.804931640625,0.011477206321819491,8,3,22,117,95,20260920,761,12.755253799958155
adder,S2,6,0.001,1,8,1024,8192,0.7484130859375,0.7389015965031248,0.7576917088273122,0.5166015625,0.364013671875,0.011474609375,nan,0.0762939453125,0.17529296875,nan,0.17529296875,nan,1,0.732666015625,0.7650146484375,0.025223401402913913,8,3,22,117,95,20260920,761,9.265044400002807
adder,S2,6,0.001,2,8,1024,8192,0.7528076171875,0.7433491470088126,0.7620291013151851,0.4774169921875,0.2362060546875,0.0079345703125,nan,0.0389404296875,nan,0.0816650390625,nan,0.0816650390625,1,0.7391326904296875,0.7669677734375,0.021895403007885478,8,3,22,117,95,20260920,761,8.98927120002918
adder,S2,6,0.001,3,8,1024,8192,0.7449951171875,0.735443275577861,0.7543172963131402,0.4716796875,0.0634765625,0.037353515625,nan,0.0091552734375,nan,0.0577392578125,nan,0.0577392578125,1,0.73681640625,0.7528076171875,0.012224457427679886,8,3,22,117,95,20260920,761,8.932615199999418
adder,S2,6,0.001,4,8,1024,8192,0.73583984375,0.7261836484320807,0.7452749588890026,0.4678955078125,-0.1229248046875,0.0123291015625,nan,0.0316162109375,nan,0.0369873046875,nan,0.0369873046875,1,0.7298583984375,0.74169921875,0.009131176435241948,8,3,22,117,95,20260920,761,8.869524800044019
adder,S2,6,0.001,5,8,1024,8192,0.734375,0.7247026037054336,0.7438276892844629,0.481689453125,-0.2626953125,0.03857421875,nan,0.004638671875,nan,0.03955078125,nan,0.03955078125,1,0.7252197265625,0.74365234375,0.01431445908301413,8,3,22,117,95,20260920,761,9.039883800025564
adder,S2,6,0.001,6,8,1024,8192,0.7352294921875,0.7255665300456736,0.7446719463040817,0.5341796875,-0.417236328125,0.0584716796875,nan,0.011474609375,nan,0.017333984375,nan,0.017333984375,1,0.7265625,0.744384765625,0.013696142962798247,8,3,22,117,95,20260920,761,8.837939999997616
adder,S2,6,0.003,0,8,1024,8192,0.7186279296875,0.7087897405810638,0.7282611733485739,0.707275390625,0.707275390625,0.004638671875,0.2813720703125,nan,0.1611328125,nan,0.1611328125,nan,1,0.7127685546875,0.7237579345703125,0.008552392302078871,8,3,22,117,95,20260920,761,13.016011500032619
adder,S2,6,0.003,1,8,1024,8192,0.67626953125,0.6660567253282135,0.686317099191271,0.6768798828125,0.4967041015625,0.0189208984375,nan,0.090087890625,0.233642578125,nan,0.233642578125,nan,1,0.6610076904296875,0.6953125,0.02696747644578177,8,3,22,117,95,20260920,761,9.12673249997897
adder,S2,6,0.003,2,8,1024,8192,0.688232421875,0.6781153451900499,0.6981730463674607,0.59765625,0.30908203125,0.0107421875,nan,0.045166015625,nan,0.09912109375,nan,0.09912109375,1,0.676025390625,0.7015380859375,0.020039086975235678,8,3,22,117,95,20260920,761,9.420891999965534
adder,S2,6,0.003,3,8,1024,8192,0.676025390625,0.6658107104975568,0.6860750616333966,0.5927734375,0.09814453125,0.0428466796875,nan,0.012451171875,nan,0.0672607421875,nan,0.0672607421875,1,0.66552734375,0.68603515625,0.016078366190012055,8,3,22,117,95,20260920,761,9.074777000001632
adder,S2,6,0.003,4,8,1024,8192,0.6728515625,0.6626128032868343,0.6829282877932145,0.57568359375,-0.1455078125,0.0172119140625,nan,0.0355224609375,nan,0.0458984375,nan,0.0458984375,1,0.6591796875,0.684326171875,0.019489352382924464,8,3,22,117,95,20260920,761,9.021551999961957
adder,S2,6,0.003,5,8,1024,8192,0.6676025390625,0.6573251127707386,0.6777228519558905,0.5885009765625,-0.3094482421875,0.0491943359375,nan,0.006103515625,nan,0.0433349609375,nan,0.0433349609375,1,0.660400390625,0.6756591796875,0.01179912794645457,8,3,22,117,95,20260920,761,8.959446099994238
adder,S2,6,0.003,6,8,1024,8192,0.6654052734375,0.6551120852473674,0.6755434079824815,0.66064453125,-0.51318359375,0.07373046875,nan,0.01416015625,nan,0.023681640625,nan,0.023681640625,1,0.6553955078125,0.6749267578125,0.014992585847586523,8,3,22,117,95,20260920,761,8.913070700014941
adder,S2,6,0.005,0,8,1024,8192,0.6566162109375,0.6462624492996023,0.6668231579431254,0.8948974609375,0.8948974609375,0.00927734375,0.3433837890625,nan,0.20556640625,nan,0.20556640625,nan,1,0.6484375,0.663818359375,0.01172964407133093,8,3,22,117,95,20260920,761,12.899808900023345
adder,S2,6,0.005,1,8,1024,8192,0.6123046875,0.6017036687656735,0.6228004299586519,0.835693359375,0.64697265625,0.0234375,nan,0.0943603515625,0.2933349609375,nan,0.2933349609375,nan,1,0.5965576171875,0.6300048828125,0.026224710128368706,8,3,22,117,95,20260920,761,9.004335799952969
adder,S2,6,0.005,2,8,1024,8192,0.6346435546875,0.6241552892927865,0.6450056029821384,0.701171875,0.359375,0.0147705078125,nan,0.052978515625,nan,0.117919921875,nan,0.117919921875,1,0.6239013671875,0.64697265625,0.01786592812370716,8,3,22,117,95,20260920,761,9.002177999995183
adder,S2,6,0.005,3,8,1024,8192,0.611083984375,0.6004774839696794,0.6215863528119903,0.7025146484375,0.1280517578125,0.0477294921875,nan,0.017578125,nan,0.0771484375,nan,0.0771484375,1,0.59912109375,0.6209716796875,0.017080872964409154,8,3,22,117,95,20260920,761,9.195416499977
adder,S2,6,0.005,4,8,1024,8192,0.612060546875,0.6014584262346871,0.6225576201011072,0.6829833984375,-0.1654052734375,0.0238037109375,nan,0.0364990234375,nan,0.051513671875,nan,0.051513671875,1,0.6024169921875,0.621337890625,0.014650762464303189,8,3,22,117,95,20260920,761,9.040476599999238
adder,S2,6,0.005,5,8,1024,8192,0.608642578125,0.5980253229866543,0.6191579899097039,0.705078125,-0.364990234375,0.060302734375,nan,0.01025390625,nan,0.05126953125,nan,0.05126953125,1,0.6021728515625,0.61572265625,0.010540543527794386,8,3,22,117,95,20260920,761,9.156724500004202
adder,S2,6,0.005,6,8,1024,8192,0.6090087890625,0.5983931294294103,0.6195222620497447,0.79931640625,-0.6357421875,0.081787109375,nan,0.020751953125,nan,0.034912109375,nan,0.034912109375,1,0.6009521484375,0.6158447265625,0.011565891784660784,8,3,22,117,95,20260920,761,13.112820800044574
adder,S2,6,0.01,0,8,1024,8192,0.5135498046875,0.5027225915768779,0.5243643159866004,1.3477783203125,1.3477783203125,0.018798828125,0.4864501953125,nan,0.3079833984375,nan,0.3079833984375,nan,1,0.50439453125,0.522705078125,0.014290049440099508,8,3,22,117,95,20260920,761,26.928000499960035
adder,S2,6,0.01,1,8,1024,8192,0.4932861328125,0.48246541923467023,0.5041131400807234,1.119873046875,0.88525390625,0.034912109375,nan,0.1173095703125,0.389404296875,nan,0.389404296875,nan,1,0.4781494140625,0.5107421875,0.026002654872791818,8,3,22,117,95,20260920,761,16.41154900001129
adder,S2,6,0.01,2,8,1024,8192,0.5059814453125,0.4951545801088951,0.5168027034101178,0.9696044921875,0.5731201171875,0.026123046875,nan,0.0587158203125,nan,0.1395263671875,nan,0.1395263671875,1,0.4946258544921875,0.5184326171875,0.01869322036114576,8,3,22,117,95,20260920,761,16.412842999969143
adder,S2,6,0.01,3,8,1024,8192,0.4930419921875,0.4822214652768604,0.503869041650002,0.9400634765625,0.2042236328125,0.060546875,nan,0.031494140625,nan,0.100341796875,nan,0.100341796875,1,0.4864501953125,0.5013427734375,0.01163049800494898,8,3,22,117,95,20260920,761,16.42463239998324
adder,S2,6,0.01,4,8,1024,8192,0.5013427734375,0.4905173471950171,0.5121669409419043,0.8839111328125,-0.1866455078125,0.0364990234375,nan,0.0419921875,nan,0.067138671875,nan,0.067138671875,1,0.4937744140625,0.5096435546875,0.012241163219454761,8,3,22,117,95,20260920,761,16.802087699994445
adder,S2,6,0.01,5,8,1024,8192,0.49365234375,0.48283135500948804,0.5044792828887023,0.9429931640625,-0.5072021484375,0.072265625,nan,0.019775390625,nan,0.0677490234375,nan,0.0677490234375,1,0.4818115234375,0.5064697265625,0.01909387512380092,8,3,22,117,95,20260920,761,16.56449950003298
adder,S2,6,0.01,6,8,1024,8192,0.4892578125,0.4784405089340388,0.5000851859705909,1.07275390625,-0.8662109375,0.103271484375,nan,0.03076171875,nan,0.052001953125,nan,0.052001953125,1,0.4771728515625,0.5031768798828125,0.020290757164565937,8,3,22,117,95,20260920,761,15.896371499984525
adder,S2,6,0.02,0,8,1024,8192,0.353759765625,0.34347660068130564,0.36418001858854027,1.9423828125,1.9423828125,0.038330078125,0.646240234375,nan,0.446533203125,nan,0.446533203125,nan,1,0.34423828125,0.3626708984375,0.014245289418346128,8,3,22,117,95,20260920,761,26.537590299965814
adder,S2,6,0.02,1,8,1024,8192,0.32421875,0.3141669790701518,0.3344353011874259,1.615966796875,1.34375,0.0531005859375,nan,0.1361083984375,0.5396728515625,nan,0.5396728515625,nan,1,0.3167724609375,0.332275390625,0.012073770381372102,8,3,22,117,95,20260920,761,16.074634000018705
adder,S2,6,0.02,2,8,1024,8192,0.359619140625,0.34929529597395176,0.3700745806206415,1.3433837890625,0.8358154296875,0.0469970703125,nan,0.0780029296875,nan,0.17578125,nan,0.17578125,1,0.347900390625,0.3731689453125,0.019599142601900515,8,3,22,117,95,20260920,761,16.623863699962385
adder,S2,6,0.02,3,8,1024,8192,0.3463134765625,0.3360844630299626,0.3566865583896835,1.2691650390625,0.2791748046875,0.0740966796875,nan,0.0523681640625,nan,0.14453125,nan,0.14453125,1,0.335693359375,0.3560791015625,0.015875310013000025,8,3,22,117,95,20260920,761,16.424732199986465
adder,S2,6,0.02,4,8,1024,8192,0.35595703125,0.3456584133168943,0.36639067744973186,1.194091796875,-0.26953125,0.054443359375,nan,0.05908203125,nan,0.106689453125,nan,0.106689453125,1,0.3499755859375,0.36242980957031246,0.009737683240298632,8,3,22,117,95,20260920,761,16.63762970000971
adder,S2,6,0.02,5,8,1024,8192,0.348388671875,0.3381442888477858,0.35877517787437496,1.286865234375,-0.730224609375,0.0894775390625,nan,0.037841796875,nan,0.10009765625,nan,0.10009765625,1,0.339111328125,0.3587646484375,0.015429775796537596,8,3,22,117,95,20260920,761,16.425295499968342
adder,S2,6,0.02,6,8,1024,8192,0.3380126953125,0.3278473318964322,0.348329908313155,1.5093994140625,-1.2625732421875,0.1234130859375,nan,0.04833984375,nan,0.0875244140625,nan,0.0875244140625,1,0.32470703125,0.348876953125,0.0187949776465943,8,3,22,117,95,20260920,761,16.288246700016316
adder,S2,6,0.03,0,8,1024,8192,0.2523193359375,0.2430313148175353,0.2618395370176211,2.4134521484375,2.4134521484375,0.0567626953125,0.7476806640625,nan,0.56201171875,nan,0.56201171875,nan,1,0.242431640625,0.2626953125,0.015797884751567664,8,3,22,117,95,20260920,761,27.377130799985025
adder,S2,6,0.03,1,8,1024,8192,0.23291015625,0.22388348530469307,0.24218720164223748,1.9573974609375,1.6893310546875,0.065673828125,nan,0.134033203125,0.633056640625,nan,0.633056640625,nan,1,0.2264404296875,0.2393798828125,0.01012185108661666,8,3,22,117,95,20260920,761,16.363776199985296
adder,S2,6,0.03,2,8,1024,8192,0.2650146484375,0.25556926530151053,0.27468031073726523,1.622314453125,1.029052734375,0.0640869140625,nan,0.093505859375,nan,0.203125,nan,0.203125,1,0.2470672607421875,0.281982421875,0.027218590609381137,8,3,22,117,95,20260920,761,16.682598799990956
adder,S2,6,0.03,3,8,1024,8192,0.259033203125,0.249660668793482,0.26863162372628074,1.49658203125,0.394287109375,0.09130859375,nan,0.06689453125,nan,0.162109375,nan,0.162109375,1,0.249267578125,0.26904296875,0.015162573325393525,8,3,22,117,95,20260920,761,16.703629299998283
adder,S2,6,0.03,4,8,1024,8192,0.2679443359375,0.2584640961469005,0.2776421085542489,1.431884765625,-0.239013671875,0.0863037109375,nan,0.0654296875,nan,0.12744140625,nan,0.12744140625,1,0.25830078125,0.2772216796875,0.014717448118263218,8,3,22,117,95,20260920,761,16.322865599999204
adder,S2,6,0.03,5,8,1024,8192,0.26416015625,0.2547250411109974,0.27381635156791934,1.5408935546875,-0.9136962890625,0.1033935546875,nan,0.055419921875,nan,0.1270751953125,nan,0.1270751953125,1,0.257080078125,0.27197265625,0.011554843326366438,8,3,22,117,95,20260920,761,16.53285129996948
adder,S2,6,0.03,6,8,1024,8192,0.24462890625,0.23544135248589576,0.2540558491105296,1.868896484375,-1.603271484375,0.1328125,nan,0.0628662109375,nan,0.1258544921875,nan,0.1258544921875,1,0.23681640625,0.2523193359375,0.012005876101534689,8,3,22,117,95,20260920,761,16.68208370002685
adder,S2,6,0.05,0,8,1024,8192,0.1688232421875,0.16086710765079193,0.1770898273067138,2.9306640625,2.9306640625,0.084228515625,0.8311767578125,nan,0.6712646484375,nan,0.6712646484375,nan,1,0.1641845703125,0.174072265625,0.007802684612582692,8,3,22,117,95,20260920,761,25.88800999999512
adder,S2,6,0.05,1,8,1024,8192,0.149169921875,0.141619783144856,0.15704893453589278,2.3299560546875,2.0721435546875,0.078857421875,nan,0.12890625,0.721923828125,nan,0.721923828125,nan,1,0.1434326171875,0.1556396484375,0.009435693371232786,8,3,22,117,95,20260920,761,16.547851599985734
adder,S2,6,0.05,2,8,1024,8192,0.1895751953125,0.1812335364598673,0.1982078515227855,1.9034423828125,1.2781982421875,0.088623046875,nan,0.1009521484375,nan,0.211669921875,nan,0.211669921875,1,0.1739501953125,0.2059326171875,0.024413713725187306,8,3,22,117,95,20260920,761,16.698203199950512
adder,S2,6,0.05,3,8,1024,8192,0.1739501953125,0.16589492622786034,0.18231110888879937,1.739990234375,0.45458984375,0.1009521484375,nan,0.092529296875,nan,0.2008056640625,nan,0.2008056640625,1,0.165771484375,0.183349609375,0.013210048069701961,8,3,22,117,95,20260920,761,16.755894400004763
adder,S2,6,0.05,4,8,1024,8192,0.1976318359375,0.1891512155715342,0.20639590123264628,1.637939453125,-0.31201171875,0.0963134765625,nan,0.07666015625,nan,0.16455078125,nan,0.16455078125,1,0.1851806640625,0.2098388671875,0.018892581687359362,8,3,22,117,95,20260920,761,16.53647590003675
adder,S2,6,0.05,5,8,1024,8192,0.1915283203125,0.18315244911839995,0.20019335797250198,1.811279296875,-1.12353515625,0.11279296875,nan,0.07373046875,nan,0.1593017578125,nan,0.1593017578125,1,0.1800537109375,0.2015380859375,0.01655996544870546,8,3,22,117,95,20260920,761,16.43286259996239
adder,S2,6,0.05,6,8,1024,8192,0.166015625,0.15811491811372502,0.17422941437567258,2.2286376953125,-1.9578857421875,0.1353759765625,nan,0.078857421875,nan,0.1630859375,nan,0.1630859375,1,0.1578369140625,0.1727294921875,0.011436328979865623,8,3,22,117,95,20260920,761,16.115510899981018
phase,S1,2,0.0,0,8,1024,8192,1.0,0.9995312917117791,1.0,0.0,0.0,0.0,0.0,nan,0.0,nan,0.0,nan,0,1.0,1.0,0.0,8,2,8,36,25,20260920,761,0.13166489999275655
phase,S1,2,0.0,1,8,1024,8192,1.0,0.9995312917117791,1.0,0.0,0.0,0.0,nan,0.0,0.0,nan,nan,0.0,0,1.0,1.0,0.0,8,2,8,36,25,20260920,761,0.13339189998805523
phase,S1,2,0.0,2,8,1024,8192,1.0,0.9995312917117791,1.0,0.0,0.0,0.0,nan,0.0,nan,0.0,nan,0.0,0,1.0,1.0,0.0,8,2,8,36,25,20260920,761,0.12724260002141818
phase,S1,2,0.001,0,8,1024,8192,0.9884033203125,0.9858452751048509,0.9905035281516988,0.0191650390625,0.0191650390625,0.00244140625,0.0115966796875,nan,0.005126953125,nan,0.0115966796875,nan,0,0.986083984375,0.990234375,0.003236261358722669,8,2,8,36,25,20260920,761,1.5364446999737993
phase,S1,2,0.001,1,8,1024,8192,0.986572265625,0.9838419677802073,0.9888464425623589,0.015625,0.004150390625,0.002197265625,nan,0.0057373046875,0.0076904296875,nan,nan,0.0057373046875,0,0.985107421875,0.9881591796875,0.002434420810074658,8,2,8,36,25,20260920,761,1.380291599954944
phase,S1,2,0.001,2,8,1024,8192,0.9864501953125,0.9837088600815841,0.9887355240667165,0.0164794921875,-0.0084228515625,0.0040283203125,nan,0.0029296875,nan,0.009521484375,nan,0.0029296875,0,0.983642578125,0.9892578125,0.00438094688596835,8,2,8,36,25,20260920,761,1.3799504000344314
phase,S1,2,0.003,0,8,1024,8192,0.963623046875,0.9593465352456287,0.9674649505750101,0.062744140625,0.062744140625,0.009765625,0.036376953125,nan,0.0166015625,nan,0.036376953125,nan,0,0.9615478515625,0.9658203125,0.003291050812523842,8,2,8,36,25,20260920,761,1.5032736000139266
phase,S1,2,0.003,1,8,1024,8192,0.961181640625,0.9567780077862074,0.9651529541491202,0.0455322265625,0.0142822265625,0.0067138671875,nan,0.015625,0.023193359375,nan,nan,0.015625,0,0.957275390625,0.96484375,0.00587678774269686,8,2,8,36,25,20260920,761,1.3726703000138514
phase,S1,2,0.003,2,8,1024,8192,0.9638671875,0.9596036495781761,0.9676958886309939,0.0435791015625,-0.0262451171875,0.0086669921875,nan,0.0074462890625,nan,0.0274658203125,nan,0.0074462890625,0,0.9613037109375,0.9661865234375,0.0038001781450547533,8,2,8,36,25,20260920,761,1.3870258000097238
phase,S1,2,0.005,0,8,1024,8192,0.9383544921875,0.9329380046615676,0.943360058946098,0.105712890625,0.105712890625,0.015625,0.0616455078125,nan,0.0284423828125,nan,0.0616455078125,nan,0,0.93359375,0.942626953125,0.006874443130729291,8,2,8,36,25,20260920,761,1.4748997999704443
phase,S1,2,0.005,1,8,1024,8192,0.93994140625,0.9345872088864101,0.9448831952467079,0.07177734375,0.026611328125,0.01171875,nan,0.0225830078125,0.0374755859375,nan,nan,0.0225830078125,0,0.93603515625,0.943359375,0.005694288959809864,8,2,8,36,25,20260920,761,1.3826140000019222
phase,S1,2,0.005,2,8,1024,8192,0.9393310546875,0.9339527816657825,0.9442974914960077,0.0732421875,-0.043701171875,0.0147705078125,nan,0.0125732421875,nan,0.0458984375,nan,0.0125732421875,0,0.93212890625,0.9453125,0.010432549130479246,8,2,8,36,25,20260920,761,1.3854182000504807
phase,S1,2,0.01,0,8,1024,8192,0.8843994140625,0.8772945166437495,0.8911439690985338,0.1937255859375,0.1937255859375,0.02880859375,0.1156005859375,nan,0.04931640625,nan,0.1156005859375,nan,0,0.8790283203125,0.8902587890625,0.008702411083243575,8,2,8,36,25,20260920,761,1.522812300012447
phase,S1,2,0.01,1,8,1024,8192,0.87744140625,0.8701627189573929,0.8843662737117527,0.1470947265625,0.0548095703125,0.0245361328125,nan,0.046142578125,0.076416015625,nan,nan,0.046142578125,0,0.8699951171875,0.884033203125,0.010799108526988632,8,2,8,36,25,20260920,761,1.4012797999894246
phase,S1,2,0.01,2,8,1024,8192,0.8819580078125,0.8747912509167054,0.8887667109402665,0.1422119140625,-0.0770263671875,0.0325927734375,nan,0.024169921875,nan,0.08544921875,nan,0.024169921875,0,0.8780517578125,0.8858642578125,0.005915779021600446,8,2,8,36,25,20260920,761,1.3779461999656633
phase,S1,2,0.02,0,8,1024,8192,0.7835693359375,0.7745198575340769,0.7923529917448445,0.3673095703125,0.3673095703125,0.054931640625,0.2164306640625,nan,0.095947265625,nan,0.2164306640625,nan,0,0.778564453125,0.7889404296875,0.007915364590983107,8,2,8,36,25,20260920,761,1.4693987999926321
phase,S1,2,0.02,1,8,1024,8192,0.7813720703125,0.7722910707120978,0.7901893070700434,0.2615966796875,0.0936279296875,0.04296875,nan,0.083984375,0.1346435546875,nan,nan,0.083984375,0,0.7735595703125,0.7884521484375,0.011536405715568156,8,2,8,36,25,20260920,761,1.387997399957385
phase,S1,2,0.02,2,8,1024,8192,0.7779541015625,0.7688248025771677,0.7868228417655375,0.2677001953125,-0.1414794921875,0.0631103515625,nan,0.045654296875,nan,0.158935546875,nan,0.045654296875,0,0.7740478515625,0.7821044921875,0.006284292691968055,8,2,8,36,25,20260920,761,1.4097810999955982
phase,S1,2,0.03,0,8,1024,8192,0.6949462890625,0.6848863352182962,0.7048234970238209,0.5279541015625,0.5279541015625,0.078125,0.3050537109375,nan,0.144775390625,nan,0.3050537109375,nan,0,0.6861572265625,0.7041015625,0.013937720483359239,8,2,8,36,25,20260920,761,1.4724157000309788
phase,S1,2,0.03,1,8,1024,8192,0.6917724609375,0.6816851950280416,0.7016799561631706,0.37060546875,0.1298828125,0.0623779296875,nan,0.120361328125,0.1878662109375,nan,nan,0.120361328125,0,0.685546875,0.69921875,0.010836104014244213,8,2,8,36,25,20260920,761,1.3918543999898247
phase,S1,2,0.03,2,8,1024,8192,0.69580078125,0.6857482758295603,0.7056697397724156,0.3720703125,-0.20556640625,0.083251953125,nan,0.06787109375,nan,0.220947265625,nan,0.06787109375,0,0.6895751953125,0.701416015625,0.009323121901006485,8,2,8,36,25,20260920,761,1.3888118999893777
phase,S1,2,0.05,0,8,1024,8192,0.56787109375,0.557114591512798,0.5785639724988596,0.7620849609375,0.7620849609375,0.1131591796875,0.43212890625,nan,0.216796875,nan,0.43212890625,nan,0,0.556396484375,0.577880859375,0.016424177067814103,8,2,8,36,25,20260920,761,1.466833000013139
phase,S1,2,0.05,1,8,1024,8192,0.5665283203125,0.5557685064610391,0.5772257694136971,0.5330810546875,0.1981201171875,0.099609375,nan,0.16748046875,0.2659912109375,nan,nan,0.16748046875,0,0.560546875,0.5732421875,0.009743802347027758,8,2,8,36,25,20260920,761,1.384603300015442
phase,S1,2,0.05,2,8,1024,8192,0.5614013671875,0.5506296455180878,0.5721155301974944,0.5457763671875,-0.3067626953125,0.1195068359375,nan,0.107177734375,nan,0.319091796875,nan,0.107177734375,0,0.54931640625,0.5723876953125,0.017919228118261202,8,2,8,36,25,20260920,761,1.4331718999892473
phase,S1,4,0.0,0,8,1024,8192,1.0,0.9995312917117791,1.0,0.0,0.0,0.0,0.0,nan,0.0,nan,0.0,nan,1,1.0,1.0,0.0,8,3,15,54,57,20260920,761,0.16306160000385717
phase,S1,4,0.0,1,8,1024,8192,1.0,0.9995312917117791,1.0,0.0,0.0,0.0,nan,0.0,0.0,nan,0.0,nan,1,1.0,1.0,0.0,8,3,15,54,57,20260920,761,0.1587458000285551
phase,S1,4,0.0,2,8,1024,8192,1.0,0.9995312917117791,1.0,0.0,0.0,0.0,nan,0.0,nan,0.0,nan,0.0,1,1.0,1.0,0.0,8,3,15,54,57,20260920,761,0.15654409996932372
phase,S1,4,0.0,3,8,1024,8192,1.0,0.9995312917117791,1.0,0.0,0.0,0.0,nan,0.0,nan,0.0,nan,0.0,1,1.0,1.0,0.0,8,3,15,54,57,20260920,761,0.15640229999553412
phase,S1,4,0.0,4,8,1024,8192,1.0,0.9995312917117791,1.0,0.0,0.0,0.0,nan,0.0,nan,0.0,nan,0.0,1,1.0,1.0,0.0,8,3,15,54,57,20260920,761,0.15814690000843257
phase,S1,4,0.001,0,8,1024,8192,0.9713134765625,0.9674719735989713,0.9747131624603985,0.0867919921875,0.0867919921875,0.008544921875,0.0286865234375,nan,0.0152587890625,nan,0.0152587890625,nan,1,0.96533203125,0.9765625,0.008496454541292602,8,3,15,54,57,20260920,761,4.5194533000467345
phase,S1,4,0.001,1,8,1024,8192,0.9666748046875,0.9625641418658265,0.9703479988114517,0.0731201171875,0.0577392578125,0.0086669921875,nan,0.0076904296875,0.025634765625,nan,0.025634765625,nan,1,0.9647216796875,0.9683837890625,0.0028798542624641483,8,3,15,54,57,20260920,761,4.334534199966583
phase,S1,4,0.001,2,8,1024,8192,0.9683837890625,0.9643697231337447,0.9719587842632513,0.0625,0.039306640625,0.0091552734375,nan,0.00146484375,nan,0.0101318359375,nan,0.0101318359375,1,0.9635009765625,0.9736328125,0.007863559084780947,8,3,15,54,57,20260920,761,4.289570899971295
phase,S1,4,0.001,3,8,1024,8192,0.9700927734375,0.9661782415282402,0.9735666325884739,0.0540771484375,0.0081787109375,0.0074462890625,nan,0.002197265625,nan,0.0047607421875,nan,0.0047607421875,1,0.9664306640625,0.97412109375,0.005904252894681078,8,3,15,54,57,20260920,761,4.209722100000363
phase,S1,4,0.001,4,8,1024,8192,0.969970703125,0.9660489591860614,0.9734518887363871,0.057373046875,-0.027587890625,0.007568359375,nan,0.0047607421875,nan,0.0068359375,nan,0.0068359375,1,0.9659423828125,0.9739990234375,0.0061486888591068675,8,3,15,54,57,20260920,761,4.257004399958532
phase,S1,4,0.003,0,8,1024,8192,0.910400390625,0.9040217373170039,0.916394327803846,0.2637939453125,0.2637939453125,0.0260009765625,0.089599609375,nan,0.0467529296875,nan,0.0467529296875,nan,1,0.9039306640625,0.9158935546875,0.00936322153509923,8,3,15,54,57,20260920,761,4.529748199973255
phase,S1,4,0.003,1,8,1024,8192,0.90625,0.8997462559190985,0.912372918596722,0.2060546875,0.16357421875,0.0247802734375,nan,0.021240234375,0.072509765625,nan,0.072509765625,nan,1,0.9022216796875,0.91015625,0.006154225725477896,8,3,15,54,57,20260920,761,4.323348600009922
phase,S1,4,0.003,2,8,1024,8192,0.9112548828125,0.9049024713342608,0.9172217771464481,0.1827392578125,0.1170654296875,0.0281982421875,nan,0.00439453125,nan,0.0284423828125,nan,0.0284423828125,1,0.90625,0.91650390625,0.007872217010975943,8,3,15,54,57,20260920,761,4.323771900031716
phase,S1,4,0.003,3,8,1024,8192,0.9088134765625,0.9023865359766999,0.9148571886186975,0.1715087890625,0.0535888671875,0.028564453125,nan,0.005615234375,nan,0.0106201171875,nan,0.0106201171875,1,0.903564453125,0.9136962890625,0.007652830911920641,8,3,15,54,57,20260920,761,4.2841628000023775
phase,S1,4,0.003,4,8,1024,8192,0.909912109375,0.9035185368908402,0.9159214234529475,0.1614990234375,-0.0616455078125,0.02734375,nan,0.010498046875,nan,0.0162353515625,nan,0.0162353515625,1,0.9071044921875,0.912841796875,0.00439065429181256,8,3,15,54,57,20260920,761,4.255190500000026
phase,S1,4,0.005,0,8,1024,8192,0.85205078125,0.8441972930361716,0.8595742512257354,0.4466552734375,0.4466552734375,0.044677734375,0.14794921875,nan,0.0777587890625,nan,0.0777587890625,nan,1,0.845947265625,0.8575469970703125,0.009131176435241948,8,3,15,54,57,20260920,761,4.536948199965991
phase,S1,4,0.005,1,8,1024,8192,0.8521728515625,0.8443219256624597,0.8596936447937129,0.3251953125,0.263427734375,0.0386962890625,nan,0.0308837890625,0.116943359375,nan,0.116943359375,nan,1,0.84716796875,0.856689453125,0.007306759324094557,8,3,15,54,57,20260920,761,4.698767699999735
phase,S1,4,0.005,2,8,1024,8192,0.85498046875,0.8471889771130999,0.8624391958111807,0.2802734375,0.166259765625,0.0396728515625,nan,0.0078125,nan,0.0491943359375,nan,0.0491943359375,1,0.848388671875,0.8609619140625,0.009876601573899475,8,3,15,54,57,20260920,761,4.22647200000938
phase,S1,4,0.005,3,8,1024,8192,0.853759765625,0.8459423144349733,0.8612455965466516,0.2611083984375,0.0533447265625,0.039794921875,nan,0.0087890625,nan,0.01953125,nan,0.01953125,1,0.847412109375,0.8594970703125,0.009348659750960556,8,3,15,54,57,20260920,761,4.268851600005291
phase,S1,4,0.005,4,8,1024,8192,0.8555908203125,0.8478123775241417,0.8630359263714666,0.2598876953125,-0.1024169921875,0.04248046875,nan,0.0166015625,nan,0.0267333984375,nan,0.0267333984375,1,0.8472900390625,0.8631591796875,0.012521752096104276,8,3,15,54,57,20260920,761,4.289578899974003
phase,S1,4,0.01,0,8,1024,8192,0.727783203125,0.7180395594069999,0.7373133190925556,0.8182373046875,0.8182373046875,0.081787109375,0.272216796875,nan,0.1466064453125,nan,0.1466064453125,nan,1,0.716552734375,0.7401123046875,0.018245559898775653,8,3,15,54,57,20260920,761,4.602745899988804
phase,S1,4,0.01,1,8,1024,8192,0.7353515625,0.7256899518445171,0.7447925506995038,0.602294921875,0.487060546875,0.074462890625,nan,0.0576171875,0.20703125,nan,0.20703125,nan,1,0.7247314453125,0.7459716796875,0.016589248321645926,8,3,15,54,57,20260920,761,4.360348600021098
phase,S1,4,0.01,2,8,1024,8192,0.73291015625,0.7232216936910005,0.742380284967709,0.542236328125,0.313232421875,0.0767822265625,nan,0.0194091796875,nan,0.0950927734375,nan,0.0950927734375,1,0.72802734375,0.7374267578125,0.007232969529473058,8,3,15,54,57,20260920,761,4.28299729997525
phase,S1,4,0.01,3,8,1024,8192,0.736572265625,0.7269242215358893,0.7459985429507874,0.486572265625,0.1103515625,0.07763671875,nan,0.0169677734375,nan,0.0357666015625,nan,0.0357666015625,1,0.72509765625,0.7464599609375,0.016620016660270454,8,3,15,54,57,20260920,761,4.253110399993602
phase,S1,4,0.01,4,8,1024,8192,0.7327880859375,0.7230982905816982,0.7422596618827458,0.49072265625,-0.175537109375,0.0853271484375,nan,0.0323486328125,nan,0.049072265625,nan,0.049072265625,1,0.7255859375,0.739990234375,0.011291715995534699,8,3,15,54,57,20260920,761,4.222448499989696
phase,S1,4,0.02,0,8,1024,8192,0.5557861328125,0.5450027044999328,0.5665172662794331,1.437255859375,1.437255859375,0.1480712890625,0.4442138671875,nan,0.265869140625,nan,0.265869140625,nan,1,0.5416259765625,0.56787109375,0.020540587516359638,8,3,15,54,57,20260920,761,4.543059799994808
phase,S1,4,0.02,1,8,1024,8192,0.5528564453125,0.5420674615279739,0.5635958805890184,1.0552978515625,0.8724365234375,0.1279296875,nan,0.0914306640625,0.355712890625,nan,0.355712890625,nan,1,0.539794921875,0.5643310546875,0.018802224951108722,8,3,15,54,57,20260920,761,4.338647799973842
phase,S1,4,0.02,2,8,1024,8192,0.551513671875,0.5407222681304563,0.5622567858496147,0.9678955078125,0.5926513671875,0.144775390625,nan,0.039306640625,nan,0.1483154296875,nan,0.1483154296875,1,0.5455322265625,0.5570068359375,0.008900735242425075,8,3,15,54,57,20260920,761,4.241164300008677
phase,S1,4,0.02,3,8,1024,8192,0.5521240234375,0.5413337098411154,0.5628654751102834,0.856689453125,0.21044921875,0.14111328125,nan,0.0328369140625,nan,0.0731201171875,nan,0.0731201171875,1,0.5428466796875,0.5628662109375,0.015615732987131174,8,3,15,54,57,20260920,761,4.25992739998037
phase,S1,4,0.02,4,8,1024,8192,0.5538330078125,0.5430458338409146,0.5645697178302022,0.8463134765625,-0.3011474609375,0.143310546875,nan,0.0540771484375,nan,0.0849609375,nan,0.0849609375,1,0.5469970703125,0.5601806640625,0.010234788992359451,8,3,15,54,57,20260920,761,4.2549652000307105
phase,S1,4,0.03,0,8,1024,8192,0.4306640625,0.4199762611071395,0.44141686055001617,1.8668212890625,1.8668212890625,0.1900634765625,0.5693359375,nan,0.365966796875,nan,0.365966796875,nan,1,0.4190673828125,0.4405517578125,0.016662996887183194,8,3,15,54,57,20260920,761,4.598947699996643
phase,S1,4,0.03,1,8,1024,8192,0.4329833984375,0.42228760200420057,0.44374201734400087,1.4208984375,1.1982421875,0.1768798828125,nan,0.111328125,0.4556884765625,nan,0.4556884765625,nan,1,0.4193115234375,0.44629211425781246,0.02124163743569942,8,3,15,54,57,20260920,761,4.275850499980152
phase,S1,4,0.03,2,8,1024,8192,0.4254150390625,0.4147462175188607,0.43615377778487535,1.2396240234375,0.7403564453125,0.182861328125,nan,0.05712890625,nan,0.1925048828125,nan,0.1925048828125,1,0.4171142578125,0.4339599609375,0.01293385839712035,8,3,15,54,57,20260920,761,4.240950500010513
phase,S1,4,0.03,3,8,1024,8192,0.4371337890625,0.42642428249676045,0.44790222745647046,1.1002197265625,0.2640380859375,0.185791015625,nan,0.0452880859375,nan,0.10302734375,nan,0.10302734375,1,0.4278564453125,0.447265625,0.014791318606625243,8,3,15,54,57,20260920,761,4.253917200025171
phase,S1,4,0.03,4,8,1024,8192,0.4212646484375,0.41061170709882966,0.43199139759987704,1.1278076171875,-0.3631591796875,0.1986083984375,nan,0.0677490234375,nan,0.1126708984375,nan,0.1126708984375,1,0.4124755859375,0.4298095703125,0.013450227204124256,8,3,15,54,57,20260920,761,4.276677399990149
phase,S1,4,0.05,0,8,1024,8192,0.2769775390625,0.26739316504331795,0.2867709780334838,2.5054931640625,2.5054931640625,0.2606201171875,0.7230224609375,nan,0.5147705078125,nan,0.5147705078125,nan,1,0.26123046875,0.2908935546875,0.02276481586734803,8,3,15,54,57,20260920,761,4.610442900040653
phase,S1,4,0.05,1,8,1024,8192,0.28662109375,0.2769309823710949,0.29651123005268687,1.9232177734375,1.6590576171875,0.2459716796875,nan,0.132080078125,0.581298828125,nan,0.581298828125,nan,1,0.2781982421875,0.2955322265625,0.013400121262902477,8,3,15,54,57,20260920,761,4.27495450002607
phase,S1,4,0.05,2,8,1024,8192,0.2918701171875,0.2821247500907505,0.3018105886864509,1.6212158203125,1.0079345703125,0.249267578125,nan,0.079345703125,nan,0.227294921875,nan,0.227294921875,1,0.2872314453125,0.296875,0.0076260804744163295,8,3,15,54,57,20260920,761,4.302001599979121
phase,S1,4,0.05,3,8,1024,8192,0.2901611328125,0.28043358057784395,0.3000853914796394,1.45947265625,0.328125,0.253173828125,nan,0.071533203125,nan,0.1572265625,nan,0.1572265625,1,0.2789306640625,0.3004150390625,0.01641951044545316,8,3,15,54,57,20260920,761,4.266750700015109
phase,S1,4,0.05,4,8,1024,8192,0.2740478515625,0.2644967038209043,0.28381081059352364,1.485107421875,-0.46630859375,0.2591552734375,nan,0.0889892578125,nan,0.1588134765625,nan,0.1588134765625,1,0.2667236328125,0.2808837890625,0.011133760875566947,8,3,15,54,57,20260920,761,4.279775800008792
phase,S1,6,0.0,0,8,1024,8192,1.0,0.9995312917117791,1.0,0.0,0.0,0.0,0.0,nan,0.0,nan,0.0,nan,1,1.0,1.0,0.0,8,3,21,60,81,20260920,761,0.19928370002890006
phase,S1,6,0.0,1,8,1024,8192,1.0,0.9995312917117791,1.0,0.0,0.0,0.0,nan,0.0,0.0,nan,0.0,nan,1,1.0,1.0,0.0,8,3,21,60,81,20260920,761,0.1781497999909334
phase,S1,6,0.0,2,8,1024,8192,1.0,0.9995312917117791,1.0,0.0,0.0,0.0,nan,0.0,nan,0.0,nan,0.0,1,1.0,1.0,0.0,8,3,21,60,81,20260920,761,0.18120739998994395
phase,S1,6,0.0,3,8,1024,8192,1.0,0.9995312917117791,1.0,0.0,0.0,0.0,nan,0.0,nan,0.0,nan,0.0,1,1.0,1.0,0.0,8,3,21,60,81,20260920,761,0.18568759999470785
phase,S1,6,0.0,4,8,1024,8192,1.0,0.9995312917117791,1.0,0.0,0.0,0.0,nan,0.0,nan,0.0,nan,0.0,1,1.0,1.0,0.0,8,3,21,60,81,20260920,761,0.18035719997715205
phase,S1,6,0.0,5,8,1024,8192,1.0,0.9995312917117791,1.0,0.0,0.0,0.0,nan,0.0,nan,0.0,nan,0.0,1,1.0,1.0,0.0,8,3,21,60,81,20260920,761,0.18579389998922125
phase,S1,6,0.0,6,8,1024,8192,1.0,0.9995312917117791,1.0,0.0,0.0,0.0,nan,0.0,nan,0.0,nan,0.0,1,1.0,1.0,0.0,8,3,21,60,81,20260920,761,0.18032210000092164
phase,S1,6,0.001,0,8,1024,8192,0.9576416015625,0.9530614659688982,0.9617927363327278,0.1195068359375,0.1195068359375,0.0037841796875,0.0423583984375,nan,0.020751953125,nan,0.020751953125,nan,1,0.954345703125,0.9605712890625,0.004839019575024975,8,3,21,60,81,20260920,761,9.198703299975023
phase,S1,6,0.001,1,8,1024,8192,0.9544677734375,0.9497364658068826,0.9587730554438384,0.0982666015625,0.0814208984375,0.002197265625,nan,0.0084228515625,0.037109375,nan,0.037109375,nan,1,0.9488525390625,0.9593505859375,0.008068785657906263,8,3,21,60,81,20260920,761,8.5431808999856
phase,S1,6,0.001,2,8,1024,8192,0.9586181640625,0.9540858486340011,0.9627205632217493,0.0765380859375,0.0504150390625,0.0032958984375,nan,0.001708984375,nan,0.0113525390625,nan,0.0113525390625,1,0.955322265625,0.961669921875,0.00481078289588699,8,3,21,60,81,20260920,761,8.50228730001254
phase,S1,6,0.001,3,8,1024,8192,0.957763671875,0.953189478960285,0.9619087495356065,0.069580078125,0.018310546875,0.0045166015625,nan,0.0020751953125,nan,0.00439453125,nan,0.00439453125,1,0.9532470703125,0.9617919921875,0.006556177532092177,8,3,21,60,81,20260920,761,8.5974961000029
phase,S1,6,0.001,4,8,1024,8192,0.95947265625,0.9549827164559079,0.9635318787597016,0.0675048828125,-0.0216064453125,0.00244140625,nan,0.0042724609375,nan,0.0068359375,nan,0.0068359375,1,0.9560546875,0.962646484375,0.005193780822819834,8,3,21,60,81,20260920,761,8.502111500012688
phase,S1,6,0.001,5,8,1024,8192,0.955322265625,0.9506310424549985,0.9595866621555814,0.0906982421875,-0.0614013671875,0.0030517578125,nan,0.00439453125,nan,0.01025390625,nan,0.01025390625,1,0.9510498046875,0.9595947265625,0.006720363892025404,8,3,21,60,81,20260920,761,8.565909500000998
phase,S1,6,0.001,6,8,1024,8192,0.9569091796875,0.9522935930798274,0.961096452056205,0.089111328125,-0.074951171875,0.007080078125,nan,0.002197265625,nan,0.006103515625,nan,0.006103515625,1,0.953369140625,0.9605712890625,0.005584061619178546,8,3,21,60,81,20260920,761,8.550671100034378
phase,S1,6,0.003,0,8,1024,8192,0.875244140625,0.8679121407000847,0.8822243804722807,0.3515625,0.3515625,0.0135498046875,0.124755859375,nan,0.0596923828125,nan,0.0596923828125,nan,1,0.869384765625,0.880615234375,0.008668097381433062,8,3,21,60,81,20260920,761,9.12008020002395
phase,S1,6,0.003,1,8,1024,8192,0.8800048828125,0.8727893301090868,0.886864212639636,0.262451171875,0.21435546875,0.0067138671875,nan,0.0240478515625,0.095947265625,nan,0.095947265625,nan,1,0.875732421875,0.884033203125,0.0064024187388018825,8,3,21,60,81,20260920,761,8.621224100003019
phase,S1,6,0.003,2,8,1024,8192,0.879638671875,0.8724140372334477,0.8865074269324782,0.236083984375,0.155517578125,0.0108642578125,nan,0.0069580078125,nan,0.0333251953125,nan,0.0333251953125,1,0.872314453125,0.8863525390625,0.010770685615661494,8,3,21,60,81,20260920,761,8.500482400006149
phase,S1,6,0.003,3,8,1024,8192,0.8802490234375,0.8730395370895034,0.8871020580477504,0.2078857421875,0.0523681640625,0.012939453125,nan,0.0087890625,nan,0.015869140625,nan,0.015869140625,1,0.8770751953125,0.88427734375,0.005644726752206266,8,3,21,60,81,20260920,761,8.680807600030676
phase,S1,6,0.003,4,8,1024,8192,0.8765869140625,0.8692874070820924,0.8835334022271943,0.2122802734375,-0.0792236328125,0.006103515625,nan,0.01513671875,nan,0.02197265625,nan,0.02197265625,1,0.87158203125,0.88134765625,0.00745443216007573,8,3,21,60,81,20260920,761,8.557265799958259
phase,S1,6,0.003,5,8,1024,8192,0.8798828125,0.8726642301409614,0.8867452864134958,0.231201171875,-0.157470703125,0.0072021484375,nan,0.0106201171875,nan,0.0235595703125,nan,0.0235595703125,1,0.8748779296875,0.885009765625,0.0078819458101705,8,3,21,60,81,20260920,761,6.699718200019561
phase,S1,6,0.003,6,8,1024,8192,0.876220703125,0.868912307431168,0.8831764232953221,0.2679443359375,-0.2320556640625,0.0179443359375,nan,0.0079345703125,nan,0.0205078125,nan,0.0205078125,1,0.8701171875,0.882568359375,0.009635715160876817,8,3,21,60,81,20260920,761,5.255563800048549
phase,S1,6,0.005,0,8,1024,8192,0.807373046875,0.7986899436790714,0.8157680134816364,0.58056640625,0.58056640625,0.0255126953125,0.192626953125,nan,0.1002197265625,nan,0.1002197265625,nan,1,0.800537109375,0.8136016845703125,0.010172200515624834,8,3,21,60,81,20260920,761,5.547270699986257
phase,S1,6,0.005,1,8,1024,8192,0.8116455078125,0.803033263702024,0.819965610257979,0.4208984375,0.349365234375,0.0133056640625,nan,0.0357666015625,0.152587890625,nan,0.152587890625,nan,1,0.80615234375,0.8167724609375,0.008194442617658894,8,3,21,60,81,20260920,761,5.375194399966858
phase,S1,6,0.005,2,8,1024,8192,0.8048095703125,0.7960847268682328,0.8132486802128981,0.3912353515625,0.2625732421875,0.018310546875,nan,0.01123046875,nan,0.0531005859375,nan,0.0531005859375,1,0.7969970703125,0.8143310546875,0.013596306421092724,8,3,21,60,81,20260920,761,5.342306500009727
phase,S1,6,0.005,3,8,1024,8192,0.8076171875,0.7989380896463999,0.816007919902839,0.3409423828125,0.0975341796875,0.0235595703125,nan,0.013427734375,nan,0.0247802734375,nan,0.0247802734375,1,0.8043212890625,0.81103515625,0.005167483029423029,8,3,21,60,81,20260920,761,5.445531299978029
phase,S1,6,0.005,4,8,1024,8192,0.8111572265625,0.8025368014917689,0.8194859676911717,0.346435546875,-0.1220703125,0.013671875,nan,0.025390625,nan,0.0389404296875,nan,0.0389404296875,1,0.802978515625,0.819580078125,0.012912774151379263,8,3,21,60,81,20260920,761,5.336626200005412
phase,S1,6,0.005,5,8,1024,8192,0.802978515625,0.7942242076581207,0.8114488065090266,0.396728515625,-0.2783203125,0.0125732421875,nan,0.0196533203125,nan,0.044189453125,nan,0.044189453125,1,0.792724609375,0.813232421875,0.015856526150487847,8,3,21,60,81,20260920,761,5.3519710000255145
phase,S1,6,0.005,6,8,1024,8192,0.8087158203125,0.800054811738146,0.8170874335594832,0.4234619140625,-0.3699951171875,0.0267333984375,nan,0.01220703125,nan,0.031494140625,nan,0.031494140625,1,0.80126953125,0.8148193359375,0.010497641317955364,8,3,21,60,81,20260920,761,5.3519944999716245
phase,S1,6,0.01,0,8,1024,8192,0.6536865234375,0.6433134416103166,0.6639155369700374,1.0750732421875,1.0750732421875,0.0462646484375,0.3463134765625,nan,0.19287109375,nan,0.19287109375,nan,1,0.6422119140625,0.6640625,0.01694624378816238,8,3,21,60,81,20260920,761,7.238040099968202
phase,S1,6,0.01,1,8,1024,8192,0.6568603515625,0.6465082194795534,0.6670654401517054,0.7967529296875,0.6644287109375,0.0250244140625,nan,0.066162109375,0.2769775390625,nan,0.2769775390625,nan,1,0.6480712890625,0.6645538330078125,0.012732148439700004,8,3,21,60,81,20260920,761,8.587419599993154
phase,S1,6,0.01,2,8,1024,8192,0.6688232421875,0.6585546803798312,0.6789335462894535,0.6748046875,0.4326171875,0.0347900390625,nan,0.0228271484375,nan,0.0982666015625,nan,0.0982666015625,1,0.6627197265625,0.6748046875,0.009197146616507368,8,3,21,60,81,20260920,761,8.555455299967434
phase,S1,6,0.01,3,8,1024,8192,0.657470703125,0.6471226581152604,0.6676711324873262,0.62353515625,0.16796875,0.0408935546875,nan,0.024658203125,nan,0.0513916015625,nan,0.0513916015625,1,0.6456298828125,0.67138671875,0.019943678435419963,8,3,21,60,81,20260920,761,8.41876010003034
phase,S1,6,0.01,4,8,1024,8192,0.6619873046875,0.651670091686845,0.6721526681035679,0.6116943359375,-0.1715087890625,0.03125,nan,0.0369873046875,nan,0.0623779296875,nan,0.0623779296875,1,0.64697265625,0.678466796875,0.024380208112292696,8,3,21,60,81,20260920,761,8.428386999992654
phase,S1,6,0.01,5,8,1024,8192,0.6597900390625,0.6494576971057175,0.6699725911879149,0.6959228515625,-0.4703369140625,0.022216796875,nan,0.0341796875,nan,0.076416015625,nan,0.076416015625,1,0.650146484375,0.669677734375,0.01527168818621078,8,3,21,60,81,20260920,761,8.526385299977846
phase,S1,6,0.01,6,8,1024,8192,0.661376953125,0.6510555129361736,0.6715471158829113,0.77783203125,-0.677490234375,0.0501708984375,nan,0.0240478515625,nan,0.0579833984375,nan,0.0579833984375,1,0.642578125,0.6810302734375,0.02959184653317573,8,3,21,60,81,20260920,761,8.3724425000255
phase,S1,6,0.02,0,8,1024,8192,0.4525146484375,0.44176097386354624,0.46331283656714667,1.7523193359375,1.7523193359375,0.068359375,0.5474853515625,nan,0.336181640625,nan,0.336181640625,nan,1,0.4428680419921875,0.4620361328125,0.014992585847586523,8,3,21,60,81,20260920,761,8.928029200003948
phase,S1,6,0.02,1,8,1024,8192,0.4578857421875,0.44711909397274496,0.468691869005633,1.3310546875,1.140625,0.0469970703125,nan,0.09521484375,0.4468994140625,nan,0.4468994140625,nan,1,0.4443328857421875,0.47021789550781246,0.020327233640648576,8,3,21,60,81,20260920,761,8.437334400019608
phase,S1,6,0.02,2,8,1024,8192,0.4603271484375,0.449555020500613,0.4711364663630764,1.1461181640625,0.7501220703125,0.054443359375,nan,0.043701171875,nan,0.154296875,nan,0.154296875,1,0.453857421875,0.4671630859375,0.0103209503032849,8,3,21,60,81,20260920,761,8.468003699963447
phase,S1,6,0.02,3,8,1024,8192,0.468017578125,0.457229889872615,0.47883524722980536,1.0189208984375,0.2657470703125,0.06201171875,nan,0.049560546875,nan,0.095947265625,nan,0.095947265625,1,0.457763671875,0.478515625,0.016221775233743563,8,3,21,60,81,20260920,761,8.48658460000297
phase,S1,6,0.02,4,8,1024,8192,0.4698486328125,0.45905761962498676,0.48066791039141715,1.004150390625,-0.28515625,0.0509033203125,nan,0.0595703125,nan,0.108642578125,nan,0.108642578125,1,0.45751953125,0.48388671875,0.020434189034541406,8,3,21,60,81,20260920,761,8.438424199994188
phase,S1,6,0.02,5,8,1024,8192,0.4461669921875,0.43543028216979784,0.45695416615908535,1.20751953125,-0.839111328125,0.045654296875,nan,0.06591796875,nan,0.1336669921875,nan,0.1336669921875,1,0.4365234375,0.455810546875,0.015141780727614795,8,3,21,60,81,20260920,761,8.449943500047084
phase,S1,6,0.02,6,8,1024,8192,0.44775390625,0.437012789004063,0.45854399985027255,1.36328125,-1.203125,0.080078125,nan,0.0474853515625,nan,0.1099853515625,nan,0.1099853515625,1,0.4398193359375,0.4576416015625,0.013967623895964093,8,3,21,60,81,20260920,761,8.352976399997715
phase,S1,6,0.03,0,8,1024,8192,0.320068359375,0.31005271619199104,0.3302526734605572,2.2877197265625,2.2877197265625,0.084716796875,0.679931640625,nan,0.45947265625,nan,0.45947265625,nan,1,0.3125,0.32666015625,0.011131466279820618,8,3,21,60,81,20260920,761,9.087243899994064
phase,S1,6,0.03,1,8,1024,8192,0.3355712890625,0.32542531365500676,0.345871402669269,1.7176513671875,1.4940185546875,0.06494140625,nan,0.11181640625,0.5526123046875,nan,0.5526123046875,nan,1,0.3238525390625,0.34716796875,0.018119586455583328,8,3,21,60,81,20260920,761,8.51893119997112
phase,S1,6,0.03,2,8,1024,8192,0.349609375,0.33935605175930744,0.360003676905509,1.442626953125,0.9404296875,0.07568359375,nan,0.0634765625,nan,0.1876220703125,nan,0.1876220703125,1,0.3414306640625,0.359130859375,0.013908977210507274,8,3,21,60,81,20260920,761,8.52621449995786
phase,S1,6,0.03,3,8,1024,8192,0.34375,0.3335402710160202,0.3541062003240489,1.2991943359375,0.3231201171875,0.080078125,nan,0.0650634765625,nan,0.1365966796875,nan,0.1365966796875,1,0.33447265625,0.355224609375,0.01607200984811905,8,3,21,60,81,20260920,761,8.486198799975682
phase,S1,6,0.03,4,8,1024,8192,0.3406982421875,0.3305119037397407,0.3510339127436891,1.299072265625,-0.410888671875,0.0633544921875,nan,0.081298828125,nan,0.1455078125,nan,0.1455078125,1,0.3294677734375,0.3505859375,0.01641951044545316,8,3,21,60,81,20260920,761,8.431411299970932
phase,S1,6,0.03,5,8,1024,8192,0.3328857421875,0.3227614473800665,0.3431666926703667,1.4935302734375,-1.0194091796875,0.064208984375,nan,0.07958984375,nan,0.162841796875,nan,0.162841796875,1,0.3209228515625,0.34326171875,0.017316045247608627,8,3,21,60,81,20260920,761,8.435826999950223
phase,S1,6,0.03,6,8,1024,8192,0.3341064453125,0.3239722496071995,0.3443961523858894,1.707275390625,-1.522705078125,0.09228515625,nan,0.0614013671875,nan,0.13916015625,nan,0.13916015625,1,0.3309326171875,0.3375244140625,0.005099475955485776,8,3,21,60,81,20260920,761,8.446339599962812
phase,S1,6,0.05,0,8,1024,8192,0.20068359375,0.19215180230974194,0.20949596935107784,2.8582763671875,2.8582763671875,0.10205078125,0.79931640625,nan,0.599853515625,nan,0.599853515625,nan,1,0.188720703125,0.212158203125,0.018120056380151416,8,3,21,60,81,20260920,761,8.96760329999961
phase,S1,6,0.05,1,8,1024,8192,0.2193603515625,0.21053200353215087,0.22845177585130125,2.1773681640625,1.9307861328125,0.09375,nan,0.123291015625,0.6573486328125,nan,0.6573486328125,nan,1,0.2132568359375,0.2254638671875,0.009595866882607579,8,3,21,60,81,20260920,761,8.548462900042068
phase,S1,6,0.05,2,8,1024,8192,0.225341796875,0.21642422627960245,0.23451683662286266,1.8165283203125,1.2091064453125,0.0936279296875,nan,0.08349609375,nan,0.22021484375,nan,0.22021484375,1,0.220458984375,0.2293701171875,0.006920120996225395,8,3,21,60,81,20260920,761,8.534644600003958
phase,S1,6,0.05,3,8,1024,8192,0.2305908203125,0.22159714081670753,0.23983704843917716,1.606689453125,0.38134765625,0.0997314453125,nan,0.088623046875,nan,0.1846923828125,nan,0.1846923828125,1,0.22216796875,0.2393798828125,0.013353653704865253,8,3,21,60,81,20260920,761,8.55531530000735
phase,S1,6,0.05,4,8,1024,8192,0.2181396484375,0.20932984201314958,0.22721367542764687,1.638427734375,-0.440673828125,0.0897216796875,nan,0.0999755859375,nan,0.1907958984375,nan,0.1907958984375,1,0.2088623046875,0.2255859375,0.012838706619115337,8,3,21,60,81,20260920,761,8.590929800004233
phase,S1,6,0.05,5,8,1024,8192,0.2144775390625,0.20572404672860153,0.22349868488422778,1.83642578125,-1.2216796875,0.0927734375,nan,0.098388671875,nan,0.194091796875,nan,0.194091796875,1,0.2080078125,0.220947265625,0.010026339855018038,8,3,21,60,81,20260920,761,8.49639029998798
phase,S1,6,0.05,6,8,1024,8192,0.2117919921875,0.20308046235667554,0.2207736929823112,2.22021484375,-2.010498046875,0.1048583984375,nan,0.092041015625,nan,0.1912841796875,nan,0.1912841796875,1,0.2020263671875,0.22216796875,0.01559390652739353,8,3,21,60,81,20260920,761,8.506439300021157
phase,S2,2,0.0,0,8,1024,8192,0.9158935546875,0.9096866510419747,0.9217105928208259,0.1376953125,0.1376953125,0.014892578125,0.0841064453125,nan,0.0386962890625,nan,0.0841064453125,nan,0,0.9112548828125,0.9205322265625,0.00716555259553457,8,2,8,36,25,20260920,761,1.4735074999625795
phase,S2,2,0.0,1,8,1024,8192,0.912353515625,0.9060350959780368,0.9182853882510622,0.1119384765625,0.0406494140625,0.0242919921875,nan,0.03564453125,0.052001953125,nan,nan,0.03564453125,0,0.906005859375,0.919189453125,0.010078011445581198,8,2,8,36,25,20260920,761,1.4141940000117756
phase,S2,2,0.0,2,8,1024,8192,0.9161376953125,0.9099385971053974,0.9219466991459343,0.10986328125,-0.05615234375,0.02685546875,nan,0.0260009765625,nan,0.0570068359375,nan,0.0260009765625,0,0.9110107421875,0.9219970703125,0.008440146056546973,8,2,8,36,25,20260920,761,1.411068300018087
phase,S2,2,0.001,0,8,1024,8192,0.90185546875,0.8952233691591273,0.9081108623631325,0.1624755859375,0.1624755859375,0.0189208984375,0.09814453125,nan,0.04541015625,nan,0.09814453125,nan,0,0.8974609375,0.9053955078125,0.0062421476900661535,8,2,8,36,25,20260920,761,2.952808999980334
phase,S2,2,0.001,1,8,1024,8192,0.902099609375,0.8954745344467293,0.9083477494640618,0.124267578125,0.047607421875,0.0263671875,nan,0.038330078125,0.0595703125,nan,nan,0.038330078125,0,0.89599609375,0.907958984375,0.009037443955056785,8,2,8,36,25,20260920,761,1.9212899000267498
phase,S2,2,0.001,2,8,1024,8192,0.9071044921875,0.900626187335786,0.9132011705398934,0.1204833984375,-0.0567626953125,0.0318603515625,nan,0.027587890625,nan,0.06103515625,nan,0.027587890625,0,0.90234375,0.911865234375,0.007408600602602434,8,2,8,36,25,20260920,761,1.9731235000072047
phase,S2,2,0.003,0,8,1024,8192,0.880859375,0.8736650957764247,0.887696630332157,0.1956787109375,0.1956787109375,0.0230712890625,0.119140625,nan,0.053466796875,nan,0.119140625,nan,0,0.873046875,0.888916015625,0.012297377718213735,8,2,8,36,25,20260920,761,2.913323799963109
phase,S2,2,0.003,1,8,1024,8192,0.8758544921875,0.8685372280739191,0.8828194240697741,0.156494140625,0.057373046875,0.0323486328125,nan,0.049560546875,0.0745849609375,nan,nan,0.049560546875,0,0.8690185546875,0.882568359375,0.010274645533860058,8,2,8,36,25,20260920,761,2.138232199999038
phase,S2,2,0.003,2,8,1024,8192,0.8839111328125,0.8767937855219268,0.8906685954432942,0.1483154296875,-0.0780029296875,0.03515625,nan,0.0322265625,nan,0.0809326171875,nan,0.0322265625,0,0.879150390625,0.888916015625,0.0074999836512796144,8,2,8,36,25,20260920,761,2.2018813000177033
phase,S2,2,0.005,0,8,1024,8192,0.857177734375,0.8494334362224741,0.8645872081985867,0.240478515625,0.240478515625,0.030029296875,0.142822265625,nan,0.067626953125,nan,0.142822265625,nan,0,0.8499755859375,0.8646240234375,0.01131356341655999,8,2,8,36,25,20260920,761,3.1472287999931723
phase,S2,2,0.005,1,8,1024,8192,0.855712890625,0.8479370631630488,0.8631552669268253,0.18017578125,0.06689453125,0.035888671875,nan,0.056640625,0.087646484375,nan,nan,0.056640625,0,0.849609375,0.861328125,0.009037443955056785,8,2,8,36,25,20260920,761,2.0680200000060722
phase,S2,2,0.005,2,8,1024,8192,0.86083984375,0.8531755613733769,0.8681658688756511,0.175537109375,-0.089599609375,0.04296875,nan,0.036376953125,nan,0.09619140625,nan,0.036376953125,0,0.8526611328125,0.86865234375,0.012527870714644894,8,2,8,36,25,20260920,761,2.1605406000162475
phase,S2,2,0.01,0,8,1024,8192,0.8175048828125,0.8089925113474365,0.8257196199373138,0.313232421875,0.313232421875,0.0452880859375,0.1824951171875,nan,0.08544921875,nan,0.1824951171875,nan,0,0.812255859375,0.822998046875,0.00837532996074669,8,2,8,36,25,20260920,761,2.9511911000008695
phase,S2,2,0.01,1,8,1024,8192,0.806884765625,0.7981936675026545,0.8152881848809911,0.2413330078125,0.0872802734375,0.0482177734375,nan,0.0770263671875,0.1160888671875,nan,nan,0.0770263671875,0,0.796630859375,0.817138671875,0.015822120845722314,8,2,8,36,25,20260920,761,1.969123600050807
phase,S2,2,0.01,2,8,1024,8192,0.8126220703125,0.8040262528927621,0.8209248306213653,0.234130859375,-0.12939453125,0.0523681640625,nan,0.0467529296875,nan,0.135009765625,nan,0.0467529296875,0,0.80615234375,0.8189697265625,0.009813464019321821,8,2,8,36,25,20260920,761,2.0944397000130266
phase,S2,2,0.02,0,8,1024,8192,0.720458984375,0.710639300590295,0.7300720062533262,0.474365234375,0.474365234375,0.0660400390625,0.279541015625,nan,0.1287841796875,nan,0.279541015625,nan,0,0.712646484375,0.7283966064453125,0.012183291648369496,8,2,8,36,25,20260920,761,2.8122155999881215
phase,S2,2,0.02,1,8,1024,8192,0.7220458984375,0.7122424148580627,0.731641232511011,0.3397216796875,0.1229248046875,0.061767578125,nan,0.1083984375,0.1695556640625,nan,nan,0.1083984375,0,0.715087890625,0.7290069580078125,0.010785695930400376,8,2,8,36,25,20260920,761,1.9006402000086382
phase,S2,2,0.02,2,8,1024,8192,0.7200927734375,0.7102693725750262,0.7297098556857984,0.34765625,-0.187744140625,0.0799560546875,nan,0.0677490234375,nan,0.199951171875,nan,0.0677490234375,0,0.7135009765625,0.7269287109375,0.010465145832722707,8,2,8,36,25,20260920,761,1.9030789000098594
phase,S2,2,0.03,0,8,1024,8192,0.6475830078125,0.6371710571622345,0.6578566117048409,0.6114501953125,0.6114501953125,0.0875244140625,0.3524169921875,nan,0.1715087890625,nan,0.3524169921875,nan,0,0.6424560546875,0.6531982421875,0.008326386780773094,8,2,8,36,25,20260920,761,2.786731499945745
phase,S2,2,0.03,1,8,1024,8192,0.6451416015625,0.6347146221771497,0.6554325228046144,0.434814453125,0.160400390625,0.0799560546875,nan,0.13720703125,0.2176513671875,nan,nan,0.13720703125,0,0.636474609375,0.65478515625,0.01418959090500038,8,2,8,36,25,20260920,761,1.9911213000304997
phase,S2,2,0.03,2,8,1024,8192,0.6463623046875,0.635942802789056,0.6566446041353636,0.444580078125,-0.24755859375,0.0985107421875,nan,0.0909423828125,nan,0.255126953125,nan,0.0909423828125,0,0.642822265625,0.6495361328125,0.005126122647449399,8,2,8,36,25,20260920,761,2.010633700003382
phase,S2,2,0.05,0,8,1024,8192,0.5396728515625,0.5288635336369236,0.5504449794993869,0.8323974609375,0.8323974609375,0.1280517578125,0.4603271484375,nan,0.2440185546875,nan,0.4603271484375,nan,0,0.532470703125,0.547119140625,0.01120693988076146,8,2,8,36,25,20260920,761,3.1427413999917917
phase,S2,2,0.05,1,8,1024,8192,0.5296630859375,0.5188434040769522,0.5404549611295816,0.5850830078125,0.2225341796875,0.11474609375,nan,0.1812744140625,0.2890625,nan,nan,0.1812744140625,0,0.5198974609375,0.540771484375,0.016164458939191415,8,2,8,36,25,20260920,761,2.0112365999957547
phase,S2,2,0.05,2,8,1024,8192,0.53125,0.5204316699913408,0.5420390357406454,0.58837890625,-0.33447265625,0.126953125,nan,0.11962890625,nan,0.341796875,nan,0.11962890625,0,0.5224609375,0.53955078125,0.013277556603046293,8,2,8,36,25,20260920,761,1.9626811999478377
phase,S2,4,0.0,0,8,1024,8192,0.8214111328125,0.8129671258008195,0.8295538437004291,0.5162353515625,0.5162353515625,0.038818359375,0.1785888671875,nan,0.10400390625,nan,0.10400390625,nan,1,0.8167724609375,0.825927734375,0.0069923414257548645,8,3,15,54,57,20260920,761,4.698175300029106
phase,S2,4,0.0,1,8,1024,8192,0.805419921875,0.7967049644959309,0.8138485735565278,0.4505615234375,0.3572998046875,0.0582275390625,nan,0.046630859375,0.14794921875,nan,0.14794921875,nan,1,0.80126953125,0.8094482421875,0.006236688880373078,8,3,15,54,57,20260920,761,4.37861380004324
phase,S2,4,0.0,2,8,1024,8192,0.8184814453125,0.8099860293136626,0.8266783115252122,0.383544921875,0.2041015625,0.05419921875,nan,0.0244140625,nan,0.0653076171875,nan,0.0653076171875,1,0.8114013671875,0.8262939453125,0.011465329763137962,8,3,15,54,57,20260920,761,4.277794599998742
phase,S2,4,0.0,3,8,1024,8192,0.816650390625,0.8081232565553558,0.8248806913695355,0.3641357421875,0.0894775390625,0.0595703125,nan,0.0081787109375,nan,0.0323486328125,nan,0.0323486328125,1,0.8114013671875,0.8214141845703125,0.00777316408573361,8,3,15,54,57,20260920,761,4.359198899997864
phase,S2,4,0.0,4,8,1024,8192,0.8184814453125,0.8099860293136626,0.8266783115252122,0.361572265625,-0.1123046875,0.071044921875,nan,0.0335693359375,nan,0.0394287109375,nan,0.0394287109375,1,0.8096923828125,0.82763671875,0.013981638135954384,8,3,15,54,57,20260920,761,4.333120200026315
phase,S2,4,0.001,0,8,1024,8192,0.8001708984375,0.7913719701214985,0.8086884415775406,0.5762939453125,0.5762939453125,0.044921875,0.1998291015625,nan,0.1138916015625,nan,0.1138916015625,nan,1,0.7908935546875,0.8095703125,0.014294815570287932,8,3,15,54,57,20260920,761,10.643819199991412
phase,S2,4,0.001,1,8,1024,8192,0.7845458984375,0.775510549218085,0.7933145096149611,0.50439453125,0.4072265625,0.0650634765625,nan,0.048583984375,0.1668701171875,nan,0.1668701171875,nan,1,0.778076171875,0.7906494140625,0.009792617550703688,8,3,15,54,57,20260920,761,6.428843200032134
phase,S2,4,0.001,2,8,1024,8192,0.796875,0.7880245412447034,0.8054471632091654,0.430908203125,0.2353515625,0.0623779296875,nan,0.0250244140625,nan,0.07275390625,nan,0.07275390625,1,0.7886962890625,0.80712890625,0.014218964627501012,8,3,15,54,57,20260920,761,6.225856300035957
phase,S2,4,0.001,3,8,1024,8192,0.7877197265625,0.7787308116419144,0.7964389282420367,0.41259765625,0.1015625,0.066650390625,nan,0.0107421875,nan,0.0341796875,nan,0.0341796875,1,0.7823486328125,0.792724609375,0.008068785657906263,8,3,15,54,57,20260920,761,6.501840999990236
phase,S2,4,0.001,4,8,1024,8192,0.7938232421875,0.7849258747812577,0.8024451748159718,0.40625,-0.131591796875,0.078369140625,nan,0.0345458984375,nan,0.0450439453125,nan,0.0450439453125,1,0.7838134765625,0.8037109375,0.015302879937229336,8,3,15,54,57,20260920,761,6.260124599968549
phase,S2,4,0.003,0,8,1024,8192,0.7532958984375,0.7438433991845642,0.7625109539164957,0.7366943359375,0.7366943359375,0.062255859375,0.2467041015625,nan,0.1434326171875,nan,0.1434326171875,nan,1,0.74365234375,0.761962890625,0.014073903138002502,8,3,15,54,57,20260920,761,9.806175499979872
phase,S2,4,0.003,1,8,1024,8192,0.7393798828125,0.7297634003873145,0.7487719665674705,0.615478515625,0.494873046875,0.0797119140625,nan,0.060302734375,0.2003173828125,nan,0.2003173828125,nan,1,0.7320556640625,0.7474365234375,0.011976762297324112,8,3,15,54,57,20260920,761,6.4565317000378855
phase,S2,4,0.003,2,8,1024,8192,0.747314453125,0.7377899095066993,0.7566071600753477,0.532958984375,0.309814453125,0.0782470703125,nan,0.0257568359375,nan,0.0858154296875,nan,0.0858154296875,1,0.7403564453125,0.753173828125,0.009845515847495875,8,3,15,54,57,20260920,761,6.318913100054488
phase,S2,4,0.003,3,8,1024,8192,0.7445068359375,0.7349492922616726,0.7538351748522661,0.4947509765625,0.1260986328125,0.0809326171875,nan,0.0147705078125,nan,0.0396728515625,nan,0.0396728515625,1,0.736328125,0.7523193359375,0.012252287759494065,8,3,15,54,57,20260920,761,6.254020299995318
phase,S2,4,0.003,4,8,1024,8192,0.7396240234375,0.7300103092496805,0.7490131100936356,0.50634765625,-0.181884765625,0.0906982421875,nan,0.041259765625,nan,0.0557861328125,nan,0.0557861328125,1,0.7315673828125,0.7481689453125,0.012923320574087935,8,3,15,54,57,20260920,761,6.606651800044347
phase,S2,4,0.005,0,8,1024,8192,0.7098388671875,0.6999146085203607,0.719566419422156,0.8883056640625,0.8883056640625,0.0792236328125,0.2901611328125,nan,0.1702880859375,nan,0.1702880859375,nan,1,0.6993377685546875,0.7200927734375,0.016007775699286204,8,3,15,54,57,20260920,761,11.737003299989738
phase,S2,4,0.005,1,8,1024,8192,0.6932373046875,0.6831625752899652,0.7031308902324339,0.7249755859375,0.5906982421875,0.09228515625,nan,0.067138671875,0.2396240234375,nan,0.2396240234375,nan,1,0.6826171875,0.7034912109375,0.015956629110873057,8,3,15,54,57,20260920,761,6.561996100004762
phase,S2,4,0.005,2,8,1024,8192,0.7110595703125,0.7011469956612518,0.7207742942239205,0.6016845703125,0.3255615234375,0.0860595703125,nan,0.0323486328125,nan,0.105712890625,nan,0.105712890625,1,0.7044677734375,0.718017578125,0.010380181494338094,8,3,15,54,57,20260920,761,6.326781999960076
phase,S2,4,0.005,3,8,1024,8192,0.7017822265625,0.6917830012164963,0.7115922979044926,0.5694580078125,0.1380615234375,0.0919189453125,nan,0.0169677734375,nan,0.0474853515625,nan,0.0474853515625,1,0.6956787109375,0.707763671875,0.009322208541033586,8,3,15,54,57,20260920,761,6.646923699998297
phase,S2,4,0.005,4,8,1024,8192,0.700439453125,0.6904280922184604,0.7102629187656072,0.574462890625,-0.2021484375,0.1051025390625,nan,0.045654296875,nan,0.0611572265625,nan,0.0611572265625,1,0.69287109375,0.7080078125,0.011934742188865092,8,3,15,54,57,20260920,761,6.718621500011068
phase,S2,4,0.01,0,8,1024,8192,0.6063232421875,0.5956960269766495,0.616850788228663,1.21240234375,1.21240234375,0.1146240234375,0.3936767578125,nan,0.2315673828125,nan,0.2315673828125,nan,1,0.594482421875,0.6162109375,0.01688583994674122,8,3,15,54,57,20260920,761,11.23763260000851
phase,S2,4,0.01,1,8,1024,8192,0.6031494140625,0.5925089735031633,0.6136931606512442,0.953125,0.781982421875,0.1214599609375,nan,0.0855712890625,0.311279296875,nan,0.311279296875,nan,1,0.5946044921875,0.611572265625,0.013153202611348998,8,3,15,54,57,20260920,761,6.635132399969734
phase,S2,4,0.01,2,8,1024,8192,0.6065673828125,0.5959412042657911,0.6170936633280525,0.8309326171875,0.4747314453125,0.1195068359375,nan,0.0406494140625,nan,0.137451171875,nan,0.137451171875,1,0.6011962890625,0.611572265625,0.008043418702831508,8,3,15,54,57,20260920,761,6.2441501000430435
phase,S2,4,0.01,3,8,1024,8192,0.602783203125,0.5921412665441835,0.6133287890274274,0.766845703125,0.191162109375,0.1282958984375,nan,0.02587890625,nan,0.0635986328125,nan,0.0635986328125,1,0.593505859375,0.612060546875,0.014178184720888344,8,3,15,54,57,20260920,761,6.340055999986362
phase,S2,4,0.01,4,8,1024,8192,0.610595703125,0.5999870295391415,0.6211007024654659,0.76025390625,-0.2529296875,0.134521484375,nan,0.0546875,nan,0.0792236328125,nan,0.0792236328125,1,0.601318359375,0.6207275390625,0.015216389194044416,8,3,15,54,57,20260920,761,6.536041099985596
phase,S2,4,0.02,0,8,1024,8192,0.471435546875,0.4606417700970043,0.48225610044485206,1.7288818359375,1.7288818359375,0.1715087890625,0.528564453125,nan,0.3402099609375,nan,0.3402099609375,nan,1,0.4610565185546875,0.48193359375,0.015967831426045735,8,3,15,54,57,20260920,761,11.089857599989045
phase,S2,4,0.02,1,8,1024,8192,0.46044921875,0.4496768236655367,0.4712586893924183,1.329345703125,1.0966796875,0.166259765625,nan,0.1163330078125,0.4232177734375,nan,0.4232177734375,nan,1,0.450927734375,0.4703369140625,0.015137843780195913,8,3,15,54,57,20260920,761,6.645095099986065
phase,S2,4,0.02,2,8,1024,8192,0.46533203125,0.45454948369563564,0.47614707713294213,1.1644287109375,0.6929931640625,0.174560546875,nan,0.0556640625,nan,0.1800537109375,nan,0.1800537109375,1,0.4571533203125,0.4735107421875,0.012495203460308637,8,3,15,54,57,20260920,761,6.519414499984123
phase,S2,4,0.02,3,8,1024,8192,0.4678955078125,0.45710804641241065,0.47871306449574413,1.032958984375,0.2080078125,0.1676025390625,nan,0.044921875,nan,0.1024169921875,nan,0.1024169921875,1,0.4617919921875,0.473876953125,0.009344104539585034,8,3,15,54,57,20260920,761,6.807032999990042
phase,S2,4,0.02,4,8,1024,8192,0.467529296875,0.456742519925411,0.47834651239994713,1.0537109375,-0.35888671875,0.183349609375,nan,0.0714111328125,nan,0.11279296875,nan,0.11279296875,1,0.46044921875,0.4753479003906249,0.011622441867333319,8,3,15,54,57,20260920,761,6.170347100007348
phase,S2,4,0.03,0,8,1024,8192,0.3717041015625,0.3613016431795593,0.3822268266473255,2.1048583984375,2.1048583984375,0.212890625,0.6282958984375,nan,0.4254150390625,nan,0.4254150390625,nan,1,0.361328125,0.383056640625,0.016365488499387695,8,3,15,54,57,20260920,761,10.937583699997049
phase,S2,4,0.03,1,8,1024,8192,0.37841796875,0.36797487028491405,0.38897504022657714,1.5943603515625,1.3519287109375,0.2001953125,nan,0.1212158203125,0.5003662109375,nan,0.5003662109375,nan,1,0.361083984375,0.3963623046875,0.027178831425406606,8,3,15,54,57,20260920,761,6.9247639999957755
phase,S2,4,0.03,2,8,1024,8192,0.3731689453125,0.3627574365411784,0.3836993476168933,1.381103515625,0.81884765625,0.2042236328125,nan,0.070068359375,nan,0.2110595703125,nan,0.2110595703125,1,0.363037109375,0.3843994140625,0.016609254225250905,8,3,15,54,57,20260920,761,6.468398199998774
phase,S2,4,0.03,3,8,1024,8192,0.375732421875,0.365305321670232,0.3862760125674166,1.251220703125,0.293212890625,0.2105712890625,nan,0.0543212890625,nan,0.1258544921875,nan,0.1258544921875,1,0.3695068359375,0.382080078125,0.009692106074843363,8,3,15,54,57,20260920,761,6.654845100012608
phase,S2,4,0.03,4,8,1024,8192,0.3651123046875,0.3547518494770856,0.3755992058594584,1.2823486328125,-0.3944091796875,0.2274169921875,nan,0.080810546875,nan,0.13427734375,nan,0.13427734375,1,0.35791015625,0.37353515625,0.0119539900608279,8,3,15,54,57,20260920,761,6.581123000010848
phase,S2,4,0.05,0,8,1024,8192,0.2525634765625,0.2432723305728226,0.26208657365086485,2.639892578125,2.639892578125,0.273681640625,0.7474365234375,nan,0.5452880859375,nan,0.5452880859375,nan,1,0.244384765625,0.2598876953125,0.012073065117176788,8,3,15,54,57,20260920,761,10.176269400049932
phase,S2,4,0.05,1,8,1024,8192,0.260498046875,0.2511074611928281,0.2701131456581215,2.0224609375,1.762451171875,0.2593994140625,nan,0.1300048828125,0.6094970703125,nan,0.6094970703125,nan,1,0.25390625,0.2672119140625,0.010131940988859434,8,3,15,54,57,20260920,761,6.1895739999599755
phase,S2,4,0.05,2,8,1024,8192,0.266845703125,0.2573784716545574,0.2765314972982019,1.6964111328125,1.0401611328125,0.2640380859375,nan,0.09033203125,nan,0.23779296875,nan,0.23779296875,1,0.26220703125,0.2718505859375,0.007377503346606172,8,3,15,54,57,20260920,761,6.617175800027326
phase,S2,4,0.05,3,8,1024,8192,0.2529296875,0.24363386157432831,0.2624571212321559,1.5579833984375,0.3414306640625,0.2718505859375,nan,0.0789794921875,nan,0.1729736328125,nan,0.1729736328125,1,0.2418212890625,0.263671875,0.01665481872870914,8,3,15,54,57,20260920,761,6.66427740000654
phase,S2,4,0.05,4,8,1024,8192,0.246826171875,0.2376095077261143,0.2562801653670913,1.5673828125,-0.481689453125,0.2772216796875,nan,0.09423828125,nan,0.171630859375,nan,0.171630859375,1,0.2357177734375,0.255859375,0.01578764056318031,8,3,15,54,57,20260920,761,6.398419000033755
phase,S2,6,0.0,0,8,1024,8192,0.7755126953125,0.766349436423528,0.7844176840338658,0.6407470703125,0.6407470703125,0.02197265625,0.2244873046875,nan,0.1241455078125,nan,0.1241455078125,nan,1,0.77001953125,0.78076171875,0.008440146056546973,8,3,21,60,81,20260920,761,9.313644400041085
phase,S2,6,0.0,1,8,1024,8192,0.774658203125,0.7654831633771374,0.7835757737203976,0.5216064453125,0.4307861328125,0.0162353515625,nan,0.04541015625,0.179931640625,nan,0.179931640625,nan,1,0.77001953125,0.7789306640625,0.006959384409172387,8,3,21,60,81,20260920,761,8.675558999995701
phase,S2,6,0.0,2,8,1024,8192,0.7686767578125,0.7594207560531728,0.777680897525349,0.4725341796875,0.2928466796875,0.01513671875,nan,0.023193359375,nan,0.066650390625,nan,0.066650390625,1,0.7615966796875,0.776611328125,0.011477206321819491,8,3,21,60,81,20260920,761,8.713507100008428
phase,S2,6,0.0,3,8,1024,8192,0.7620849609375,0.7527427225860491,0.771181516502132,0.457275390625,0.138671875,0.040283203125,nan,0.0123291015625,nan,0.0389404296875,nan,0.0389404296875,1,0.7562255859375,0.768310546875,0.009394996751627959,8,3,21,60,81,20260920,761,8.633144600025844
phase,S2,6,0.0,4,8,1024,8192,0.7818603515625,0.7727863245723532,0.7906701579868505,0.4237060546875,-0.1387939453125,0.015380859375,nan,0.0372314453125,nan,0.0506591796875,nan,0.0506591796875,1,0.7752685546875,0.7874755859375,0.009567429355709544,8,3,21,60,81,20260920,761,8.618240999989212
phase,S2,6,0.0,5,8,1024,8192,0.758544921875,0.7491576333042131,0.7676898461502664,0.505126953125,-0.33056640625,0.02490234375,nan,0.01904296875,nan,0.0615234375,nan,0.0615234375,1,0.749755859375,0.768798828125,0.014585523376026751,8,3,21,60,81,20260920,761,8.53629479999654
phase,S2,6,0.0,6,8,1024,8192,0.766357421875,0.7570707249436768,0.7753944309437992,0.5531005859375,-0.4847412109375,0.0341796875,nan,0.015380859375,nan,0.0357666015625,nan,0.0357666015625,1,0.7562255859375,0.7760009765625,0.015252160948832659,8,3,21,60,81,20260920,761,8.472511799947824
phase,S2,6,0.001,0,8,1024,8192,0.7430419921875,0.73346743546001,0.752388717322742,0.7557373046875,0.7557373046875,0.025634765625,0.2569580078125,nan,0.1453857421875,nan,0.1453857421875,nan,1,0.7354736328125,0.751220703125,0.011976762297324112,8,3,21,60,81,20260920,761,20.88496940000914
phase,S2,6,0.001,1,8,1024,8192,0.7406005859375,0.7309979828808538,0.7499776460165867,0.5999755859375,0.4971923828125,0.01513671875,nan,0.0513916015625,0.2080078125,nan,0.2080078125,nan,1,0.7314453125,0.7493896484375,0.01408358008156991,8,3,21,60,81,20260920,761,12.041802499967162
phase,S2,6,0.001,2,8,1024,8192,0.7347412109375,0.7250728522300312,0.744189519342662,0.5457763671875,0.3353271484375,0.01953125,nan,0.0267333984375,nan,0.0784912109375,nan,0.0784912109375,1,0.7247314453125,0.744384765625,0.015146278843043426,8,3,21,60,81,20260920,761,12.288150699983817
phase,S2,6,0.001,3,8,1024,8192,0.734130859375,0.7244557760338657,0.7435864645674997,0.514404296875,0.16845703125,0.0450439453125,nan,0.0142822265625,nan,0.0411376953125,nan,0.0411376953125,1,0.722900390625,0.7452392578125,0.01720801776045517,8,3,21,60,81,20260920,761,12.692450700036716
phase,S2,6,0.001,4,8,1024,8192,0.74267578125,0.73309699302625,0.7520270811737052,0.495361328125,-0.16650390625,0.0184326171875,nan,0.0413818359375,nan,0.0574951171875,nan,0.0574951171875,1,0.73876953125,0.746337890625,0.005836077194015594,8,3,21,60,81,20260920,761,12.404077899991535
phase,S2,6,0.001,5,8,1024,8192,0.73291015625,0.7232216936910005,0.742380284967709,0.5599365234375,-0.3729248046875,0.02490234375,nan,0.02294921875,nan,0.066650390625,nan,0.066650390625,1,0.7255859375,0.7408447265625,0.011776735262502946,8,3,21,60,81,20260920,761,12.341145499958657
phase,S2,6,0.001,6,8,1024,8192,0.7330322265625,0.7233450977308986,0.7425009071220765,0.633544921875,-0.549560546875,0.0419921875,nan,0.017333984375,nan,0.0400390625,nan,0.0400390625,1,0.7237548828125,0.742431640625,0.01453112905425618,8,3,21,60,81,20260920,761,12.130551400012337
phase,S2,6,0.003,0,8,1024,8192,0.680908203125,0.6707316072796248,0.6909152126219515,0.9345703125,0.9345703125,0.032470703125,0.319091796875,nan,0.1783447265625,nan,0.1783447265625,nan,1,0.676025390625,0.6859130859375,0.007577916452855762,8,3,21,60,81,20260920,761,21.858275200007483
phase,S2,6,0.003,1,8,1024,8192,0.685302734375,0.6751615027723494,0.6952702601227874,0.73779296875,0.615234375,0.0211181640625,nan,0.061279296875,0.25341796875,nan,0.25341796875,nan,1,0.6754150390625,0.6956787109375,0.015692429143217425,8,3,21,60,81,20260920,761,13.003674299980048
phase,S2,6,0.003,2,8,1024,8192,0.685546875,0.6754076385526224,0.6955121767310455,0.6514892578125,0.4163818359375,0.023193359375,nan,0.030029296875,nan,0.0875244140625,nan,0.0875244140625,1,0.6746826171875,0.6981201171875,0.018299615412533998,8,3,21,60,81,20260920,761,12.540983800019603
phase,S2,6,0.003,3,8,1024,8192,0.675048828125,0.6648266826132059,0.6851068799636231,0.614501953125,0.147705078125,0.0457763671875,nan,0.02490234375,nan,0.05810546875,nan,0.05810546875,1,0.66162109375,0.6879913330078125,0.02049618345880406,8,3,21,60,81,20260920,761,12.769580299966037
phase,S2,6,0.003,4,8,1024,8192,0.690185546875,0.6800848327624808,0.7001079779032789,0.5784912109375,-0.1649169921875,0.0238037109375,nan,0.0443115234375,nan,0.0616455078125,nan,0.0616455078125,1,0.68212890625,0.700439453125,0.014435298338959455,8,3,21,60,81,20260920,761,12.887259799987078
phase,S2,6,0.003,5,8,1024,8192,0.67919921875,0.6690091493375434,0.6892213038443149,0.6866455078125,-0.4744873046875,0.0274658203125,nan,0.034912109375,nan,0.082763671875,nan,0.082763671875,1,0.6690673828125,0.688720703125,0.014929410961687217,8,3,21,60,81,20260920,761,12.256851300015114
phase,S2,6,0.003,6,8,1024,8192,0.6796875,0.6695012642988478,0.6897052936600727,0.77490234375,-0.672607421875,0.0511474609375,nan,0.0220947265625,nan,0.0555419921875,nan,0.0555419921875,1,0.6697998046875,0.689208984375,0.014801101796735317,8,3,21,60,81,20260920,761,12.259064199985005
phase,S2,6,0.005,0,8,1024,8192,0.6383056640625,0.6278381659269259,0.6486435121759662,1.10693359375,1.10693359375,0.0408935546875,0.3616943359375,nan,0.213623046875,nan,0.213623046875,nan,1,0.62890625,0.6463623046875,0.013409649448740258,8,3,21,60,81,20260920,761,21.944885900011286
phase,S2,6,0.005,1,8,1024,8192,0.6346435546875,0.6241552892927865,0.6450056029821384,0.8560791015625,0.7149658203125,0.0277099609375,nan,0.070556640625,0.2947998046875,nan,0.2947998046875,nan,1,0.625,0.64306640625,0.013765597723681324,8,3,21,60,81,20260920,761,12.79189969995059
phase,S2,6,0.005,2,8,1024,8192,0.63037109375,0.6198594208461724,0.6407605546294576,0.7711181640625,0.4866943359375,0.03173828125,nan,0.0369873046875,nan,0.105224609375,nan,0.105224609375,1,0.621337890625,0.6402587890625,0.014662381755894243,8,3,21,60,81,20260920,761,12.348751900019124
phase,S2,6,0.005,3,8,1024,8192,0.6221923828125,0.611638345067809,0.6326318753920276,0.7220458984375,0.1829833984375,0.0531005859375,nan,0.0294189453125,nan,0.068603515625,nan,0.068603515625,1,0.6123046875,0.6314697265625,0.014978948989601292,8,3,21,60,81,20260920,761,12.707965999958105
phase,S2,6,0.005,4,8,1024,8192,0.6380615234375,0.6275926205188489,0.648401005195512,0.691650390625,-0.241943359375,0.028076171875,nan,0.0540771484375,nan,0.078125,nan,0.078125,1,0.6298828125,0.6453857421875,0.011868205026603715,8,3,21,60,81,20260920,761,12.418364199984353
phase,S2,6,0.005,5,8,1024,8192,0.6251220703125,0.6145828409156282,0.6355440082065822,0.8018798828125,-0.5477294921875,0.03369140625,nan,0.0380859375,nan,0.0948486328125,nan,0.0948486328125,1,0.6126708984375,0.634521484375,0.017503853976882207,8,3,21,60,81,20260920,761,12.357171399984509
phase,S2,6,0.005,6,8,1024,8192,0.6224365234375,0.6118837041356286,0.6328745687127391,0.910888671875,-0.801513671875,0.0546875,nan,0.026123046875,nan,0.065673828125,nan,0.065673828125,1,0.611083984375,0.6348876953125,0.018762330133633643,8,3,21,60,81,20260920,761,12.847991899994668
phase,S2,6,0.01,0,8,1024,8192,0.5181884765625,0.5073622767532384,0.5289976261923317,1.4830322265625,1.4830322265625,0.0528564453125,0.4818115234375,nan,0.289306640625,nan,0.289306640625,nan,1,0.5086669921875,0.528076171875,0.0151282783567395,8,3,21,60,81,20260920,761,20.847264600044582
phase,S2,6,0.01,1,8,1024,8192,0.51708984375,0.506263319653424,0.5279003475437559,1.1417236328125,0.9554443359375,0.036865234375,nan,0.0931396484375,0.3897705078125,nan,0.3897705078125,nan,1,0.5069580078125,0.5269775390625,0.015581342468459502,8,3,21,60,81,20260920,761,13.020227300003171
phase,S2,6,0.01,2,8,1024,8192,0.5289306640625,0.5181103952287364,0.539723812812204,0.99560546875,0.637939453125,0.042236328125,nan,0.043212890625,nan,0.1356201171875,nan,0.1356201171875,1,0.524169921875,0.533447265625,0.007156039743553285,8,3,21,60,81,20260920,761,12.378584299993236
phase,S2,6,0.01,3,8,1024,8192,0.517333984375,0.5065075278195739,0.5281441917661371,0.9234619140625,0.2330322265625,0.0616455078125,nan,0.039794921875,nan,0.0858154296875,nan,0.0858154296875,1,0.503173828125,0.5322265625,0.022316414406130514,8,3,21,60,81,20260920,761,13.000406199949794
phase,S2,6,0.01,4,8,1024,8192,0.52783203125,0.5170109257053154,0.5386270465872348,0.911376953125,-0.25927734375,0.04541015625,nan,0.06201171875,nan,0.10009765625,nan,0.10009765625,1,0.5159912109375,0.541015625,0.019593928446014715,8,3,21,60,81,20260920,761,12.46574860002147
phase,S2,6,0.01,5,8,1024,8192,0.5157470703125,0.5049202209280107,0.5265591581322481,1.053955078125,-0.73681640625,0.0394287109375,nan,0.0535888671875,nan,0.120361328125,nan,0.120361328125,1,0.5076904296875,0.5247802734375,0.013116899962216372,8,3,21,60,81,20260920,761,12.331142199982423
phase,S2,6,0.01,6,8,1024,8192,0.5203857421875,0.5095603479900979,0.5311920264522525,1.1925048828125,-1.0648193359375,0.0638427734375,nan,0.0401611328125,nan,0.0919189453125,nan,0.0919189453125,1,0.51123046875,0.529296875,0.013923050481416692,8,3,21,60,81,20260920,761,12.398372800031211
phase,S2,6,0.02,0,8,1024,8192,0.3719482421875,0.36154426827077524,0.3824722539446407,2.033935546875,2.033935546875,0.0687255859375,0.6280517578125,nan,0.4112548828125,nan,0.4112548828125,nan,1,0.36572265625,0.3779296875,0.009474417925748171,8,3,21,60,81,20260920,761,21.373383299971465
phase,S2,6,0.02,1,8,1024,8192,0.376708984375,0.3662760269598849,0.38725751683188836,1.58447265625,1.369873046875,0.056884765625,nan,0.1072998046875,0.5159912109375,nan,0.5159912109375,nan,1,0.3658447265625,0.3873291015625,0.016611817342228132,8,3,21,60,81,20260920,761,12.92674220004119
phase,S2,6,0.02,2,8,1024,8192,0.3836669921875,0.37319361061151374,0.39424942625339704,1.337158203125,0.8671875,0.06201171875,nan,0.0589599609375,nan,0.176025390625,nan,0.176025390625,1,0.3775634765625,0.39013671875,0.009588765407531194,8,3,21,60,81,20260920,761,12.289651099999901
phase,S2,6,0.02,3,8,1024,8192,0.37744140625,0.3670040856881716,0.387993615269195,1.2554931640625,0.3487548828125,0.0831298828125,nan,0.0601806640625,nan,0.1234130859375,nan,0.1234130859375,1,0.36962890625,0.38708801269531246,0.01398711814675701,8,3,21,60,81,20260920,761,12.315425600041635
phase,S2,6,0.02,4,8,1024,8192,0.3819580078125,0.3714943430506918,0.392532327094501,1.22900390625,-0.359375,0.0592041015625,nan,0.080078125,nan,0.14111328125,nan,0.14111328125,1,0.3681640625,0.39575500488281246,0.021244844083630386,8,3,21,60,81,20260920,761,12.745325000025332
phase,S2,6,0.02,5,8,1024,8192,0.3699951171875,0.35960334760052515,0.38050875550664165,1.406494140625,-0.97216796875,0.05810546875,nan,0.078125,nan,0.155029296875,nan,0.155029296875,1,0.3623046875,0.38000793457031246,0.01386421524830674,8,3,21,60,81,20260920,761,13.052170599985402
phase,S2,6,0.02,6,8,1024,8192,0.3653564453125,0.3549943970178616,0.3758447107072135,1.637451171875,-1.459228515625,0.089111328125,nan,0.0604248046875,nan,0.133544921875,nan,0.133544921875,1,0.3583984375,0.37219543457031246,0.010665021900115937,8,3,21,60,81,20260920,761,12.294725699990522
phase,S2,6,0.03,0,8,1024,8192,0.272705078125,0.2631693336294063,0.2824538926481004,2.498291015625,2.498291015625,0.0867919921875,0.727294921875,nan,0.513671875,nan,0.513671875,nan,1,0.26513671875,0.280517578125,0.011946152078840802,8,3,21,60,81,20260920,761,22.04686970001785
phase,S2,6,0.03,1,8,1024,8192,0.2886962890625,0.2789841411914204,0.2986065165348761,1.8902587890625,1.6578369140625,0.074462890625,nan,0.1162109375,0.5950927734375,nan,0.5950927734375,nan,1,0.2838134765625,0.29358215332031246,0.00767061270972301,8,3,21,60,81,20260920,761,13.004251899954397
phase,S2,6,0.03,2,8,1024,8192,0.2989501953125,0.28913280538656105,0.3089560526580434,1.5838623046875,1.0220947265625,0.07763671875,nan,0.077392578125,nan,0.2034912109375,nan,0.2034912109375,1,0.2911376953125,0.3077392578125,0.012896938346768753,8,3,21,60,81,20260920,761,12.723688900005072
phase,S2,6,0.03,3,8,1024,8192,0.290283203125,0.28055437280583506,0.30020862544591387,1.4449462890625,0.3472900390625,0.0904541015625,nan,0.0745849609375,nan,0.15966796875,nan,0.15966796875,1,0.28076171875,0.3009033203125,0.01540326413469136,8,3,21,60,81,20260920,761,12.763850299990736
phase,S2,6,0.03,4,8,1024,8192,0.298095703125,0.2882868544918107,0.30809382019293474,1.4293212890625,-0.4185791015625,0.0738525390625,nan,0.09033203125,nan,0.1640625,nan,0.1640625,1,0.29150390625,0.30419921875,0.009873152437571526,8,3,21,60,81,20260920,761,12.804905099968892
phase,S2,6,0.03,5,8,1024,8192,0.2861328125,0.2764479227317536,0.29601818491496595,1.6500244140625,-1.1339111328125,0.072509765625,nan,0.09228515625,nan,0.182373046875,nan,0.182373046875,1,0.280517578125,0.2913818359375,0.00833558551690271,8,3,21,60,81,20260920,761,12.813602500013076
phase,S2,6,0.03,6,8,1024,8192,0.283447265625,0.27379134499888086,0.29330618637399614,1.9293212890625,-1.7388916015625,0.09521484375,nan,0.075439453125,nan,0.162109375,nan,0.162109375,1,0.280029296875,0.286865234375,0.00531691936388379,8,3,21,60,81,20260920,761,12.898525599972345
phase,S2,6,0.05,0,8,1024,8192,0.1826171875,0.1744002228148338,0.19113167209468146,2.9791259765625,2.9791259765625,0.1038818359375,0.8173828125,nan,0.6361083984375,nan,0.6361083984375,nan,1,0.1705322265625,0.1943359375,0.018232488005250604,8,3,21,60,81,20260920,761,22.407886700006202
phase,S2,6,0.05,1,8,1024,8192,0.2012939453125,0.19275201416033624,0.21011588847181137,2.2607421875,2.016845703125,0.093505859375,nan,0.1219482421875,0.6767578125,nan,0.6767578125,nan,1,0.193115234375,0.2099609375,0.01310650930807573,8,3,21,60,81,20260920,761,12.819969100004528
phase,S2,6,0.05,2,8,1024,8192,0.200927734375,0.1923918832931486,0.20974394075620234,1.9029541015625,1.2545166015625,0.098388671875,nan,0.09765625,nan,0.2265625,nan,0.2265625,1,0.196044921875,0.205810546875,0.0074510045721130486,8,3,21,60,81,20260920,761,12.95682580000721
phase,S2,6,0.05,3,8,1024,8192,0.2071533203125,0.19851562272251816,0.21606553723437688,1.681396484375,0.42236328125,0.10400390625,nan,0.0924072265625,nan,0.195068359375,nan,0.195068359375,1,0.2010498046875,0.213623046875,0.009715797827544144,8,3,21,60,81,20260920,761,12.945083300000988
phase,S2,6,0.05,4,8,1024,8192,0.2088623046875,0.20019720461741194,0.2178003220592011,1.6837158203125,-0.4371337890625,0.0963134765625,nan,0.10205078125,nan,0.197265625,nan,0.197265625,1,0.20068359375,0.2178955078125,0.013424880479999589,8,3,21,60,81,20260920,761,12.745098799990956
phase,S2,6,0.05,5,8,1024,8192,0.2017822265625,0.19323220614604836,0.21061180126316154,1.8978271484375,-1.3060302734375,0.0904541015625,nan,0.10009765625,nan,0.200927734375,nan,0.200927734375,1,0.1947021484375,0.2086181640625,0.0108235240024404,8,3,21,60,81,20260920,761,12.930872299999464
phase,S2,6,0.05,6,8,1024,8192,0.184814453125,0.17655763022512824,0.19336673618116731,2.365234375,-2.146728515625,0.1092529296875,nan,0.1019287109375,nan,0.208984375,nan,0.208984375,1,0.178466796875,0.1910400390625,0.00967803915004995,8,3,21,60,81,20260920,761,13.025664900022093
depth_optimal,S1,2,0.0,0,8,1024,8192,1.0,0.9995312917117791,1.0,0.0,0.0,0.0,0.0,nan,0.0,nan,0.0,nan,0,1.0,1.0,0.0,8,2,8,33,22,20260920,761,1.3452280999626964
depth_optimal,S1,2,0.0,1,8,1024,8192,1.0,0.9995312917117791,1.0,0.0,0.0,0.0,nan,0.0,0.0,nan,nan,0.0,0,1.0,1.0,0.0,8,2,8,33,22,20260920,761,1.3214333999785595
depth_optimal,S1,2,0.0,2,8,1024,8192,1.0,0.9995312917117791,1.0,0.0,0.0,0.0,nan,0.0,nan,0.0,nan,0.0,0,1.0,1.0,0.0,8,2,8,33,22,20260920,761,1.314778900006786
depth_optimal,S1,2,0.001,0,8,1024,8192,0.990234375,0.987863260348695,0.9921459358218383,0.0146484375,0.0146484375,0.0006103515625,0.009765625,nan,0.0042724609375,nan,0.009765625,nan,0,0.9869384765625,0.9921875,0.004429271168076882,8,2,8,33,22,20260920,761,1.954871300025843
depth_optimal,S1,2,0.001,1,8,1024,8192,0.990234375,0.987863260348695,0.9921459358218383,0.0133056640625,0.0064697265625,0.0035400390625,nan,0.00341796875,0.00634765625,nan,nan,0.00341796875,0,0.98779296875,0.9925537109375,0.003616484764736529,8,2,8,33,22,20260920,761,1.9154252000153065
depth_optimal,S1,2,0.001,2,8,1024,8192,0.9908447265625,0.9885398636176099,0.9926894635242514,0.0125732421875,-0.0106201171875,0.0009765625,nan,0.00341796875,nan,0.0081787109375,nan,0.00341796875,0,0.988037109375,0.993408203125,0.004238695899112539,8,2,8,33,22,20260920,761,1.881715300027281
depth_optimal,S1,2,0.003,0,8,1024,8192,0.972900390625,0.9691564198588274,0.9762010567259949,0.039306640625,0.039306640625,0.00146484375,0.027099609375,nan,0.0107421875,nan,0.027099609375,nan,0,0.9698486328125,0.9764404296875,0.005239484363340938,8,2,8,33,22,20260920,761,2.007704699994065
depth_optimal,S1,2,0.003,1,8,1024,8192,0.9703369140625,0.966436854986174,0.9737960715190713,0.039306640625,0.018798828125,0.0096435546875,nan,0.01025390625,0.0194091796875,nan,nan,0.01025390625,0,0.9669189453125,0.97412109375,0.0054482210948294425,8,2,8,33,22,20260920,761,1.921965099987574
depth_optimal,S1,2,0.003,2,8,1024,8192,0.97412109375,0.970454288114538,0.97734345041294,0.0341796875,-0.02978515625,0.002197265625,nan,0.00830078125,nan,0.023681640625,nan,0.00830078125,0,0.9718017578125,0.9765625,0.0036910593067307346,8,2,8,33,22,20260920,761,1.8901490999851376
depth_optimal,S1,2,0.005,0,8,1024,8192,0.9501953125,0.9452698816867965,0.9546987227646296,0.0777587890625,0.0777587890625,0.006103515625,0.0498046875,nan,0.0218505859375,nan,0.0498046875,nan,0,0.947021484375,0.9534912109375,0.00492448733111685,8,2,8,33,22,20260920,761,1.9634008000139147
depth_optimal,S1,2,0.005,1,8,1024,8192,0.95263671875,0.9478209647152894,0.957028163621448,0.0623779296875,0.0299072265625,0.0150146484375,nan,0.0162353515625,0.0311279296875,nan,nan,0.0162353515625,0,0.9473876953125,0.9583740234375,0.008513474499102879,8,2,8,33,22,20260920,761,1.9244412999833003
depth_optimal,S1,2,0.005,2,8,1024,8192,0.9552001953125,0.950503218738653,0.9594704596776614,0.058837890625,-0.05078125,0.0040283203125,nan,0.0140380859375,nan,0.040771484375,nan,0.0140380859375,0,0.9521484375,0.9580078125,0.004533771884232392,8,2,8,33,22,20260920,761,1.8654889999888837
depth_optimal,S1,2,0.01,0,8,1024,8192,0.9058837890625,0.8993691913308706,0.9120179046021533,0.144775390625,0.144775390625,0.009765625,0.0941162109375,nan,0.0408935546875,nan,0.0941162109375,nan,0,0.9008758544921875,0.910400390625,0.007599235871987386,8,2,8,33,22,20260920,761,2.0225140000111423
depth_optimal,S1,2,0.01,1,8,1024,8192,0.9105224609375,0.9041475460456438,0.9165125452694716,0.1177978515625,0.0550537109375,0.0283203125,nan,0.0313720703125,0.05810546875,nan,nan,0.0313720703125,0,0.9066162109375,0.914794921875,0.00634899754029495,8,2,8,33,22,20260920,761,1.9011213000048883
depth_optimal,S1,2,0.01,2,8,1024,8192,0.9071044921875,0.900626187335786,0.9132011705398934,0.12255859375,-0.10205078125,0.01025390625,nan,0.0296630859375,nan,0.0826416015625,nan,0.0296630859375,0,0.9040496826171875,0.9100341796875,0.004623042572441265,8,2,8,33,22,20260920,761,1.8741140999482013
depth_optimal,S1,2,0.02,0,8,1024,8192,0.8212890625,0.8128428970644413,0.8294340462425417,0.277587890625,0.277587890625,0.0213623046875,0.1787109375,nan,0.0775146484375,nan,0.1787109375,nan,0,0.817138671875,0.826171875,0.007042092334890604,8,2,8,33,22,20260920,761,1.9535528999986127
depth_optimal,S1,2,0.02,1,8,1024,8192,0.8238525390625,0.8154520032255521,0.8319494901610078,0.2281494140625,0.1068115234375,0.052001953125,nan,0.0606689453125,0.115478515625,nan,nan,0.0606689453125,0,0.813720703125,0.8326416015625,0.014633898104357734,8,2,8,33,22,20260920,761,1.9033274999819696
depth_optimal,S1,2,0.02,2,8,1024,8192,0.831787109375,0.8235319320540669,0.8397312639597553,0.221435546875,-0.182861328125,0.019287109375,nan,0.05322265625,nan,0.14892578125,nan,0.05322265625,0,0.8262939453125,0.836181640625,0.00777316408573361,8,2,8,33,22,20260920,761,1.8953928999835625
depth_optimal,S1,2,0.03,0,8,1024,8192,0.74609375,0.7365547950238431,0.7554020126155481,0.3963623046875,0.3963623046875,0.03173828125,0.25390625,nan,0.1107177734375,nan,0.25390625,nan,0,0.740234375,0.7523193359375,0.009308497387060423,8,2,8,33,22,20260920,761,2.0233806999749504
depth_optimal,S1,2,0.03,1,8,1024,8192,0.752685546875,0.7432255864760703,0.7619086356536618,0.3187255859375,0.1468505859375,0.0714111328125,nan,0.0859375,0.161376953125,nan,nan,0.0859375,0,0.745849609375,0.759033203125,0.010212301330181476,8,2,8,33,22,20260920,761,1.875435699999798
depth_optimal,S1,2,0.03,2,8,1024,8192,0.756591796875,0.7471800239984434,0.765763036347787,0.3204345703125,-0.2513427734375,0.0345458984375,nan,0.0770263671875,nan,0.2088623046875,nan,0.0770263671875,0,0.7493896484375,0.764404296875,0.011669235984588138,8,2,8,33,22,20260920,761,1.8831784999929368
depth_optimal,S1,2,0.05,0,8,1024,8192,0.6270751953125,0.6165460654127811,0.6374852028176784,0.6046142578125,0.6046142578125,0.0550537109375,0.3729248046875,nan,0.1766357421875,nan,0.3729248046875,nan,0,0.615478515625,0.6378173828125,0.01726088278114468,8,2,8,33,22,20260920,761,2.041379499947652
depth_optimal,S1,2,0.05,1,8,1024,8192,0.6402587890625,0.6298026339371573,0.6505834632739839,0.46044921875,0.2080078125,0.1007080078125,nan,0.126220703125,0.2335205078125,nan,nan,0.126220703125,0,0.6282958984375,0.650634765625,0.017217416859557605,8,2,8,33,22,20260920,761,1.918644499965012
depth_optimal,S1,2,0.05,2,8,1024,8192,0.6343994140625,0.6239097873328773,0.6447630525535165,0.480224609375,-0.3681640625,0.0560302734375,nan,0.1146240234375,nan,0.3095703125,nan,0.1146240234375,0,0.624755859375,0.644775390625,0.015342890440388945,8,2,8,33,22,20260920,761,1.8828570999903604
depth_optimal,S1,4,0.0,0,8,1024,8192,1.0,0.9995312917117791,1.0,0.0,0.0,0.0,0.0,nan,0.0,nan,0.0,nan,1,1.0,1.0,0.0,8,3,16,49,57,20260920,761,5.389192900038324
depth_optimal,S1,4,0.0,1,8,1024,8192,1.0,0.9995312917117791,1.0,0.0,0.0,0.0,nan,0.0,0.0,nan,0.0,nan,1,1.0,1.0,0.0,8,3,16,49,57,20260920,761,5.338621300004888
depth_optimal,S1,4,0.0,2,8,1024,8192,1.0,0.9995312917117791,1.0,0.0,0.0,0.0,nan,0.0,nan,0.0,nan,0.0,1,1.0,1.0,0.0,8,3,16,49,57,20260920,761,5.460314000025392
depth_optimal,S1,4,0.0,3,8,1024,8192,1.0,0.9995312917117791,1.0,0.0,0.0,0.0,nan,0.0,nan,0.0,nan,0.0,1,1.0,1.0,0.0,8,3,16,49,57,20260920,761,5.450721099972725
depth_optimal,S1,4,0.0,4,8,1024,8192,1.0,0.9995312917117791,1.0,0.0,0.0,0.0,nan,0.0,nan,0.0,nan,0.0,1,1.0,1.0,0.0,8,3,16,49,57,20260920,761,5.463500900019426
depth_optimal,S1,4,0.001,0,8,1024,8192,0.9697265625,0.9657904427982192,0.9732223527356981,0.0860595703125,0.0860595703125,0.0057373046875,0.0302734375,nan,0.017578125,nan,0.017578125,nan,1,0.9658203125,0.9744873046875,0.006684792718030658,8,3,16,49,57,20260920,761,7.301021600025706
depth_optimal,S1,4,0.001,1,8,1024,8192,0.972412109375,0.9686378037848301,0.9757435680229299,0.06689453125,0.057861328125,0.009033203125,nan,0.0045166015625,0.0230712890625,nan,0.0230712890625,nan,1,0.9696044921875,0.9757080078125,0.004748429806115376,8,3,16,49,57,20260920,761,7.051580500032287
depth_optimal,S1,4,0.001,2,8,1024,8192,0.970458984375,0.9665661862956698,0.9739107664038411,0.057861328125,0.030517578125,0.0069580078125,nan,0.0030517578125,nan,0.0106201171875,nan,0.0106201171875,1,0.9669189453125,0.974365234375,0.005712204963050569,8,3,16,49,57,20260920,761,7.076767599966843
depth_optimal,S1,4,0.001,3,8,1024,8192,0.97265625,0.9688970748677599,0.9759723493285313,0.0535888671875,0.0164794921875,0.0087890625,nan,0.000244140625,nan,0.0042724609375,nan,0.0042724609375,1,0.9693603515625,0.975830078125,0.005006796441106685,8,3,16,49,57,20260920,761,7.023680799989961
depth_optimal,S1,4,0.001,4,8,1024,8192,0.968505859375,0.9644988028886822,0.9720737307025796,0.06201171875,-0.04248046875,0.0057373046875,nan,0.0068359375,nan,0.0072021484375,nan,0.0072021484375,1,0.96435546875,0.9725341796875,0.006323464374457524,8,3,16,49,57,20260920,761,6.984111300029326
depth_optimal,S1,4,0.003,0,8,1024,8192,0.9173583984375,0.911198555398597,0.9231270027953905,0.229248046875,0.229248046875,0.0147705078125,0.0826416015625,nan,0.0458984375,nan,0.0458984375,nan,1,0.91015625,0.9248046875,0.011399787520338212,8,3,16,49,57,20260920,761,7.3922824000474066
depth_optimal,S1,4,0.003,1,8,1024,8192,0.9229736328125,0.9169994552073018,0.928551307922902,0.1851806640625,0.1619873046875,0.025390625,nan,0.0115966796875,0.0654296875,nan,0.0654296875,nan,1,0.91845703125,0.927001953125,0.0065704484410038615,8,3,16,49,57,20260920,761,7.047116000030655
depth_optimal,S1,4,0.003,2,8,1024,8192,0.9185791015625,0.9124588992825265,0.9243069208541167,0.1688232421875,0.0860595703125,0.0225830078125,nan,0.0108642578125,nan,0.030517578125,nan,0.030517578125,1,0.9133270263671875,0.9228515625,0.007652830911920641,8,3,16,49,57,20260920,761,7.077580399985891
depth_optimal,S1,4,0.003,3,8,1024,8192,0.92333984375,0.9173780774718597,0.9289047642411407,0.151123046875,0.051025390625,0.0272216796875,nan,0.0010986328125,nan,0.0120849609375,nan,0.0120849609375,1,0.9197998046875,0.9267578125,0.005449783756870706,8,3,16,49,57,20260920,761,7.017188600031659
depth_optimal,S1,4,0.003,4,8,1024,8192,0.9200439453125,0.9139718320761806,0.9257223023916493,0.1650390625,-0.11572265625,0.01416015625,nan,0.0191650390625,nan,0.02001953125,nan,0.02001953125,1,0.9154052734375,0.92431640625,0.0069728301455156275,8,3,16,49,57,20260920,761,7.02417080005398
depth_optimal,S1,4,0.005,0,8,1024,8192,0.868896484375,0.8614144769478245,0.8760326821227313,0.3580322265625,0.3580322265625,0.021728515625,0.131103515625,nan,0.073486328125,nan,0.073486328125,nan,1,0.861083984375,0.875732421875,0.011397546482174883,8,3,16,49,57,20260920,761,7.643458299979102
depth_optimal,S1,4,0.005,1,8,1024,8192,0.8759765625,0.8686622522762455,0.8829384260617132,0.296630859375,0.2568359375,0.0416259765625,nan,0.0198974609375,0.1041259765625,nan,0.1041259765625,nan,1,0.870849609375,0.8814697265625,0.00833558551690271,8,3,16,49,57,20260920,761,7.065815000038128
depth_optimal,S1,4,0.005,2,8,1024,8192,0.8741455078125,0.8667871238208855,0.8811531616030897,0.257568359375,0.1337890625,0.0330810546875,nan,0.016357421875,nan,0.0455322265625,nan,0.0455322265625,1,0.8663330078125,0.8829345703125,0.012673159543772692,8,3,16,49,57,20260920,761,7.108675400028005
depth_optimal,S1,4,0.005,3,8,1024,8192,0.8719482421875,0.8645376244412222,0.8790101894859728,0.2578125,0.08544921875,0.046142578125,nan,0.001953125,nan,0.021728515625,nan,0.021728515625,1,0.8655975341796875,0.87841796875,0.009827337097842939,8,3,16,49,57,20260920,761,7.200614099972881
depth_optimal,S1,4,0.005,4,8,1024,8192,0.8768310546875,0.8695374848285736,0.8837713768692442,0.2486572265625,-0.1800537109375,0.0189208984375,nan,0.027587890625,nan,0.0301513671875,nan,0.0301513671875,1,0.8685302734375,0.885009765625,0.012896938346768753,8,3,16,49,57,20260920,761,7.007827499997802
depth_optimal,S1,4,0.01,0,8,1024,8192,0.7672119140625,0.7579364809918094,0.7762368582555257,0.6505126953125,0.6505126953125,0.0428466796875,0.2327880859375,nan,0.1396484375,nan,0.1396484375,nan,1,0.7597625732421875,0.7758819580078125,0.012527191015720559,8,3,16,49,57,20260920,761,7.430050300026778
depth_optimal,S1,4,0.01,1,8,1024,8192,0.767333984375,0.7580601646936115,0.7763572007479892,0.581298828125,0.510498046875,0.0809326171875,nan,0.035400390625,0.197265625,nan,0.197265625,nan,1,0.75927734375,0.7755126953125,0.012305683951999852,8,3,16,49,57,20260920,761,7.177800800011028
depth_optimal,S1,4,0.01,2,8,1024,8192,0.7608642578125,0.7515063864080499,0.7699775907374754,0.494140625,0.26171875,0.064697265625,nan,0.0294189453125,nan,0.0867919921875,nan,0.0867919921875,1,0.7567138671875,0.764404296875,0.0060298286304826506,8,3,16,49,57,20260920,761,7.127990100008901
depth_optimal,S1,4,0.01,3,8,1024,8192,0.768310546875,0.7590496728175875,0.7773199021781376,0.464111328125,0.142578125,0.082275390625,nan,0.006591796875,nan,0.040283203125,nan,0.040283203125,1,0.757568359375,0.7774658203125,0.015144592206319163,8,3,16,49,57,20260920,761,7.103893099993002
depth_optimal,S1,4,0.01,4,8,1024,8192,0.766357421875,0.7570707249436768,0.7753944309437992,0.46728515625,-0.31005859375,0.042724609375,nan,0.048095703125,nan,0.0537109375,nan,0.0537109375,1,0.7579345703125,0.775390625,0.013599437407068848,8,3,16,49,57,20260920,761,7.082000499998685
depth_optimal,S1,4,0.02,0,8,1024,8192,0.595947265625,0.5852785368540847,0.6065260518386542,1.161865234375,1.161865234375,0.08349609375,0.404052734375,nan,0.2520751953125,nan,0.2520751953125,nan,1,0.5863037109375,0.6055908203125,0.014789591489529937,8,3,16,49,57,20260920,761,7.31310480000684
depth_optimal,S1,4,0.02,1,8,1024,8192,0.59619140625,0.5855235973967877,0.6067690436844823,1.0303955078125,0.9078369140625,0.1409912109375,nan,0.061279296875,0.342529296875,nan,0.342529296875,nan,1,0.5833740234375,0.611083984375,0.02157297073669387,8,3,16,49,57,20260920,761,7.606518600019626
depth_optimal,S1,4,0.02,2,8,1024,8192,0.6031494140625,0.5925089735031633,0.6136931606512442,0.8302001953125,0.4476318359375,0.1099853515625,nan,0.05029296875,nan,0.1409912109375,nan,0.1409912109375,1,0.5946044921875,0.6119415283203125,0.013368948531340661,8,3,16,49,57,20260920,761,7.09183769999072
depth_optimal,S1,4,0.02,3,8,1024,8192,0.58837890625,0.5776830097076018,0.5989919549406717,0.830078125,0.23583984375,0.14697265625,nan,0.0184326171875,nan,0.0758056640625,nan,0.0758056640625,1,0.5810546875,0.5950927734375,0.010912059858831568,8,3,16,49,57,20260920,761,7.129300499975216
depth_optimal,S1,4,0.02,4,8,1024,8192,0.6041259765625,0.5934895556896577,0.6146647880188744,0.8087158203125,-0.4881591796875,0.083740234375,nan,0.0760498046875,nan,0.095458984375,nan,0.095458984375,1,0.5953369140625,0.61279296875,0.013368948531340661,8,3,16,49,57,20260920,761,7.036611899966374
depth_optimal,S1,4,0.03,0,8,1024,8192,0.4808349609375,0.4700270589494912,0.4916608285508141,1.5751953125,1.5751953125,0.125244140625,0.5191650390625,nan,0.34130859375,nan,0.34130859375,nan,1,0.4703369140625,0.490966796875,0.015918161322509554,8,3,16,49,57,20260920,761,7.43750070000533
depth_optimal,S1,4,0.03,1,8,1024,8192,0.476806640625,0.46600432251085694,0.4876307005786846,1.3564453125,1.194580078125,0.180419921875,nan,0.0809326171875,0.4422607421875,nan,0.4422607421875,nan,1,0.4671630859375,0.4869384765625,0.015570408958960408,8,3,16,49,57,20260920,761,7.182686699961778
depth_optimal,S1,4,0.03,2,8,1024,8192,0.4783935546875,0.4675889527979744,0.48921841081701956,1.1136474609375,0.6053466796875,0.1534423828125,nan,0.0670166015625,nan,0.1871337890625,nan,0.1871337890625,1,0.4683837890625,0.490966796875,0.017957202684016887,8,3,16,49,57,20260920,761,7.180203900032211
depth_optimal,S1,4,0.03,3,8,1024,8192,0.4744873046875,0.4636885210993844,0.4853100042991112,1.0933837890625,0.3026123046875,0.1920166015625,nan,0.0328369140625,nan,0.1080322265625,nan,0.1080322265625,1,0.46826171875,0.4798583984375,0.00897219762621131,8,3,16,49,57,20260920,761,7.132422299997415
depth_optimal,S1,4,0.03,4,8,1024,8192,0.4659423828125,0.4551586393227444,0.47675805247716124,1.106201171875,-0.60302734375,0.1270751953125,nan,0.096435546875,nan,0.1278076171875,nan,0.1278076171875,1,0.4576416015625,0.4736328125,0.012445357645462798,8,3,16,49,57,20260920,761,7.12637710000854
depth_optimal,S1,4,0.05,0,8,1024,8192,0.3153076171875,0.3053345454776996,0.32545382259849137,2.1937255859375,2.1937255859375,0.192626953125,0.6846923828125,nan,0.4810791015625,nan,0.4810791015625,nan,1,0.3094482421875,0.32177734375,0.009488786719483918,8,3,16,49,57,20260920,761,7.5594043000019155
depth_optimal,S1,4,0.05,1,8,1024,8192,0.3172607421875,0.3072700582420431,0.327422728942397,1.8646240234375,1.6629638671875,0.25,nan,0.100830078125,0.5819091796875,nan,0.5819091796875,nan,1,0.3043212890625,0.32983703613281246,0.01957610293466877,8,3,16,49,57,20260920,761,7.252272500016261
depth_optimal,S1,4,0.05,2,8,1024,8192,0.3411865234375,0.3309964107820865,0.3515255104784055,1.463623046875,0.81982421875,0.20849609375,nan,0.0946044921875,nan,0.227294921875,nan,0.227294921875,1,0.3330078125,0.3492431640625,0.012538061776864316,8,3,16,49,57,20260920,761,7.260236800007988
depth_optimal,S1,4,0.05,3,8,1024,8192,0.329833984375,0.3197347792608959,0.3400927059328981,1.3951416015625,0.2991943359375,0.23876953125,nan,0.0562744140625,nan,0.1597900390625,nan,0.1597900390625,1,0.3197021484375,0.3409423828125,0.016380570224516035,8,3,16,49,57,20260920,761,7.177769300004002
depth_optimal,S1,4,0.05,4,8,1024,8192,0.306884765625,0.29699001642595757,0.316960544245909,1.4730224609375,-0.6702880859375,0.1959228515625,nan,0.1080322265625,nan,0.16796875,nan,0.16796875,1,0.3010223388671875,0.3123779296875,0.008854696647960309,8,3,16,49,57,20260920,761,7.139037300017662
depth_optimal,S1,6,0.0,0,8,1024,8192,1.0,0.9995312917117791,1.0,0.0,0.0,0.0,0.0,nan,0.0,nan,0.0,nan,1,1.0,1.0,0.0,8,3,24,50,87,20260920,761,10.899289100023452
depth_optimal,S1,6,0.0,1,8,1024,8192,1.0,0.9995312917117791,1.0,0.0,0.0,0.0,nan,0.0,0.0,nan,0.0,nan,1,1.0,1.0,0.0,8,3,24,50,87,20260920,761,10.810570299974643
depth_optimal,S1,6,0.0,2,8,1024,8192,1.0,0.9995312917117791,1.0,0.0,0.0,0.0,nan,0.0,nan,0.0,nan,0.0,1,1.0,1.0,0.0,8,3,24,50,87,20260920,761,10.83798809995642
depth_optimal,S1,6,0.0,3,8,1024,8192,1.0,0.9995312917117791,1.0,0.0,0.0,0.0,nan,0.0,nan,0.0,nan,0.0,1,1.0,1.0,0.0,8,3,24,50,87,20260920,761,10.866162099991925
depth_optimal,S1,6,0.0,4,8,1024,8192,1.0,0.9995312917117791,1.0,0.0,0.0,0.0,nan,0.0,nan,0.0,nan,0.0,1,1.0,1.0,0.0,8,3,24,50,87,20260920,761,10.824567499978002
depth_optimal,S1,6,0.0,5,8,1024,8192,1.0,0.9995312917117791,1.0,0.0,0.0,0.0,nan,0.0,nan,0.0,nan,0.0,1,1.0,1.0,0.0,8,3,24,50,87,20260920,761,10.808614499983378
depth_optimal,S1,6,0.0,6,8,1024,8192,1.0,0.9995312917117791,1.0,0.0,0.0,0.0,nan,0.0,nan,0.0,nan,0.0,1,1.0,1.0,0.0,8,3,24,50,87,20260920,761,10.802576500049327
depth_optimal,S1,6,0.001,0,8,1024,8192,0.9583740234375,0.9538296928229113,0.962488666644308,0.1168212890625,0.1168212890625,0.0029296875,0.0416259765625,nan,0.0228271484375,nan,0.0228271484375,nan,1,0.9544677734375,0.9622802734375,0.006063625225651927,8,3,24,50,87,20260920,761,19.28383639996173
depth_optimal,S1,6,0.001,1,8,1024,8192,0.9598388671875,0.9553672445898937,0.9638794292085124,0.0999755859375,0.0931396484375,0.003662109375,nan,0.00341796875,0.0367431640625,nan,0.0367431640625,nan,1,0.9561767578125,0.9630126953125,0.005283181205806788,8,3,24,50,87,20260920,761,18.738954600004945
depth_optimal,S1,6,0.001,2,8,1024,8192,0.9608154296875,0.9563931232537253,0.9648057600988054,0.075439453125,0.044677734375,0.00048828125,nan,0.0045166015625,nan,0.0108642578125,nan,0.0108642578125,1,0.956298828125,0.9652099609375,0.0069336428726881625,8,3,24,50,87,20260920,761,18.6233681999729
depth_optimal,S1,6,0.001,3,8,1024,8192,0.9581298828125,0.9535735773314841,0.9622567297472041,0.081298828125,0.037109375,0.0091552734375,nan,0.000244140625,nan,0.005615234375,nan,0.005615234375,1,0.9537353515625,0.96337890625,0.007590266573055379,8,3,24,50,87,20260920,761,18.708077499992214
depth_optimal,S1,6,0.001,4,8,1024,8192,0.9613037109375,0.9569063248448463,0.9652686632847468,0.0753173828125,-0.0413818359375,0.00048828125,nan,0.0081787109375,nan,0.0087890625,nan,0.0087890625,1,0.9581298828125,0.9647216796875,0.005112816660964444,8,3,24,50,87,20260920,761,18.68843499996001
depth_optimal,S1,6,0.001,5,8,1024,8192,0.9599609375,0.9554954417939936,0.9639952581986782,0.079833984375,-0.05419921875,0.0035400390625,nan,0.00048828125,nan,0.009521484375,nan,0.009521484375,1,0.9571533203125,0.9627685546875,0.004304477851713591,8,3,24,50,87,20260920,761,18.857661099988036
depth_optimal,S1,6,0.001,6,8,1024,8192,0.95703125,0.9524215476818153,0.9612125236484826,0.1019287109375,-0.0972900390625,0.0023193359375,nan,0.00341796875,nan,0.00390625,nan,0.00390625,1,0.9532470703125,0.9608154296875,0.005951654299023868,8,3,24,50,87,20260920,761,18.704069300030824
depth_optimal,S1,6,0.003,0,8,1024,8192,0.888427734375,0.8814270728140147,0.8950642773390324,0.319580078125,0.319580078125,0.008544921875,0.111572265625,nan,0.0660400390625,nan,0.0660400390625,nan,1,0.879638671875,0.8961181640625,0.01293188320938752,8,3,24,50,87,20260920,761,19.13523149996763
depth_optimal,S1,6,0.003,1,8,1024,8192,0.8863525390625,0.8792978374855236,0.8930450673650088,0.285400390625,0.26171875,0.011474609375,nan,0.0118408203125,0.101806640625,nan,0.101806640625,nan,1,0.880615234375,0.8929443359375,0.009666594700788135,8,3,24,50,87,20260920,761,18.707445900014136
depth_optimal,S1,6,0.003,2,8,1024,8192,0.8887939453125,0.8818028971232119,0.8954205316126318,0.2264404296875,0.1363525390625,0.001953125,nan,0.0130615234375,nan,0.031982421875,nan,0.031982421875,1,0.88330078125,0.8935546875,0.007732526990510309,8,3,24,50,87,20260920,761,18.71828909998294
depth_optimal,S1,6,0.003,3,8,1024,8192,0.881103515625,0.8739153358111685,0.8879344426859442,0.231201171875,0.100830078125,0.025146484375,nan,0.001708984375,nan,0.016357421875,nan,0.016357421875,1,0.8741455078125,0.8875732421875,0.010423567166583783,8,3,24,50,87,20260920,761,18.849658599996474
depth_optimal,S1,6,0.003,4,8,1024,8192,0.8851318359375,0.878045687300104,0.8918569556077726,0.2236328125,-0.122314453125,0.001953125,nan,0.0224609375,nan,0.0262451171875,nan,0.0262451171875,1,0.8785400390625,0.891357421875,0.009861934413436862,8,3,24,50,87,20260920,761,18.712281799991615
depth_optimal,S1,6,0.003,5,8,1024,8192,0.8834228515625,0.8762930936007014,0.8901931825874574,0.2386474609375,-0.1656494140625,0.0108642578125,nan,0.0020751953125,nan,0.0286865234375,nan,0.0286865234375,1,0.8779296875,0.8878173828125,0.00768835338149075,8,3,24,50,87,20260920,761,18.69319630000973
depth_optimal,S1,6,0.003,6,8,1024,8192,0.8858642578125,0.8787969473813303,0.8925698526921398,0.265625,-0.249755859375,0.0079345703125,nan,0.009033203125,nan,0.0108642578125,nan,0.0108642578125,1,0.8807373046875,0.8914794921875,0.00837532996074669,8,3,24,50,87,20260920,761,18.677815000002738
depth_optimal,S1,6,0.005,0,8,1024,8192,0.8150634765625,0.8065091067390778,0.8233225006603612,0.5159912109375,0.5159912109375,0.0098876953125,0.1849365234375,nan,0.1090087890625,nan,0.1090087890625,nan,1,0.8067596435546875,0.8226318359375,0.012329878506062443,8,3,24,50,87,20260920,761,19.205410399998073
depth_optimal,S1,6,0.005,1,8,1024,8192,0.8116455078125,0.803033263702024,0.819965610257979,0.454833984375,0.40771484375,0.0184326171875,nan,0.0235595703125,0.164794921875,nan,0.164794921875,nan,1,0.802734375,0.819580078125,0.013043991566463823,8,3,24,50,87,20260920,761,18.811650199990254
depth_optimal,S1,6,0.005,2,8,1024,8192,0.8143310546875,0.8057641931375669,0.8226032570962786,0.38720703125,0.23388671875,0.00439453125,nan,0.0211181640625,nan,0.0555419921875,nan,0.0555419921875,1,0.80810546875,0.820068359375,0.009445614764508774,8,3,24,50,87,20260920,761,18.853425699984655
depth_optimal,S1,6,0.005,3,8,1024,8192,0.80908203125,0.8004270762392701,0.8174472476411557,0.37646484375,0.182373046875,0.0400390625,nan,0.003662109375,nan,0.0238037109375,nan,0.0238037109375,1,0.803466796875,0.81591796875,0.0097236822506845,8,3,24,50,87,20260920,761,19.089582499989774
depth_optimal,S1,6,0.005,4,8,1024,8192,0.8165283203125,0.8079990828707245,0.8247608388599011,0.37255859375,-0.21142578125,0.0035400390625,nan,0.041259765625,nan,0.0469970703125,nan,0.0469970703125,1,0.80712890625,0.8223876953125,0.01264086775872482,8,3,24,50,87,20260920,761,18.818187099997886
depth_optimal,S1,6,0.005,5,8,1024,8192,0.8172607421875,0.8087441458603766,0.8254799330358427,0.37646484375,-0.252685546875,0.01806640625,nan,0.0048828125,nan,0.0435791015625,nan,0.0435791015625,1,0.809326171875,0.8270263671875,0.01374578931665942,8,3,24,50,87,20260920,761,18.790041999949608
depth_optimal,S1,6,0.005,6,8,1024,8192,0.810546875,0.8019162539620427,0.81888638424957,0.459228515625,-0.43408203125,0.0125732421875,nan,0.01611328125,nan,0.0216064453125,nan,0.0216064453125,1,0.8046875,0.817138671875,0.009525507820932791,8,3,24,50,87,20260920,761,18.821813100017607
depth_optimal,S1,6,0.01,0,8,1024,8192,0.6717529296875,0.6615059585362342,0.6818388967954243,0.9251708984375,0.9251708984375,0.0228271484375,0.3282470703125,nan,0.1976318359375,nan,0.1976318359375,nan,1,0.6612548828125,0.68212890625,0.01615181151551216,8,3,24,50,87,20260920,761,19.5503959999769
depth_optimal,S1,6,0.01,1,8,1024,8192,0.6771240234375,0.6669178020344856,0.687164205844858,0.8106689453125,0.7325439453125,0.03271484375,nan,0.0390625,0.2838134765625,nan,0.2838134765625,nan,1,0.66455078125,0.688720703125,0.01871143189097629,8,3,24,50,87,20260920,761,18.953801100025885
depth_optimal,S1,6,0.01,2,8,1024,8192,0.6707763671875,0.6605221494779538,0.68087049629958,0.6787109375,0.39794921875,0.0135498046875,nan,0.0406494140625,nan,0.0997314453125,nan,0.0997314453125,1,0.65771484375,0.6826171875,0.019457432351540477,8,3,24,50,87,20260920,761,18.772492700023577
depth_optimal,S1,6,0.01,3,8,1024,8192,0.67529296875,0.6650726848722406,0.6853489300931195,0.6583251953125,0.2872314453125,0.0660400390625,nan,0.013671875,nan,0.0496826171875,nan,0.0496826171875,1,0.663818359375,0.68603515625,0.016954783596450158,8,3,24,50,87,20260920,761,19.257294600014575
depth_optimal,S1,6,0.01,4,8,1024,8192,0.6759033203125,0.6656877042619719,0.685954041674716,0.6505126953125,-0.3216552734375,0.01220703125,nan,0.0648193359375,nan,0.0777587890625,nan,0.0777587890625,1,0.6676025390625,0.6829833984375,0.0119539900608279,8,3,24,50,87,20260920,761,19.01617749995785
depth_optimal,S1,6,0.01,5,8,1024,8192,0.6773681640625,0.6671638310436685,0.6874062292242062,0.6766357421875,-0.4674072265625,0.0306396484375,nan,0.015380859375,nan,0.0765380859375,nan,0.0765380859375,1,0.6689453125,0.6868896484375,0.013898566068763617,8,3,24,50,87,20260920,761,18.91110560001107
depth_optimal,S1,6,0.01,6,8,1024,8192,0.6744384765625,0.6642116906917032,0.6845017409137978,0.7880859375,-0.740234375,0.02392578125,nan,0.0281982421875,nan,0.0435791015625,nan,0.0435791015625,1,0.666259765625,0.6832275390625,0.013028315256463717,8,3,24,50,87,20260920,761,18.796859599999152
depth_optimal,S1,6,0.02,0,8,1024,8192,0.468505859375,0.45771727020197384,0.47932397167750884,1.59619140625,1.59619140625,0.040771484375,0.531494140625,nan,0.352294921875,nan,0.352294921875,nan,1,0.46240234375,0.4754638671875,0.01010501219442598,8,3,24,50,87,20260920,761,19.665165000013076
depth_optimal,S1,6,0.02,1,8,1024,8192,0.46875,0.45796096425935456,0.4795683300086592,1.3974609375,1.273681640625,0.05810546875,nan,0.0618896484375,0.4693603515625,nan,0.4693603515625,nan,1,0.4573944091796875,0.482177734375,0.019384212149686726,8,3,24,50,87,20260920,761,19.37196479999693
depth_optimal,S1,6,0.02,2,8,1024,8192,0.475341796875,0.4645416839094711,0.4861650248488835,1.1463623046875,0.7384033203125,0.0367431640625,nan,0.0589599609375,nan,0.14501953125,nan,0.14501953125,1,0.4635009765625,0.4864501953125,0.017745897644135943,8,3,24,50,87,20260920,761,19.752895899990108
depth_optimal,S1,6,0.02,3,8,1024,8192,0.4739990234375,0.46320101373663725,0.48482140688479614,1.07470703125,0.395263671875,0.092529296875,nan,0.030029296875,nan,0.0999755859375,nan,0.0999755859375,1,0.4639892578125,0.4833984375,0.01491971190701493,8,3,24,50,87,20260920,761,19.443804600043222
depth_optimal,S1,6,0.02,4,8,1024,8192,0.4808349609375,0.4700270589494912,0.4916608285508141,1.06005859375,-0.4638671875,0.0333251953125,nan,0.0933837890625,nan,0.1243896484375,nan,0.1243896484375,1,0.4727783203125,0.4891357421875,0.012796189829291049,8,3,24,50,87,20260920,761,18.91103529999964
