counter,scenario,L,p,m,pairs_per_m,shots,n_trials,p_correct,wilson_lo,wilson_hi,mae,bias,p_out_of_range,fn_t0,fp_t0,fn_t1,fp_t1,fn_tq,fp_tq,t_quarter,boot_lo,boot_hi,pair_sd,pairs_used,k,num_qubits,depth,cx,seed_pairs,seed_sim,elapsed_s
adder,S1,2,0.0,0,8,1024,8192,1.0,0.9995312917117791,1.0,0.0,0.0,0.0,0.0,nan,0.0,nan,0.0,nan,0,1.0,1.0,0.0,8,2,8,25,18,20260920,761,0.07222000003093854
adder,S1,2,0.0,1,8,1024,8192,1.0,0.9995312917117791,1.0,0.0,0.0,0.0,nan,0.0,0.0,nan,nan,0.0,0,1.0,1.0,0.0,8,2,8,25,18,20260920,761,0.07913089997600764
adder,S1,2,0.0,2,8,1024,8192,1.0,0.9995312917117791,1.0,0.0,0.0,0.0,nan,0.0,nan,0.0,nan,0.0,0,1.0,1.0,0.0,8,2,8,25,18,20260920,761,0.08008929999778047
adder,S1,2,0.001,0,8,1024,8192,0.993408203125,0.9914098090475881,0.9949440681738501,0.009765625,0.009765625,0.000732421875,0.006591796875,nan,0.00244140625,nan,0.006591796875,nan,0,0.9913330078125,0.9949951171875,0.002847144479904932,8,2,8,25,18,20260920,761,1.0304546999977902
adder,S1,2,0.001,1,8,1024,8192,0.9921875,0.9900368089978911,0.9938768062808913,0.008544921875,0.0029296875,0.000732421875,nan,0.0028076171875,0.0050048828125,nan,nan,0.0028076171875,0,0.9896240234375,0.9945068359375,0.0037641566861696544,8,2,8,25,18,20260920,761,1.0124542000121437
adder,S1,2,0.001,2,8,1024,8192,0.9923095703125,0.9901735404884942,0.9939841009845538,0.0087890625,-0.006103515625,0.0013427734375,nan,0.0010986328125,nan,0.00634765625,nan,0.0010986328125,0,0.9908447265625,0.993896484375,0.002359825589290914,8,2,8,25,18,20260920,761,1.134593099995982
adder,S1,2,0.003,0,8,1024,8192,0.9803466796875,0.977108013819361,0.9831350606156611,0.0296630859375,0.0296630859375,0.003662109375,0.0196533203125,nan,0.00634765625,nan,0.0196533203125,nan,0,0.9783935546875,0.982177734375,0.002926779620871547,8,2,8,25,18,20260920,761,1.290070499991998
adder,S1,2,0.003,1,8,1024,8192,0.975341796875,0.9717541591935812,0.9784838412765524,0.027587890625,0.0029296875,0.0029296875,nan,0.0123291015625,0.0123291015625,nan,nan,0.0123291015625,0,0.9716796875,0.9788818359375,0.005640199501041726,8,2,8,25,18,20260920,761,1.1129339000326581
adder,S1,2,0.003,2,8,1024,8192,0.9771728515625,0.9737080454672682,0.980190347916849,0.0250244140625,-0.0159912109375,0.0045166015625,nan,0.002197265625,nan,0.018310546875,nan,0.002197265625,0,0.973388671875,0.9810791015625,0.005904252894681078,8,2,8,25,18,20260920,761,1.0554952999809757
adder,S1,2,0.005,0,8,1024,8192,0.9610595703125,0.9566497018681261,0.9650372338729358,0.054443359375,0.054443359375,0.004638671875,0.0389404296875,nan,0.0108642578125,nan,0.0389404296875,nan,0,0.9573974609375,0.964599609375,0.00555961021931096,8,2,8,25,18,20260920,761,1.1224566000164486
adder,S1,2,0.005,1,8,1024,8192,0.9588623046875,0.9543420451055487,0.9629524191387329,0.0465087890625,0.0086669921875,0.00537109375,nan,0.0189208984375,0.022216796875,nan,nan,0.0189208984375,0,0.9547119140625,0.9632568359375,0.0066733188591937085,8,2,8,25,18,20260920,761,1.0934040999854915
adder,S1,2,0.005,2,8,1024,8192,0.962158203125,0.9578048604805101,0.9660783110089419,0.04248046875,-0.029296875,0.006591796875,nan,0.004638671875,nan,0.03125,nan,0.004638671875,0,0.9580078125,0.9671630859375,0.007056587222957855,8,2,8,25,18,20260920,761,1.093323600012809
adder,S1,2,0.01,0,8,1024,8192,0.92431640625,0.9183879255501984,0.9298471257169266,0.1087646484375,0.1087646484375,0.01171875,0.07568359375,nan,0.0213623046875,nan,0.07568359375,nan,0,0.9207763671875,0.927490234375,0.005193780822819834,8,2,8,25,18,20260920,761,1.1407535999896936
adder,S1,2,0.01,1,8,1024,8192,0.92529296875,0.919398051977296,0.9307892088439536,0.0843505859375,0.0169677734375,0.0096435546875,nan,0.03369140625,0.041015625,nan,nan,0.03369140625,0,0.9205322265625,0.9293212890625,0.00682596530285997,8,2,8,25,18,20260920,761,1.0686959000304341
adder,S1,2,0.01,2,8,1024,8192,0.9234619140625,0.9175042934270701,0.9290225744801959,0.087158203125,-0.06201171875,0.0125732421875,nan,0.0106201171875,nan,0.06396484375,nan,0.0106201171875,0,0.9173583984375,0.929443359375,0.009248847506686397,8,2,8,25,18,20260920,761,1.0497701999847777
adder,S1,2,0.02,0,8,1024,8192,0.8502197265625,0.8423280186039321,0.8577831327439913,0.2103271484375,0.2103271484375,0.0179443359375,0.1497802734375,nan,0.0426025390625,nan,0.1497802734375,nan,0,0.8416748046875,0.8580322265625,0.012667783295977984,8,2,8,25,18,20260920,761,1.1284567000111565
adder,S1,2,0.02,1,8,1024,8192,0.8468017578125,0.8388397689478808,0.8544386489606066,0.1741943359375,0.0333251953125,0.02099609375,nan,0.0704345703125,0.082763671875,nan,nan,0.0704345703125,0,0.8399627685546875,0.8543701171875,0.011176506858169573,8,2,8,25,18,20260920,761,1.0622113000135869
adder,S1,2,0.02,2,8,1024,8192,0.85791015625,0.8501817240882353,0.8653030774984191,0.1630859375,-0.11181640625,0.025634765625,nan,0.02099609375,nan,0.116455078125,nan,0.02099609375,0,0.850830078125,0.8653564453125,0.011085474623503868,8,2,8,25,18,20260920,761,1.0860461000120267
adder,S1,2,0.03,0,8,1024,8192,0.785888671875,0.7768728715355695,0.794636475434398,0.3050537109375,0.3050537109375,0.0277099609375,0.214111328125,nan,0.063232421875,nan,0.214111328125,nan,0,0.7769775390625,0.794921875,0.013669383542120543,8,2,8,25,18,20260920,761,1.1497684000059962
adder,S1,2,0.03,1,8,1024,8192,0.790771484375,0.7818279690012887,0.7994424257393015,0.2369384765625,0.0401611328125,0.0277099609375,nan,0.098388671875,0.11083984375,nan,nan,0.098388671875,0,0.78076171875,0.7998046875,0.014844759569756352,8,2,8,25,18,20260920,761,1.0696010999963619
adder,S1,2,0.03,2,8,1024,8192,0.7899169921875,0.7809606900160763,0.798601521364655,0.2469482421875,-0.1712646484375,0.037841796875,nan,0.036865234375,nan,0.1722412109375,nan,0.036865234375,0,0.781494140625,0.796630859375,0.011607046441317019,8,2,8,25,18,20260920,761,1.0510340000037104
adder,S1,2,0.05,0,8,1024,8192,0.68115234375,0.6709776854187772,0.6911571868713302,0.4705810546875,0.4705810546875,0.0479736328125,0.31884765625,nan,0.103759765625,nan,0.31884765625,nan,0,0.6700439453125,0.6903076171875,0.015423152153477912,8,2,8,25,18,20260920,761,1.1423443000530824
adder,S1,2,0.05,1,8,1024,8192,0.681884765625,0.6717159389571561,0.6918830904985447,0.36767578125,0.084228515625,0.049560546875,nan,0.1417236328125,0.1763916015625,nan,nan,0.1417236328125,0,0.67822265625,0.68603515625,0.005991579595840517,8,2,8,25,18,20260920,761,1.0638824999914505
adder,S1,2,0.05,2,8,1024,8192,0.6854248046875,0.6752845702599518,0.6953912188294505,0.3780517578125,-0.2471923828125,0.0654296875,nan,0.0634765625,nan,0.2491455078125,nan,0.0634765625,0,0.677734375,0.692138671875,0.01089253427353074,8,2,8,25,18,20260920,761,1.0618581000017002
adder,S1,4,0.0,0,8,1024,8192,1.0,0.9995312917117791,1.0,0.0,0.0,0.0,0.0,nan,0.0,nan,0.0,nan,1,1.0,1.0,0.0,8,3,16,61,51,20260920,761,0.1534706999664195
adder,S1,4,0.0,1,8,1024,8192,1.0,0.9995312917117791,1.0,0.0,0.0,0.0,nan,0.0,0.0,nan,0.0,nan,1,1.0,1.0,0.0,8,3,16,61,51,20260920,761,0.14904710004338995
adder,S1,4,0.0,2,8,1024,8192,1.0,0.9995312917117791,1.0,0.0,0.0,0.0,nan,0.0,nan,0.0,nan,0.0,1,1.0,1.0,0.0,8,3,16,61,51,20260920,761,0.15356140001676977
adder,S1,4,0.0,3,8,1024,8192,1.0,0.9995312917117791,1.0,0.0,0.0,0.0,nan,0.0,nan,0.0,nan,0.0,1,1.0,1.0,0.0,8,3,16,61,51,20260920,761,0.1690523999859579
adder,S1,4,0.0,4,8,1024,8192,1.0,0.9995312917117791,1.0,0.0,0.0,0.0,nan,0.0,nan,0.0,nan,0.0,1,1.0,1.0,0.0,8,3,16,61,51,20260920,761,0.1645707999705337
adder,S1,4,0.001,0,8,1024,8192,0.974853515625,0.971233961475849,0.9780279342172224,0.044189453125,0.044189453125,0.001220703125,0.025146484375,nan,0.00927734375,nan,0.00927734375,nan,1,0.970458984375,0.9798583984375,0.007284583979103056,8,3,16,61,51,20260920,761,4.856675799994264
adder,S1,4,0.001,1,8,1024,8192,0.9725341796875,0.9687674301474755,0.9758579678545501,0.039794921875,0.021484375,0.0020751953125,nan,0.0091552734375,0.018310546875,nan,0.018310546875,nan,1,0.968994140625,0.97509765625,0.004739455256785176,8,3,16,61,51,20260920,761,4.513662199955434
adder,S1,4,0.001,2,8,1024,8192,0.9752197265625,0.9716240779382105,0.9783698963376576,0.033935546875,0.009765625,0.00146484375,nan,0.0023193359375,nan,0.009765625,nan,0.009765625,1,0.9713134765625,0.9791259765625,0.006108396485935939,8,3,16,61,51,20260920,761,4.366151800029911
adder,S1,4,0.001,3,8,1024,8192,0.974365234375,0.9707140976835616,0.9775716932324475,0.0352783203125,-0.0133056640625,0.002197265625,nan,0.001220703125,nan,0.0047607421875,nan,0.0047607421875,1,0.97021484375,0.978759765625,0.006679695658411893,8,3,16,61,51,20260920,761,4.404508900013752
adder,S1,4,0.001,4,8,1024,8192,0.9752197265625,0.9716240779382105,0.9783698963376576,0.038330078125,-0.021240234375,0.00634765625,nan,0.001953125,nan,0.00341796875,nan,0.00341796875,1,0.972412109375,0.9779052734375,0.004302499236186521,8,3,16,61,51,20260920,761,4.303848500014283
adder,S1,4,0.003,0,8,1024,8192,0.9273681640625,0.9215455179618879,0.9327901881618763,0.1239013671875,0.1239013671875,0.0025634765625,0.0726318359375,nan,0.0267333984375,nan,0.0267333984375,nan,1,0.920654296875,0.93310546875,0.009510299205179007,8,3,16,61,51,20260920,761,4.719270699948538
adder,S1,4,0.003,1,8,1024,8192,0.9176025390625,0.9114505930792873,0.9233630175032312,0.12548828125,0.066650390625,0.0067138671875,nan,0.0294189453125,0.052978515625,nan,0.052978515625,nan,1,0.91357421875,0.921630859375,0.006152841975999926,8,3,16,61,51,20260920,761,4.303199400019366
adder,S1,4,0.003,2,8,1024,8192,0.9310302734375,0.9253384431451279,0.9363180488066034,0.0953369140625,0.0179443359375,0.0037841796875,nan,0.0089111328125,nan,0.02978515625,nan,0.02978515625,1,0.9254150390625,0.935546875,0.007898133844907486,8,3,16,61,51,20260920,761,4.323322700045537
adder,S1,4,0.003,3,8,1024,8192,0.9259033203125,0.920029524566222,0.9313778672263555,0.105224609375,-0.029296875,0.0091552734375,nan,0.0029296875,nan,0.0125732421875,nan,0.0125732421875,1,0.9207763671875,0.931396484375,0.008194442617658894,8,3,16,61,51,20260920,761,4.333119800023269
adder,S1,4,0.003,4,8,1024,8192,0.9268798828125,0.9210401140858852,0.9323194872608168,0.1126708984375,-0.0675048828125,0.0169677734375,nan,0.0029296875,nan,0.0098876953125,nan,0.0098876953125,1,0.9224853515625,0.9317626953125,0.007184540512481524,8,3,16,61,51,20260920,761,4.29982250003377
adder,S1,4,0.005,0,8,1024,8192,0.8756103515625,0.8682871864053161,0.882581413349846,0.217529296875,0.217529296875,0.005126953125,0.1243896484375,nan,0.04833984375,nan,0.04833984375,nan,1,0.8697509765625,0.88232421875,0.009834266298138265,8,3,16,61,51,20260920,761,4.692016700049862
adder,S1,4,0.005,1,8,1024,8192,0.8740234375,0.86666213301821,0.8810341262114996,0.195556640625,0.106689453125,0.0107421875,nan,0.04443359375,0.08154296875,nan,0.08154296875,nan,1,0.8681640625,0.8798828125,0.009071299222661193,8,3,16,61,51,20260920,761,4.4938134999829344
adder,S1,4,0.005,2,8,1024,8192,0.8778076171875,0.8705378868171243,0.884723184434818,0.1702880859375,0.0272216796875,0.0069580078125,nan,0.0174560546875,nan,0.0540771484375,nan,0.0540771484375,1,0.8712158203125,0.886474609375,0.01205612639944592,8,3,16,61,51,20260920,761,4.429823400045279
adder,S1,4,0.005,3,8,1024,8192,0.8775634765625,0.8702877726229058,0.8844852462405054,0.1766357421875,-0.0460205078125,0.015869140625,nan,0.0054931640625,nan,0.02197265625,nan,0.02197265625,1,0.8720703125,0.882568359375,0.008152772158831263,8,3,16,61,51,20260920,761,4.44126959994901
adder,S1,4,0.005,4,8,1024,8192,0.8758544921875,0.8685372280739191,0.8828194240697741,0.1925048828125,-0.1175537109375,0.0296630859375,nan,0.0052490234375,nan,0.0174560546875,nan,0.0174560546875,1,0.8663330078125,0.8848876953125,0.014318622424271005,8,3,16,61,51,20260920,761,4.388282899977639
adder,S1,4,0.01,0,8,1024,8192,0.7774658203125,0.7683296935952585,0.7863418459703845,0.408447265625,0.408447265625,0.0106201171875,0.2225341796875,nan,0.0943603515625,nan,0.0943603515625,nan,1,0.769775390625,0.78515625,0.012067421519758599,8,3,16,61,51,20260920,761,4.569524899998214
adder,S1,4,0.01,1,8,1024,8192,0.7672119140625,0.7579364809918094,0.7762368582555257,0.3695068359375,0.2227783203125,0.0191650390625,nan,0.0733642578125,0.159423828125,nan,0.159423828125,nan,1,0.7567108154296875,0.777587890625,0.01596943111529448,8,3,16,61,51,20260920,761,4.445932900009211
adder,S1,4,0.01,2,8,1024,8192,0.7802734375,0.7711768162290541,0.7891073258046971,0.3114013671875,0.0548095703125,0.0145263671875,nan,0.03173828125,nan,0.0965576171875,nan,0.0965576171875,1,0.776123046875,0.7850341796875,0.006905339660024878,8,3,16,61,51,20260920,761,4.312118599948008
adder,S1,4,0.01,3,8,1024,8192,0.78271484375,0.7736530629030106,0.791511603016052,0.3223876953125,-0.0977783203125,0.0264892578125,nan,0.01220703125,nan,0.04541015625,nan,0.04541015625,1,0.774169921875,0.7896728515625,0.011891857601074824,8,3,16,61,51,20260920,761,4.254819199966732
adder,S1,4,0.01,4,8,1024,8192,0.7723388671875,0.7631321231251702,0.7812903162813187,0.3619384765625,-0.2298583984375,0.051025390625,nan,0.010986328125,nan,0.033447265625,nan,0.033447265625,1,0.76513671875,0.7811279296875,0.012379501470850226,8,3,16,61,51,20260920,761,4.241725499974564
adder,S1,4,0.02,0,8,1024,8192,0.6129150390625,0.6023167872919591,0.6234074424036941,0.7694091796875,0.7694091796875,0.0262451171875,0.3870849609375,nan,0.1859130859375,nan,0.1859130859375,nan,1,0.6058349609375,0.6207275390625,0.01162463954946837,8,3,16,61,51,20260920,761,4.5431575999828056
adder,S1,4,0.02,1,8,1024,8192,0.6063232421875,0.5956960269766495,0.616850788228663,0.667724609375,0.433349609375,0.039794921875,nan,0.1171875,0.2764892578125,nan,0.2764892578125,nan,1,0.59521484375,0.6175537109375,0.01730030249056349,8,3,16,61,51,20260920,761,4.355481600039639
adder,S1,4,0.02,2,8,1024,8192,0.614990234375,0.60440152081654,0.6254711541816279,0.5625,0.14013671875,0.0325927734375,nan,0.049560546875,nan,0.16162109375,nan,0.16162109375,1,0.6070556640625,0.6236572265625,0.012952936350243947,8,3,16,61,51,20260920,761,4.28918620001059
adder,S1,4,0.02,3,8,1024,8192,0.62109375,0.610534264257806,0.6315397204536406,0.5811767578125,-0.1597900390625,0.05322265625,nan,0.025390625,nan,0.0870361328125,nan,0.0870361328125,1,0.6092498779296875,0.6298828125,0.01594435087785936,8,3,16,61,51,20260920,761,4.311202600016259
adder,S1,4,0.02,4,8,1024,8192,0.60595703125,0.5953282662269384,0.6164864703955772,0.6650390625,-0.4140625,0.091552734375,nan,0.022216796875,nan,0.0665283203125,nan,0.0665283203125,1,0.60009765625,0.611083984375,0.008577246734899216,8,3,16,61,51,20260920,761,4.248933799972292
adder,S1,4,0.03,0,8,1024,8192,0.49853515625,0.4877110533774352,0.509360632291378,1.0667724609375,1.0667724609375,0.0411376953125,0.50146484375,nan,0.2655029296875,nan,0.2655029296875,nan,1,0.4892578125,0.5103759765625,0.0166875073150733,8,3,16,61,51,20260920,761,4.540378000005148
adder,S1,4,0.03,1,8,1024,8192,0.489501953125,0.47868442288898544,0.5003293244041754,0.9111328125,0.633056640625,0.0587158203125,nan,0.1390380859375,0.3714599609375,nan,0.3714599609375,nan,1,0.485107421875,0.4940185546875,0.006900405511727806,8,3,16,61,51,20260920,761,4.284018500009552
adder,S1,4,0.03,2,8,1024,8192,0.502685546875,0.49185960831534936,0.5135089679584931,0.76904296875,0.232666015625,0.0545654296875,nan,0.06787109375,nan,0.2003173828125,nan,0.2003173828125,1,0.494873046875,0.51025390625,0.011888993128529096,8,3,16,61,51,20260920,761,4.323534800030757
adder,S1,4,0.03,3,8,1024,8192,0.5025634765625,0.4917375813525018,0.5133869687270751,0.7877197265625,-0.2015380859375,0.0758056640625,nan,0.0404052734375,nan,0.1204833984375,nan,0.1204833984375,1,0.4931640625,0.5141632080078125,0.016206545735516425,8,3,16,61,51,20260920,761,4.334499199991114
adder,S1,4,0.03,4,8,1024,8192,0.4791259765625,0.4683203574885128,0.4899511632920745,0.902099609375,-0.565185546875,0.1204833984375,nan,0.0316162109375,nan,0.0943603515625,nan,0.0943603515625,1,0.468505859375,0.487548828125,0.014568583496548743,8,3,16,61,51,20260920,761,4.320174899999984
adder,S1,4,0.05,0,8,1024,8192,0.3499755859375,0.33971959513791156,0.36037221210970166,1.5291748046875,1.5291748046875,0.07470703125,0.6500244140625,nan,0.3880615234375,nan,0.3880615234375,nan,1,0.3426513671875,0.356689453125,0.010861220325532103,8,3,16,61,51,20260920,761,4.609798999968916
adder,S1,4,0.05,1,8,1024,8192,0.3367919921875,0.3266362845966531,0.34710069367027835,1.257080078125,0.925048828125,0.08935546875,nan,0.166015625,0.4971923828125,nan,0.4971923828125,nan,1,0.330810546875,0.3431396484375,0.009687712355013403,8,3,16,61,51,20260920,761,4.338622500014026
adder,S1,4,0.05,2,8,1024,8192,0.3692626953125,0.35887554959093276,0.3797723963506406,1.0504150390625,0.3416748046875,0.0899658203125,nan,0.0997314453125,nan,0.254638671875,nan,0.254638671875,1,0.3641357421875,0.37451171875,0.008077223605998033,8,3,16,61,51,20260920,761,4.279955899983179
adder,S1,4,0.05,3,8,1024,8192,0.3626708984375,0.35232653317280305,0.3731439982784295,1.093017578125,-0.208251953125,0.1204833984375,nan,0.0689697265625,nan,0.1732177734375,nan,0.1732177734375,1,0.3526611328125,0.3717041015625,0.014754429593116564,8,3,16,61,51,20260920,761,4.311982300016098
adder,S1,4,0.05,4,8,1024,8192,0.315185546875,0.3052135827494878,0.32533075913243764,1.267822265625,-0.8095703125,0.1500244140625,nan,0.055419921875,nan,0.138916015625,nan,0.138916015625,1,0.3050537109375,0.3253173828125,0.01584793182673969,8,3,16,61,51,20260920,761,4.351034199993592
adder,S1,6,0.0,0,8,1024,8192,1.0,0.9995312917117791,1.0,0.0,0.0,0.0,0.0,nan,0.0,nan,0.0,nan,1,1.0,1.0,0.0,8,3,22,117,95,20260920,761,0.2561269999714568
adder,S1,6,0.0,1,8,1024,8192,1.0,0.9995312917117791,1.0,0.0,0.0,0.0,nan,0.0,0.0,nan,0.0,nan,1,1.0,1.0,0.0,8,3,22,117,95,20260920,761,0.18964980001328513
adder,S1,6,0.0,2,8,1024,8192,1.0,0.9995312917117791,1.0,0.0,0.0,0.0,nan,0.0,nan,0.0,nan,0.0,1,1.0,1.0,0.0,8,3,22,117,95,20260920,761,0.21499910001875833
adder,S1,6,0.0,3,8,1024,8192,1.0,0.9995312917117791,1.0,0.0,0.0,0.0,nan,0.0,nan,0.0,nan,0.0,1,1.0,1.0,0.0,8,3,22,117,95,20260920,761,0.1891005000215955
adder,S1,6,0.0,4,8,1024,8192,1.0,0.9995312917117791,1.0,0.0,0.0,0.0,nan,0.0,nan,0.0,nan,0.0,1,1.0,1.0,0.0,8,3,22,117,95,20260920,761,0.18624569999519736
adder,S1,6,0.0,5,8,1024,8192,1.0,0.9995312917117791,1.0,0.0,0.0,0.0,nan,0.0,nan,0.0,nan,0.0,1,1.0,1.0,0.0,8,3,22,117,95,20260920,761,0.18678210000507534
adder,S1,6,0.0,6,8,1024,8192,1.0,0.9995312917117791,1.0,0.0,0.0,0.0,nan,0.0,nan,0.0,nan,0.0,1,1.0,1.0,0.0,8,3,22,117,95,20260920,761,0.18451110000023618
adder,S1,6,0.001,0,8,1024,8192,0.94775390625,0.9427219236013707,0.9523661569647438,0.12890625,0.12890625,0.001953125,0.05224609375,nan,0.0262451171875,nan,0.0262451171875,nan,1,0.9439697265625,0.9515380859375,0.005836077194015594,8,3,22,117,95,20260920,761,11.220932100026403
adder,S1,6,0.001,1,8,1024,8192,0.9490966796875,0.9441229266572011,0.9536494420458348,0.1104736328125,0.0855712890625,0.004638671875,nan,0.012451171875,0.0384521484375,nan,0.0384521484375,nan,1,0.947021484375,0.9512939453125,0.003360181946012702,8,3,22,117,95,20260920,761,10.698526300024241
adder,S1,6,0.001,2,8,1024,8192,0.9481201171875,0.9431039264263626,0.9527162327225488,0.0908203125,0.053955078125,0.0013427734375,nan,0.005126953125,nan,0.0133056640625,nan,0.0133056640625,1,0.9439697265625,0.9521484375,0.0064024187388018825,8,3,22,117,95,20260920,761,10.860906500020064
adder,S1,6,0.001,3,8,1024,8192,0.95166015625,0.9468001423474659,0.9560967764351469,0.07958984375,0.02001953125,0.0050048828125,nan,0.0006103515625,nan,0.0076904296875,nan,0.0076904296875,1,0.947509765625,0.9556884765625,0.0063503385472885275,8,3,22,117,95,20260920,761,10.594136700034142
adder,S1,6,0.001,4,8,1024,8192,0.9542236328125,0.9494809528078443,0.9585405160543456,0.07275390625,-0.00634765625,0.0023193359375,nan,0.002685546875,nan,0.0040283203125,nan,0.0040283203125,1,0.951904296875,0.956298828125,0.0034796922045861934,8,3,22,117,95,20260920,761,10.660909799975343
adder,S1,6,0.001,5,8,1024,8192,0.947998046875,0.9429765848155823,0.9525995481390633,0.0791015625,-0.0302734375,0.0076904296875,nan,0.0,nan,0.0032958984375,nan,0.0032958984375,1,0.9427490234375,0.9534912109375,0.008199636535032551,8,3,22,117,95,20260920,761,10.643271899956744
adder,S1,6,0.001,6,8,1024,8192,0.953125,0.9483315761589772,0.9574936569548225,0.0867919921875,-0.0628662109375,0.011962890625,nan,0.002685546875,nan,0.0035400390625,nan,0.0035400390625,1,0.9482421875,0.9576416015625,0.007382118613461469,8,3,22,117,95,20260920,761,10.671504199970514
adder,S1,6,0.003,0,8,1024,8192,0.8526611328125,0.844820474203163,0.8601712010300718,0.3460693359375,0.3460693359375,0.003173828125,0.1473388671875,nan,0.0733642578125,nan,0.0733642578125,nan,1,0.848876953125,0.8565673828125,0.005984469613988874,8,3,22,117,95,20260920,761,11.191014799987897
adder,S1,6,0.003,1,8,1024,8192,0.8544921875,0.8466902900080688,0.8619617781391495,0.3037109375,0.23583984375,0.01123046875,nan,0.033935546875,0.111572265625,nan,0.111572265625,nan,1,0.848388671875,0.8602294921875,0.00917582793102977,8,3,22,117,95,20260920,761,10.646686399995815
adder,S1,6,0.003,2,8,1024,8192,0.855712890625,0.8479370631630488,0.8631552669268253,0.2568359375,0.145751953125,0.00341796875,nan,0.0164794921875,nan,0.0390625,nan,0.0390625,1,0.848876953125,0.8636474609375,0.011349632254345194,8,3,22,117,95,20260920,761,10.662217600038275
adder,S1,6,0.003,3,8,1024,8192,0.855224609375,0.8474383317286017,0.86267789358421,0.241943359375,0.062744140625,0.0164794921875,nan,0.002685546875,nan,0.019775390625,nan,0.019775390625,1,0.84765625,0.863037109375,0.011715843203477544,8,3,22,117,95,20260920,761,10.726866800046992
adder,S1,6,0.003,4,8,1024,8192,0.8670654296875,0.8595412194815212,0.874245546675051,0.21337890625,-0.046630859375,0.0062255859375,nan,0.009765625,nan,0.0128173828125,nan,0.0128173828125,1,0.85986328125,0.8741455078125,0.01090503467560548,8,3,22,117,95,20260920,761,9.550327199976891
adder,S1,6,0.003,5,8,1024,8192,0.8583984375,0.8506806204923284,0.8657802858713882,0.2193603515625,-0.0992431640625,0.0189208984375,nan,0.0008544921875,nan,0.011474609375,nan,0.011474609375,1,0.8514404296875,0.865966796875,0.011268315014681177,8,3,22,117,95,20260920,761,6.602558100013994
adder,S1,6,0.003,6,8,1024,8192,0.8602294921875,0.8525517539609443,0.8675695453167559,0.2625732421875,-0.2017822265625,0.0303955078125,nan,0.008544921875,nan,0.0120849609375,nan,0.0120849609375,1,0.853515625,0.8665771484375,0.010100798085149585,8,3,22,117,95,20260920,761,6.474263499956578
adder,S1,6,0.005,0,8,1024,8192,0.77197265625,0.7627609424232114,0.7809294184004809,0.5562744140625,0.5562744140625,0.0072021484375,0.22802734375,nan,0.123779296875,nan,0.123779296875,nan,1,0.7637939453125,0.7802764892578125,0.012796855240478378,8,3,22,117,95,20260920,761,6.791178999992553
adder,S1,6,0.005,1,8,1024,8192,0.76806640625,0.7588022893601005,0.7770792332470935,0.489013671875,0.386962890625,0.017333984375,nan,0.051025390625,0.180908203125,nan,0.180908203125,nan,1,0.7574462890625,0.7784423828125,0.016307633031475956,8,3,22,117,95,20260920,761,7.009358000010252
adder,S1,6,0.005,2,8,1024,8192,0.781494140625,0.7724148824634054,0.7903095215130014,0.3941650390625,0.2169189453125,0.0072021484375,nan,0.0262451171875,nan,0.0623779296875,nan,0.0623779296875,1,0.7724609375,0.7908935546875,0.014397497165490304,8,3,22,117,95,20260920,761,6.670642399985809
adder,S1,6,0.005,3,8,1024,8192,0.7728271484375,0.7636270460331696,0.7817714981503818,0.3800048828125,0.1031494140625,0.02294921875,nan,0.006103515625,nan,0.03125,nan,0.03125,1,0.7642822265625,0.7816162109375,0.013307663753527108,8,3,22,117,95,20260920,761,6.612412300019059
adder,S1,6,0.005,4,8,1024,8192,0.7896728515625,0.7807129067602201,0.7983612522319801,0.346435546875,-0.070556640625,0.0120849609375,nan,0.0157470703125,nan,0.02197265625,nan,0.02197265625,1,0.7816162109375,0.79638671875,0.011158207203065257,8,3,22,117,95,20260920,761,6.718317400023807
adder,S1,6,0.005,5,8,1024,8192,0.7808837890625,0.7717958351135565,0.7897084378915225,0.3519287109375,-0.1519775390625,0.031494140625,nan,0.0020751953125,nan,0.02001953125,nan,0.02001953125,1,0.7750213623046875,0.7860107421875,0.00865531764485928,8,3,22,117,95,20260920,761,6.852340799989179
adder,S1,6,0.005,6,8,1024,8192,0.780517578125,0.7714244203724798,0.7893477740498025,0.429443359375,-0.3349609375,0.0472412109375,nan,0.0155029296875,nan,0.020263671875,nan,0.020263671875,1,0.770263671875,0.791015625,0.015933666462749543,8,3,22,117,95,20260920,761,6.64275890000863
adder,S1,6,0.01,0,8,1024,8192,0.594970703125,0.5842983219643201,0.6055540571742941,1.070556640625,1.070556640625,0.017333984375,0.405029296875,nan,0.236328125,nan,0.236328125,nan,1,0.5845947265625,0.604736328125,0.01564025134574899,8,3,22,117,95,20260920,761,6.815147800021805
adder,S1,6,0.01,1,8,1024,8192,0.599609375,0.5889547319798162,0.6101706425408898,0.8831787109375,0.7144775390625,0.034423828125,nan,0.0843505859375,0.3160400390625,nan,0.3160400390625,nan,1,0.5909393310546875,0.6090087890625,0.014064824956616696,8,3,22,117,95,20260920,761,6.776741500012577
adder,S1,6,0.01,2,8,1024,8192,0.6207275390625,0.6101662500354263,0.6311756560932233,0.719482421875,0.453857421875,0.0189208984375,nan,0.036376953125,nan,0.096435546875,nan,0.096435546875,1,0.612060546875,0.6295166015625,0.013601315652697177,8,3,22,117,95,20260920,761,6.737429499975406
adder,S1,6,0.01,3,8,1024,8192,0.6094970703125,0.5988835477328807,0.6200079485233365,0.6798095703125,0.1739501953125,0.0404052734375,nan,0.0174560546875,nan,0.063232421875,nan,0.063232421875,1,0.5987548828125,0.621826171875,0.0177895082551573,8,3,22,117,95,20260920,761,6.574459500028752
adder,S1,6,0.01,4,8,1024,8192,0.627685546875,0.6171596104636748,0.6380917887381125,0.6209716796875,-0.1009521484375,0.0245361328125,nan,0.02587890625,nan,0.040283203125,nan,0.040283203125,1,0.6192626953125,0.6356231689453125,0.012857925754507464,8,3,22,117,95,20260920,761,6.59574119996978
adder,S1,6,0.01,5,8,1024,8192,0.6146240234375,0.6040336119898025,0.6251069844255687,0.6513671875,-0.307861328125,0.056884765625,nan,0.0076904296875,nan,0.037353515625,nan,0.037353515625,1,0.6015625,0.6279296875,0.020323882215104894,8,3,22,117,95,20260920,761,6.690115600009449
adder,S1,6,0.01,6,8,1024,8192,0.616455078125,0.6058732191257179,0.6269277702036369,0.7723388671875,-0.6068115234375,0.082763671875,nan,0.0245361328125,nan,0.0377197265625,nan,0.0377197265625,1,0.605712890625,0.6287841796875,0.017699774375382674,8,3,22,117,95,20260920,761,6.6071926999720745
adder,S1,6,0.02,0,8,1024,8192,0.39111328125,0.3805991613033343,0.4017294734117763,1.76806640625,1.76806640625,0.0341796875,0.60888671875,nan,0.3983154296875,nan,0.3983154296875,nan,1,0.3848876953125,0.3973388671875,0.009765625,8,3,22,117,95,20260920,761,6.878842599980999
adder,S1,6,0.02,1,8,1024,8192,0.3905029296875,0.3799920514766634,0.40111645226711934,1.411865234375,1.17529296875,0.0472412109375,nan,0.1182861328125,0.4912109375,nan,0.4912109375,nan,1,0.3826904296875,0.39758605957031246,0.011548209177630518,8,3,22,117,95,20260920,761,6.664382699993439
adder,S1,6,0.02,2,8,1024,8192,0.4207763671875,0.41012534494234004,0.4315016549793043,1.161376953125,0.739990234375,0.034912109375,nan,0.0618896484375,nan,0.1488037109375,nan,0.1488037109375,1,0.410400390625,0.431396484375,0.016286211015779217,8,3,22,117,95,20260920,761,6.806944800016936
adder,S1,6,0.02,3,8,1024,8192,0.4090576171875,0.3984558812591644,0.4197446040129852,1.114013671875,0.305908203125,0.069580078125,nan,0.038330078125,nan,0.110595703125,nan,0.110595703125,1,0.3968505859375,0.421142578125,0.018744168055775823,8,3,22,117,95,20260920,761,6.848731800040696
adder,S1,6,0.02,4,8,1024,8192,0.4285888671875,0.4179084224102929,0.43933625394434805,1.021728515625,-0.1787109375,0.047607421875,nan,0.046875,nan,0.0794677734375,nan,0.0794677734375,1,0.4190643310546875,0.4356689453125,0.012949649053195794,8,3,22,117,95,20260920,761,6.6645739999949
adder,S1,6,0.02,5,8,1024,8192,0.4207763671875,0.41012534494234004,0.4315016549793043,1.076416015625,-0.572265625,0.0809326171875,nan,0.0274658203125,nan,0.07470703125,nan,0.07470703125,1,0.4072265625,0.4344482421875,0.021257665838233443,8,3,22,117,95,20260920,761,7.029895499988925
adder,S1,6,0.02,6,8,1024,8192,0.4114990234375,0.40088650667970266,0.4221945024777583,1.2811279296875,-1.0526123046875,0.1142578125,nan,0.0391845703125,nan,0.069580078125,nan,0.069580078125,1,0.3992919921875,0.4234619140625,0.018543211177139057,8,3,22,117,95,20260920,761,6.692106499976944
adder,S1,6,0.03,0,8,1024,8192,0.2713623046875,0.2618420738483822,0.28109686429220326,2.293212890625,2.293212890625,0.0560302734375,0.7286376953125,nan,0.52392578125,nan,0.52392578125,nan,1,0.2635498046875,0.2794189453125,0.012335402026781236,8,3,22,117,95,20260920,761,7.080671600007918
adder,S1,6,0.03,1,8,1024,8192,0.2662353515625,0.2567753795169732,0.2759144584644582,1.837646484375,1.585205078125,0.05859375,nan,0.126220703125,0.6075439453125,nan,0.6075439453125,nan,1,0.255126953125,0.27844543457031246,0.01790782004572608,8,3,22,117,95,20260920,761,6.8965880000032485
adder,S1,6,0.03,2,8,1024,8192,0.2989501953125,0.28913280538656105,0.3089560526580434,1.5048828125,0.986328125,0.056396484375,nan,0.0789794921875,nan,0.1802978515625,nan,0.1802978515625,1,0.283447265625,0.3134765625,0.023457473237070932,8,3,22,117,95,20260920,761,7.041404700023122
adder,S1,6,0.03,3,8,1024,8192,0.2886962890625,0.2789841411914204,0.2986065165348761,1.396240234375,0.406494140625,0.0843505859375,nan,0.0556640625,nan,0.139892578125,nan,0.139892578125,1,0.277587890625,0.2998046875,0.01701043813476774,8,3,22,117,95,20260920,761,6.883526099962182
adder,S1,6,0.03,4,8,1024,8192,0.3157958984375,0.30581840442356645,0.3259460684296869,1.289794921875,-0.20556640625,0.07568359375,nan,0.0550537109375,nan,0.1060791015625,nan,0.1060791015625,1,0.308349609375,0.32373046875,0.01184522409248848,8,3,22,117,95,20260920,761,6.922391000029165
adder,S1,6,0.03,5,8,1024,8192,0.3033447265625,0.29348405803776295,0.31338974300040207,1.389404296875,-0.794921875,0.096435546875,nan,0.041748046875,nan,0.1048583984375,nan,0.1048583984375,1,0.299072265625,0.3079833984375,0.006844651254334076,8,3,22,117,95,20260920,761,6.798045800009277
adder,S1,6,0.03,6,8,1024,8192,0.2890625,0.2793464893668312,0.29897624694226205,1.6885986328125,-1.4344482421875,0.1270751953125,nan,0.0560302734375,nan,0.1080322265625,nan,0.1080322265625,1,0.2834442138671875,0.29443359375,0.008433081060104583,8,3,22,117,95,20260920,761,6.678308799979277
adder,S1,6,0.05,0,8,1024,8192,0.16748046875,0.15955074092373783,0.1757219058968466,2.8958740234375,2.8958740234375,0.0811767578125,0.83251953125,nan,0.663330078125,nan,0.663330078125,nan,1,0.162353515625,0.173095703125,0.00836821024244912,8,3,22,117,95,20260920,761,7.052181700011715
adder,S1,6,0.05,1,8,1024,8192,0.15966796875,0.1518956529832068,0.16775931740438108,2.2890625,2.047119140625,0.07958984375,nan,0.1209716796875,0.7193603515625,nan,0.7193603515625,nan,1,0.1514892578125,0.1678466796875,0.012516991102766713,8,3,22,117,95,20260920,761,6.813044500013348
adder,S1,6,0.05,2,8,1024,8192,0.2039794921875,0.1953933161370303,0.2128431627689599,1.8616943359375,1.2694091796875,0.087646484375,nan,0.0931396484375,nan,0.2030029296875,nan,0.2030029296875,1,0.1875,0.221435546875,0.02639784871951397,8,3,22,117,95,20260920,761,6.853820000018459
adder,S1,6,0.05,3,8,1024,8192,0.1845703125,0.17631789613086524,0.19311841788689915,1.6983642578125,0.4830322265625,0.101806640625,nan,0.0859375,nan,0.1856689453125,nan,0.1856689453125,1,0.1793212890625,0.190185546875,0.008449220942927858,8,3,22,117,95,20260920,761,6.786957000032999
adder,S1,6,0.05,4,8,1024,8192,0.2088623046875,0.20019720461741194,0.2178003220592011,1.5755615234375,-0.2987060546875,0.0889892578125,nan,0.0682373046875,nan,0.1529541015625,nan,0.1529541015625,1,0.1995849609375,0.2191162109375,0.015051536128980528,8,3,22,117,95,20260920,761,6.798535199952312
adder,S1,6,0.05,5,8,1024,8192,0.212646484375,0.20392154118593322,0.22164079751291252,1.70166015625,-1.033447265625,0.107421875,nan,0.064453125,nan,0.140869140625,nan,0.140869140625,1,0.200439453125,0.2237548828125,0.017799557068336337,8,3,22,117,95,20260920,761,6.770634899963625
adder,S1,6,0.05,6,8,1024,8192,0.1827392578125,0.1745200669641574,0.19125585413962343,2.1383056640625,-1.8695068359375,0.1343994140625,nan,0.073486328125,nan,0.1513671875,nan,0.1513671875,1,0.1744384765625,0.18994140625,0.01191975013353988,8,3,22,117,95,20260920,761,6.866431200003717
adder,S2,2,0.0,0,8,1024,8192,0.9501953125,0.9452698816867965,0.9546987227646296,0.068115234375,0.068115234375,0.0006103515625,0.0498046875,nan,0.0177001953125,nan,0.0498046875,nan,0,0.94775390625,0.95263671875,0.0038358613518045537,8,2,8,25,18,20260920,761,1.157533699995838
adder,S2,2,0.0,1,8,1024,8192,0.94287109375,0.9376345849623511,0.9476924478331408,0.07275390625,0.01806640625,0.015625,nan,0.02734375,0.02978515625,nan,nan,0.02734375,0,0.9365234375,0.947998046875,0.008965551904609168,8,2,8,25,18,20260920,761,1.0848296000040136
adder,S2,2,0.0,2,8,1024,8192,0.9461669921875,0.9410673285563864,0.9508484114842757,0.069091796875,-0.038818359375,0.01513671875,nan,0.0152587890625,nan,0.0386962890625,nan,0.0152587890625,0,0.939697265625,0.95166015625,0.00941672350275158,8,2,8,25,18,20260920,761,1.0733626000001095
adder,S2,2,0.001,0,8,1024,8192,0.94140625,0.9361104499335051,0.9462882685307998,0.080322265625,0.080322265625,0.0010986328125,0.05859375,nan,0.0206298828125,nan,0.05859375,nan,0,0.93994140625,0.94287109375,0.002214635584038441,8,2,8,25,18,20260920,761,1.6925379000022076
adder,S2,2,0.001,1,8,1024,8192,0.9371337890625,0.9316700527713804,0.9421877488936297,0.0799560546875,0.0238037109375,0.01708984375,nan,0.028076171875,0.0347900390625,nan,nan,0.028076171875,0,0.932861328125,0.9404296875,0.005995841538000664,8,2,8,25,18,20260920,761,1.2888116000103764
adder,S2,2,0.001,2,8,1024,8192,0.9375,0.9320503785773362,0.9425395016704705,0.07958984375,-0.045654296875,0.0169677734375,nan,0.01708984375,nan,0.0455322265625,nan,0.01708984375,0,0.9324951171875,0.942138671875,0.007564420598061361,8,2,8,25,18,20260920,761,1.296518700022716
adder,S2,2,0.003,0,8,1024,8192,0.9267578125,0.9209137745440952,0.9322018006083412,0.101318359375,0.101318359375,0.00390625,0.0732421875,nan,0.024169921875,nan,0.0732421875,nan,0,0.9234619140625,0.929443359375,0.004610131596500643,8,2,8,25,18,20260920,761,1.731468899990432
adder,S2,2,0.003,1,8,1024,8192,0.92236328125,0.9163685028814661,0.9279621292774098,0.097900390625,0.024658203125,0.020263671875,nan,0.03662109375,0.041015625,nan,nan,0.03662109375,0,0.9178466796875,0.9266357421875,0.006805977074581734,8,2,8,25,18,20260920,761,1.3277389999711886
adder,S2,2,0.003,2,8,1024,8192,0.9207763671875,0.9147285153898005,0.926429776243623,0.099609375,-0.061767578125,0.0189208984375,nan,0.0203857421875,nan,0.060302734375,nan,0.0203857421875,0,0.914306640625,0.926513671875,0.00941672350275158,8,2,8,25,18,20260920,761,1.3091926000197418
adder,S2,2,0.005,0,8,1024,8192,0.910400390625,0.9040217373170039,0.916394327803846,0.1236572265625,0.1236572265625,0.006103515625,0.089599609375,nan,0.0279541015625,nan,0.089599609375,nan,0,0.9051513671875,0.9161376953125,0.008589151316249257,8,2,8,25,18,20260920,761,1.735886400041636
adder,S2,2,0.005,1,8,1024,8192,0.905517578125,0.8989921558469355,0.9116628615032915,0.1153564453125,0.0279541015625,0.0208740234375,nan,0.043701171875,0.05078125,nan,nan,0.043701171875,0,0.8985595703125,0.91162109375,0.009996571634343906,8,2,8,25,18,20260920,761,1.3308129999786615
adder,S2,2,0.005,2,8,1024,8192,0.9090576171875,0.9026380679578102,0.9150937090261183,0.1131591796875,-0.0711669921875,0.02099609375,nan,0.022216796875,nan,0.0699462890625,nan,0.022216796875,0,0.9027099609375,0.9161376953125,0.010367048252963952,8,2,8,25,18,20260920,761,1.3124585000332445
adder,S2,2,0.01,0,8,1024,8192,0.8790283203125,0.8717885958225279,0.8859127373720702,0.1712646484375,0.1712646484375,0.0128173828125,0.1209716796875,nan,0.0374755859375,nan,0.1209716796875,nan,0,0.87353515625,0.88427734375,0.008260678139146244,8,2,8,25,18,20260920,761,1.7234217000077479
adder,S2,2,0.01,1,8,1024,8192,0.8741455078125,0.8667871238208855,0.8811531616030897,0.1514892578125,0.0386962890625,0.025634765625,nan,0.056396484375,0.0694580078125,nan,nan,0.056396484375,0,0.8673095703125,0.8800048828125,0.009923905635759168,8,2,8,25,18,20260920,761,1.313607599993702
adder,S2,2,0.01,2,8,1024,8192,0.8712158203125,0.8637879475164596,0.878295709245142,0.1561279296875,-0.1016845703125,0.0272216796875,nan,0.02734375,nan,0.1015625,nan,0.02734375,0,0.86572265625,0.876953125,0.008631674575031098,8,2,8,25,18,20260920,761,1.3147306999890134
adder,S2,2,0.02,0,8,1024,8192,0.8077392578125,0.7990621646031714,0.8161278711403334,0.2691650390625,0.2691650390625,0.0189208984375,0.1922607421875,nan,0.0579833984375,nan,0.1922607421875,nan,0,0.801025390625,0.813720703125,0.00977172660946753,8,2,8,25,18,20260920,761,1.7377625000081025
adder,S2,2,0.02,1,8,1024,8192,0.8050537109375,0.7963328180302797,0.8134886414393824,0.228271484375,0.04541015625,0.0333251953125,nan,0.0914306640625,0.103515625,nan,nan,0.0914306640625,0,0.7960205078125,0.8155517578125,0.015110256426902906,8,2,8,25,18,20260920,761,1.3200401000212878
adder,S2,2,0.02,2,8,1024,8192,0.811767578125,0.8031573826221592,0.8200855175321093,0.2255859375,-0.14404296875,0.040771484375,nan,0.037353515625,nan,0.1474609375,nan,0.037353515625,0,0.8035888671875,0.8211669921875,0.013367037635097534,8,2,8,25,18,20260920,761,1.3175803999765776
adder,S2,2,0.03,0,8,1024,8192,0.7491455078125,0.7396427655352023,0.7584146969608283,0.3575439453125,0.3575439453125,0.0284423828125,0.2508544921875,nan,0.0782470703125,nan,0.2508544921875,nan,0,0.7376708984375,0.7613525390625,0.01845114362467877,8,2,8,25,18,20260920,761,1.73467159998836
adder,S2,2,0.03,1,8,1024,8192,0.7503662109375,0.7408781264502811,0.7596195979884053,0.29296875,0.0634765625,0.0433349609375,nan,0.11474609375,0.1348876953125,nan,nan,0.11474609375,0,0.741455078125,0.758544921875,0.013338341340109998,8,2,8,25,18,20260920,761,1.3135879000183195
adder,S2,2,0.03,2,8,1024,8192,0.74658203125,0.7370488290610484,0.755884083355405,0.3070068359375,-0.2005615234375,0.05322265625,nan,0.0535888671875,nan,0.2001953125,nan,0.0535888671875,0,0.738525390625,0.7540283203125,0.01179984958358845,8,2,8,25,18,20260920,761,1.3064112999709323
adder,S2,2,0.05,0,8,1024,8192,0.6552734375,0.6449107671013318,0.6654905520044746,0.517578125,0.517578125,0.05322265625,0.3447265625,nan,0.11962890625,nan,0.3447265625,nan,0,0.644287109375,0.6650390625,0.016029569821971373,8,2,8,25,18,20260920,761,1.7094127000309527
adder,S2,2,0.05,1,8,1024,8192,0.651123046875,0.640733413580422,0.661371014920355,0.4085693359375,0.0941162109375,0.0596923828125,nan,0.1572265625,0.191650390625,nan,nan,0.1572265625,0,0.6470947265625,0.6552734375,0.006472522717445338,8,2,8,25,18,20260920,761,1.3231653000111692
adder,S2,2,0.05,2,8,1024,8192,0.6533203125,0.6429448460113368,0.6635520539862204,0.4228515625,-0.27197265625,0.075439453125,nan,0.076171875,nan,0.271240234375,nan,0.076171875,0,0.647216796875,0.6588165283203125,0.008858542336153763,8,2,8,25,18,20260920,761,1.3160219000419602
adder,S2,4,0.0,0,8,1024,8192,0.8873291015625,0.8802997388277676,0.8939953755768895,0.2115478515625,0.2115478515625,0.0018310546875,0.1126708984375,nan,0.0552978515625,nan,0.0552978515625,nan,1,0.8828125,0.89306640625,0.007846214571608712,8,3,16,61,51,20260920,761,3.215435200021602
adder,S2,4,0.0,1,8,1024,8192,0.8677978515625,0.8602904664353836,0.8749604568867819,0.21923828125,0.122802734375,0.0177001953125,nan,0.0482177734375,0.083984375,nan,0.083984375,nan,1,0.8626708984375,0.87353515625,0.00846432413249986,8,3,16,61,51,20260920,761,3.0957794999703765
adder,S2,4,0.0,2,8,1024,8192,0.86279296875,0.8551720728096306,0.8700737765476465,0.2353515625,0.049072265625,0.0196533203125,nan,0.0289306640625,nan,0.064208984375,nan,0.064208984375,1,0.8511962890625,0.8746368408203125,0.018180106441624443,8,3,16,61,51,20260920,761,3.068142700009048
adder,S2,4,0.0,3,8,1024,8192,0.8592529296875,0.8515537624620139,0.8666153272615617,0.241943359375,-0.04150390625,0.024169921875,nan,0.005615234375,nan,0.03759765625,nan,0.03759765625,1,0.851318359375,0.8663330078125,0.011489070603392135,8,3,16,61,51,20260920,761,3.519649700028822
adder,S2,4,0.0,4,8,1024,8192,0.848388671875,0.8404591430443211,0.8559916153896188,0.2672119140625,-0.1427001953125,0.0462646484375,nan,0.0164794921875,nan,0.0279541015625,nan,0.0279541015625,1,0.8394775390625,0.8580322265625,0.014435298338959455,8,3,16,61,51,20260920,761,4.43130509997718
adder,S2,4,0.001,0,8,1024,8192,0.870361328125,0.8629134219120853,0.8774620514896572,0.244384765625,0.244384765625,0.0035400390625,0.129638671875,nan,0.06201171875,nan,0.06201171875,nan,1,0.8646240234375,0.8773193359375,0.009845515847495875,8,3,16,61,51,20260920,761,9.634281900012866
adder,S2,4,0.001,1,8,1024,8192,0.8447265625,0.8367225649967612,0.8524074076092115,0.2540283203125,0.1422119140625,0.0189208984375,nan,0.055908203125,0.099365234375,nan,0.099365234375,nan,1,0.8392333984375,0.8507080078125,0.008919847858898315,8,3,16,61,51,20260920,761,4.033821899967734
adder,S2,4,0.001,2,8,1024,8192,0.841552734375,0.8334854337399398,0.8492998578151281,0.264404296875,0.051513671875,0.020751953125,nan,0.0328369140625,nan,0.0736083984375,nan,0.0736083984375,1,0.8277587890625,0.85595703125,0.021546114111545885,8,3,16,61,51,20260920,761,6.126689299999271
adder,S2,4,0.001,3,8,1024,8192,0.837158203125,0.8290050930427157,0.8449952555187914,0.2750244140625,-0.0499267578125,0.02734375,nan,0.0068359375,nan,0.04248046875,nan,0.04248046875,1,0.829345703125,0.844970703125,0.012037041850044427,8,3,16,61,51,20260920,761,6.718256900028791
adder,S2,4,0.001,4,8,1024,8192,0.830322265625,0.8220397739283578,0.8382951077542775,0.2967529296875,-0.1600341796875,0.0498046875,nan,0.016845703125,nan,0.0306396484375,nan,0.0306396484375,1,0.822509765625,0.83837890625,0.012216792971871879,8,3,16,61,51,20260920,761,6.711308499972802
adder,S2,4,0.003,0,8,1024,8192,0.82763671875,0.8193047189122445,0.8356615864965481,0.3231201171875,0.3231201171875,0.0057373046875,0.17236328125,nan,0.0811767578125,nan,0.0811767578125,nan,1,0.8211669921875,0.8349609375,0.010748526944340525,8,3,16,61,51,20260920,761,11.752624900022056
adder,S2,4,0.003,1,8,1024,8192,0.7998046875,0.7909999885172924,0.8083283445989501,0.3280029296875,0.1854248046875,0.0235595703125,nan,0.0712890625,0.12890625,nan,0.12890625,nan,1,0.791259765625,0.8089599609375,0.01384024199245079,8,3,16,61,51,20260920,761,4.143319199967664
adder,S2,4,0.003,2,8,1024,8192,0.81103515625,0.802412689301765,0.81936605368691,0.3037109375,0.046875,0.0205078125,nan,0.038818359375,nan,0.089599609375,nan,0.089599609375,1,0.796630859375,0.82470703125,0.021642327244165004,8,3,16,61,51,20260920,761,4.124140100029763
adder,S2,4,0.003,3,8,1024,8192,0.800048828125,0.7912479749942838,0.8085684105104898,0.3299560546875,-0.0635986328125,0.0321044921875,nan,0.0087890625,nan,0.0489501953125,nan,0.0489501953125,1,0.7918701171875,0.8070068359375,0.011610713870534677,8,3,16,61,51,20260920,761,4.084168999979738
adder,S2,4,0.003,4,8,1024,8192,0.7918701171875,0.7829431282334477,0.8005235022555327,0.35400390625,-0.184814453125,0.0611572265625,nan,0.016357421875,nan,0.0338134765625,nan,0.0338134765625,1,0.7841796875,0.7999267578125,0.012168605816632304,8,3,16,61,51,20260920,761,7.219061299983878
adder,S2,4,0.005,0,8,1024,8192,0.7840576171875,0.7750151941221973,0.7928337599337866,0.413818359375,0.413818359375,0.0098876953125,0.2159423828125,nan,0.1016845703125,nan,0.1016845703125,nan,1,0.77783203125,0.7904052734375,0.00975777446726761,8,3,16,61,51,20260920,761,11.943728999991436
adder,S2,4,0.005,1,8,1024,8192,0.7677001953125,0.7584312222114028,0.7767182218129945,0.3863525390625,0.2303466796875,0.0264892578125,nan,0.0780029296875,0.154296875,nan,0.154296875,nan,1,0.76171875,0.7750244140625,0.010523565460084134,8,3,16,61,51,20260920,761,6.77360159996897
adder,S2,4,0.005,2,8,1024,8192,0.7698974609375,0.7606577701261688,0.7788841453950088,0.3609619140625,0.0697021484375,0.024658203125,nan,0.0406494140625,nan,0.10498046875,nan,0.10498046875,1,0.756591796875,0.7855224609375,0.022548339626989877,8,3,16,61,51,20260920,761,7.103748699999414
adder,S2,4,0.005,3,8,1024,8192,0.7623291015625,0.7529900023307055,0.7714222891460067,0.389892578125,-0.071533203125,0.040283203125,nan,0.0111083984375,nan,0.05712890625,nan,0.05712890625,1,0.755615234375,0.7681884765625,0.009708784076168007,8,3,16,61,51,20260920,761,7.0606464999727905
adder,S2,4,0.005,4,8,1024,8192,0.7474365234375,0.7379134263491351,0.7567276694271774,0.4278564453125,-0.2376708984375,0.06884765625,nan,0.0181884765625,nan,0.0408935546875,nan,0.0408935546875,1,0.7413330078125,0.7528076171875,0.00879584156965421,8,3,16,61,51,20260920,761,6.867548800015356
adder,S2,4,0.01,0,8,1024,8192,0.7030029296875,0.6930148250554642,0.7128007360081805,0.584716796875,0.584716796875,0.0164794921875,0.2969970703125,nan,0.1427001953125,nan,0.1427001953125,nan,1,0.6956787109375,0.7098388671875,0.011127640902107114,8,3,16,61,51,20260920,761,12.075605200021528
adder,S2,4,0.01,1,8,1024,8192,0.6719970703125,0.6617519185812463,0.6820809891389433,0.5499267578125,0.3431396484375,0.0357666015625,nan,0.1033935546875,0.224609375,nan,0.224609375,nan,1,0.6632080078125,0.681396484375,0.014290049440099508,8,3,16,61,51,20260920,761,6.930543800001033
adder,S2,4,0.01,2,8,1024,8192,0.6854248046875,0.6752845702599518,0.6953912188294505,0.493896484375,0.11181640625,0.033203125,nan,0.0521240234375,nan,0.138916015625,nan,0.138916015625,1,0.6727294921875,0.6978759765625,0.01945042918134862,8,3,16,61,51,20260920,761,6.864612200006377
adder,S2,4,0.01,3,8,1024,8192,0.6761474609375,0.6659337175195602,0.6861960808056587,0.524658203125,-0.125732421875,0.05029296875,nan,0.0216064453125,nan,0.0804443359375,nan,0.0804443359375,1,0.6663818359375,0.685546875,0.014745192919799923,8,3,16,61,51,20260920,761,6.492483799986076
adder,S2,4,0.01,4,8,1024,8192,0.650390625,0.639996323094491,0.6606439482406925,0.5941162109375,-0.3370361328125,0.0933837890625,nan,0.0234375,nan,0.05712890625,nan,0.05712890625,1,0.6412353515625,0.6600372314453125,0.014352478961620185,8,3,16,61,51,20260920,761,6.711568899976555
adder,S2,4,0.02,0,8,1024,8192,0.5614013671875,0.5506296455180878,0.5721155301974944,0.92041015625,0.92041015625,0.03564453125,0.4385986328125,nan,0.2259521484375,nan,0.2259521484375,nan,1,0.5528564453125,0.571044921875,0.014117397147859765,8,3,16,61,51,20260920,761,10.244217399973422
adder,S2,4,0.02,1,8,1024,8192,0.53564453125,0.5248305171979532,0.5464251315275935,0.8192138671875,0.5501708984375,0.0552978515625,nan,0.134521484375,0.329833984375,nan,0.329833984375,nan,1,0.5244140625,0.5479736328125,0.018447912938025623,8,3,16,61,51,20260920,761,6.634029900014866
adder,S2,4,0.02,2,8,1024,8192,0.5469970703125,0.5361981082425933,0.5577519765496515,0.7138671875,0.1796875,0.05126953125,nan,0.07080078125,nan,0.1962890625,nan,0.1962890625,1,0.5360107421875,0.5579833984375,0.01716590614768192,8,3,16,61,51,20260920,761,6.57996419997653
adder,S2,4,0.02,3,8,1024,8192,0.546630859375,0.5358313237122904,0.5573866824971577,0.7503662109375,-0.1737060546875,0.075439453125,nan,0.03515625,nan,0.11962890625,nan,0.11962890625,1,0.5416229248046875,0.551025390625,0.0073404767472523965,8,3,16,61,51,20260920,761,6.695670099987183
adder,S2,4,0.02,4,8,1024,8192,0.5206298828125,0.5098045910558964,0.5314358357749851,0.844482421875,-0.4951171875,0.12109375,nan,0.0345458984375,nan,0.0897216796875,nan,0.0897216796875,1,0.5150146484375,0.5264892578125,0.008772577235583789,8,3,16,61,51,20260920,761,6.526728999975603
adder,S2,4,0.03,0,8,1024,8192,0.460693359375,0.4499204319483633,0.4715031334981228,1.19189453125,1.19189453125,0.050537109375,0.539306640625,nan,0.2984619140625,nan,0.2984619140625,nan,1,0.4520263671875,0.473876953125,0.017868310978209626,8,3,16,61,51,20260920,761,11.372290600033011
adder,S2,4,0.03,1,8,1024,8192,0.4407958984375,0.43007492886702203,0.451572366914176,1.0155029296875,0.7091064453125,0.0699462890625,nan,0.1531982421875,0.406005859375,nan,0.406005859375,nan,1,0.4327392578125,0.447998046875,0.011787575744006448,8,3,16,61,51,20260920,761,6.9641346000134945
adder,S2,4,0.03,2,8,1024,8192,0.450927734375,0.4401781349587794,0.46172333494646106,0.899169921875,0.2705078125,0.0731201171875,nan,0.08740234375,nan,0.2269287109375,nan,0.2269287109375,1,0.4459228515625,0.456298828125,0.00811613500541115,8,3,16,61,51,20260920,761,6.895728500036057
adder,S2,4,0.03,3,8,1024,8192,0.4473876953125,0.43664758528097325,0.4581771249905656,0.921630859375,-0.21142578125,0.0948486328125,nan,0.049560546875,nan,0.1485595703125,nan,0.1485595703125,1,0.4366455078125,0.459716796875,0.01758926280948954,8,3,16,61,51,20260920,761,6.990059999981895
adder,S2,4,0.03,4,8,1024,8192,0.4150390625,0.4044113939570108,0.42574637483415173,1.0538330078125,-0.6348876953125,0.14208984375,nan,0.043212890625,nan,0.11474609375,nan,0.11474609375,1,0.406982421875,0.422607421875,0.01208504901099761,8,3,16,61,51,20260920,761,6.862446199986152
adder,S2,4,0.05,0,8,1024,8192,0.332763671875,0.3226403713901856,0.34304374246598207,1.6383056640625,1.6383056640625,0.08642578125,0.667236328125,nan,0.416015625,nan,0.416015625,nan,1,0.325439453125,0.3399658203125,0.011192494512813659,8,3,16,61,51,20260920,761,11.77664170000935
adder,S2,4,0.05,1,8,1024,8192,0.3101806640625,0.3002548058962414,0.3202844620207957,1.3387451171875,0.9949951171875,0.1002197265625,nan,0.171875,0.5179443359375,nan,0.5179443359375,nan,1,0.3033447265625,0.31689453125,0.01036047538924855,8,3,16,61,51,20260920,761,6.969365899974946
adder,S2,4,0.05,2,8,1024,8192,0.3388671875,0.3286951103305615,0.3491903132388848,1.145751953125,0.373046875,0.1046142578125,nan,0.115966796875,nan,0.2703857421875,nan,0.2703857421875,1,0.33349609375,0.3447265625,0.008719029013392714,8,3,16,61,51,20260920,761,6.973732399987057
adder,S2,4,0.05,3,8,1024,8192,0.334228515625,0.3240933340581056,0.34451909412924897,1.1748046875,-0.198486328125,0.1356201171875,nan,0.0755615234375,nan,0.1890869140625,nan,0.1890869140625,1,0.3314208984375,0.3367919921875,0.004134974981941666,8,3,16,61,51,20260920,761,6.909134000015911
adder,S2,4,0.05,4,8,1024,8192,0.2838134765625,0.2741535805840483,0.29367602937162535,1.355224609375,-0.838623046875,0.1640625,nan,0.0635986328125,nan,0.1531982421875,nan,0.1531982421875,1,0.272216796875,0.294921875,0.017367110653818723,8,3,16,61,51,20260920,761,6.904133500007447
adder,S2,6,0.0,0,8,1024,8192,0.8402099609375,0.8321162165222032,0.8479847868959433,0.3848876953125,0.3848876953125,0.0008544921875,0.1597900390625,nan,0.09326171875,nan,0.09326171875,nan,1,0.8349609375,0.8458251953125,0.008544423614299556,8,3,22,117,95,20260920,761,11.762201600009575
adder,S2,6,0.0,1,8,1024,8192,0.7877197265625,0.7787308116419144,0.7964389282420367,0.42626953125,0.286865234375,0.0072021484375,nan,0.0697021484375,0.142578125,nan,0.142578125,nan,1,0.7724609375,0.8065185546875,0.026723562522644993,8,3,22,117,95,20260920,761,11.257107399986126
adder,S2,6,0.0,2,8,1024,8192,0.7867431640625,0.7777398774117413,0.795477652918085,0.4036865234375,0.1807861328125,0.005126953125,nan,0.03662109375,nan,0.0748291015625,nan,0.0748291015625,1,0.773681640625,0.799560546875,0.019999530650489917,8,3,22,117,95,20260920,761,11.167313200014178
adder,S2,6,0.0,3,8,1024,8192,0.7703857421875,0.7611526059845518,0.779365414313688,0.4345703125,0.053466796875,0.038818359375,nan,0.007080078125,nan,0.053955078125,nan,0.053955078125,1,0.7607421875,0.7794189453125,0.014290049440099508,8,3,22,117,95,20260920,761,11.140659199969377
adder,S2,6,0.0,4,8,1024,8192,0.7686767578125,0.7594207560531728,0.777680897525349,0.4080810546875,-0.1180419921875,0.0087890625,nan,0.0264892578125,nan,0.0321044921875,nan,0.0321044921875,1,0.7628173828125,0.7744140625,0.008819044533430543,8,3,22,117,95,20260920,761,11.157605200016405
adder,S2,6,0.0,5,8,1024,8192,0.768310546875,0.7590496728175875,0.7773199021781376,0.4169921875,-0.22021484375,0.0360107421875,nan,0.0029296875,nan,0.0340576171875,nan,0.0340576171875,1,0.7593994140625,0.7772216796875,0.013599437407068848,8,3,22,117,95,20260920,761,11.06856990000233
adder,S2,6,0.0,6,8,1024,8192,0.7655029296875,0.7562050210161223,0.7745519515114948,0.46435546875,-0.361572265625,0.0513916015625,nan,0.0091552734375,nan,0.0135498046875,nan,0.0135498046875,1,0.752685546875,0.7769775390625,0.018642133430418897,8,3,22,117,95,20260920,761,10.903900599980261
adder,S2,6,0.001,0,8,1024,8192,0.7967529296875,0.7879005798228824,0.8053270984367209,0.50341796875,0.50341796875,0.002685546875,0.2032470703125,nan,0.117431640625,nan,0.117431640625,nan,1,0.7899169921875,0.804931640625,0.011477206321819491,8,3,22,117,95,20260920,761,24.06118019996211
adder,S2,6,0.001,1,8,1024,8192,0.7484130859375,0.7389015965031248,0.7576917088273122,0.5166015625,0.364013671875,0.011474609375,nan,0.0762939453125,0.17529296875,nan,0.17529296875,nan,1,0.732666015625,0.7650146484375,0.025223401402913913,8,3,22,117,95,20260920,761,15.648102000006475
adder,S2,6,0.001,2,8,1024,8192,0.7528076171875,0.7433491470088126,0.7620291013151851,0.4774169921875,0.2362060546875,0.0079345703125,nan,0.0389404296875,nan,0.0816650390625,nan,0.0816650390625,1,0.7391326904296875,0.7669677734375,0.021895403007885478,8,3,22,117,95,20260920,761,15.423834000015631
adder,S2,6,0.001,3,8,1024,8192,0.7449951171875,0.735443275577861,0.7543172963131402,0.4716796875,0.0634765625,0.037353515625,nan,0.0091552734375,nan,0.0577392578125,nan,0.0577392578125,1,0.73681640625,0.7528076171875,0.012224457427679886,8,3,22,117,95,20260920,761,15.438044900016394
adder,S2,6,0.001,4,8,1024,8192,0.73583984375,0.7261836484320807,0.7452749588890026,0.4678955078125,-0.1229248046875,0.0123291015625,nan,0.0316162109375,nan,0.0369873046875,nan,0.0369873046875,1,0.7298583984375,0.74169921875,0.009131176435241948,8,3,22,117,95,20260920,761,15.191622300015297
adder,S2,6,0.001,5,8,1024,8192,0.734375,0.7247026037054336,0.7438276892844629,0.481689453125,-0.2626953125,0.03857421875,nan,0.004638671875,nan,0.03955078125,nan,0.03955078125,1,0.7252197265625,0.74365234375,0.01431445908301413,8,3,22,117,95,20260920,761,14.588439800019842
adder,S2,6,0.001,6,8,1024,8192,0.7352294921875,0.7255665300456736,0.7446719463040817,0.5341796875,-0.417236328125,0.0584716796875,nan,0.011474609375,nan,0.017333984375,nan,0.017333984375,1,0.7265625,0.744384765625,0.013696142962798247,8,3,22,117,95,20260920,761,15.02737900003558
adder,S2,6,0.003,0,8,1024,8192,0.7186279296875,0.7087897405810638,0.7282611733485739,0.707275390625,0.707275390625,0.004638671875,0.2813720703125,nan,0.1611328125,nan,0.1611328125,nan,1,0.7127685546875,0.7237579345703125,0.008552392302078871,8,3,22,117,95,20260920,761,27.02613819995895
adder,S2,6,0.003,1,8,1024,8192,0.67626953125,0.6660567253282135,0.686317099191271,0.6768798828125,0.4967041015625,0.0189208984375,nan,0.090087890625,0.233642578125,nan,0.233642578125,nan,1,0.6610076904296875,0.6953125,0.02696747644578177,8,3,22,117,95,20260920,761,16.06556969997473
adder,S2,6,0.003,2,8,1024,8192,0.688232421875,0.6781153451900499,0.6981730463674607,0.59765625,0.30908203125,0.0107421875,nan,0.045166015625,nan,0.09912109375,nan,0.09912109375,1,0.676025390625,0.7015380859375,0.020039086975235678,8,3,22,117,95,20260920,761,15.67776509997202
adder,S2,6,0.003,3,8,1024,8192,0.676025390625,0.6658107104975568,0.6860750616333966,0.5927734375,0.09814453125,0.0428466796875,nan,0.012451171875,nan,0.0672607421875,nan,0.0672607421875,1,0.66552734375,0.68603515625,0.016078366190012055,8,3,22,117,95,20260920,761,15.82274580001831
adder,S2,6,0.003,4,8,1024,8192,0.6728515625,0.6626128032868343,0.6829282877932145,0.57568359375,-0.1455078125,0.0172119140625,nan,0.0355224609375,nan,0.0458984375,nan,0.0458984375,1,0.6591796875,0.684326171875,0.019489352382924464,8,3,22,117,95,20260920,761,15.179536300012842
adder,S2,6,0.003,5,8,1024,8192,0.6676025390625,0.6573251127707386,0.6777228519558905,0.5885009765625,-0.3094482421875,0.0491943359375,nan,0.006103515625,nan,0.0433349609375,nan,0.0433349609375,1,0.660400390625,0.6756591796875,0.01179912794645457,8,3,22,117,95,20260920,761,16.01582079997752
adder,S2,6,0.003,6,8,1024,8192,0.6654052734375,0.6551120852473674,0.6755434079824815,0.66064453125,-0.51318359375,0.07373046875,nan,0.01416015625,nan,0.023681640625,nan,0.023681640625,1,0.6553955078125,0.6749267578125,0.014992585847586523,8,3,22,117,95,20260920,761,14.723158399981912
adder,S2,6,0.005,0,8,1024,8192,0.6566162109375,0.6462624492996023,0.6668231579431254,0.8948974609375,0.8948974609375,0.00927734375,0.3433837890625,nan,0.20556640625,nan,0.20556640625,nan,1,0.6484375,0.663818359375,0.01172964407133093,8,3,22,117,95,20260920,761,25.429223900020588
adder,S2,6,0.005,1,8,1024,8192,0.6123046875,0.6017036687656735,0.6228004299586519,0.835693359375,0.64697265625,0.0234375,nan,0.0943603515625,0.2933349609375,nan,0.2933349609375,nan,1,0.5965576171875,0.6300048828125,0.026224710128368706,8,3,22,117,95,20260920,761,15.54753989999881
adder,S2,6,0.005,2,8,1024,8192,0.6346435546875,0.6241552892927865,0.6450056029821384,0.701171875,0.359375,0.0147705078125,nan,0.052978515625,nan,0.117919921875,nan,0.117919921875,1,0.6239013671875,0.64697265625,0.01786592812370716,8,3,22,117,95,20260920,761,15.179101900022943
adder,S2,6,0.005,3,8,1024,8192,0.611083984375,0.6004774839696794,0.6215863528119903,0.7025146484375,0.1280517578125,0.0477294921875,nan,0.017578125,nan,0.0771484375,nan,0.0771484375,1,0.59912109375,0.6209716796875,0.017080872964409154,8,3,22,117,95,20260920,761,15.48471150000114
adder,S2,6,0.005,4,8,1024,8192,0.612060546875,0.6014584262346871,0.6225576201011072,0.6829833984375,-0.1654052734375,0.0238037109375,nan,0.0364990234375,nan,0.051513671875,nan,0.051513671875,1,0.6024169921875,0.621337890625,0.014650762464303189,8,3,22,117,95,20260920,761,14.588587299978826
adder,S2,6,0.005,5,8,1024,8192,0.608642578125,0.5980253229866543,0.6191579899097039,0.705078125,-0.364990234375,0.060302734375,nan,0.01025390625,nan,0.05126953125,nan,0.05126953125,1,0.6021728515625,0.61572265625,0.010540543527794386,8,3,22,117,95,20260920,761,15.372861699957866
adder,S2,6,0.005,6,8,1024,8192,0.6090087890625,0.5983931294294103,0.6195222620497447,0.79931640625,-0.6357421875,0.081787109375,nan,0.020751953125,nan,0.034912109375,nan,0.034912109375,1,0.6009521484375,0.6158447265625,0.011565891784660784,8,3,22,117,95,20260920,761,15.04136470000958
adder,S2,6,0.01,0,8,1024,8192,0.5135498046875,0.5027225915768779,0.5243643159866004,1.3477783203125,1.3477783203125,0.018798828125,0.4864501953125,nan,0.3079833984375,nan,0.3079833984375,nan,1,0.50439453125,0.522705078125,0.014290049440099508,8,3,22,117,95,20260920,761,25.694260100019164
adder,S2,6,0.01,1,8,1024,8192,0.4932861328125,0.48246541923467023,0.5041131400807234,1.119873046875,0.88525390625,0.034912109375,nan,0.1173095703125,0.389404296875,nan,0.389404296875,nan,1,0.4781494140625,0.5107421875,0.026002654872791818,8,3,22,117,95,20260920,761,14.88859509996837
adder,S2,6,0.01,2,8,1024,8192,0.5059814453125,0.4951545801088951,0.5168027034101178,0.9696044921875,0.5731201171875,0.026123046875,nan,0.0587158203125,nan,0.1395263671875,nan,0.1395263671875,1,0.4946258544921875,0.5184326171875,0.01869322036114576,8,3,22,117,95,20260920,761,15.662465400004294
adder,S2,6,0.01,3,8,1024,8192,0.4930419921875,0.4822214652768604,0.503869041650002,0.9400634765625,0.2042236328125,0.060546875,nan,0.031494140625,nan,0.100341796875,nan,0.100341796875,1,0.4864501953125,0.5013427734375,0.01163049800494898,8,3,22,117,95,20260920,761,15.03761530003976
adder,S2,6,0.01,4,8,1024,8192,0.5013427734375,0.4905173471950171,0.5121669409419043,0.8839111328125,-0.1866455078125,0.0364990234375,nan,0.0419921875,nan,0.067138671875,nan,0.067138671875,1,0.4937744140625,0.5096435546875,0.012241163219454761,8,3,22,117,95,20260920,761,15.673889800033066
adder,S2,6,0.01,5,8,1024,8192,0.49365234375,0.48283135500948804,0.5044792828887023,0.9429931640625,-0.5072021484375,0.072265625,nan,0.019775390625,nan,0.0677490234375,nan,0.0677490234375,1,0.4818115234375,0.5064697265625,0.01909387512380092,8,3,22,117,95,20260920,761,16.15068359998986
adder,S2,6,0.01,6,8,1024,8192,0.4892578125,0.4784405089340388,0.5000851859705909,1.07275390625,-0.8662109375,0.103271484375,nan,0.03076171875,nan,0.052001953125,nan,0.052001953125,1,0.4771728515625,0.5031768798828125,0.020290757164565937,8,3,22,117,95,20260920,761,15.823625900025945
adder,S2,6,0.02,0,8,1024,8192,0.353759765625,0.34347660068130564,0.36418001858854027,1.9423828125,1.9423828125,0.038330078125,0.646240234375,nan,0.446533203125,nan,0.446533203125,nan,1,0.34423828125,0.3626708984375,0.014245289418346128,8,3,22,117,95,20260920,761,25.95653869997477
adder,S2,6,0.02,1,8,1024,8192,0.32421875,0.3141669790701518,0.3344353011874259,1.615966796875,1.34375,0.0531005859375,nan,0.1361083984375,0.5396728515625,nan,0.5396728515625,nan,1,0.3167724609375,0.332275390625,0.012073770381372102,8,3,22,117,95,20260920,761,15.64313649997348
adder,S2,6,0.02,2,8,1024,8192,0.359619140625,0.34929529597395176,0.3700745806206415,1.3433837890625,0.8358154296875,0.0469970703125,nan,0.0780029296875,nan,0.17578125,nan,0.17578125,1,0.347900390625,0.3731689453125,0.019599142601900515,8,3,22,117,95,20260920,761,15.462941300007515
adder,S2,6,0.02,3,8,1024,8192,0.3463134765625,0.3360844630299626,0.3566865583896835,1.2691650390625,0.2791748046875,0.0740966796875,nan,0.0523681640625,nan,0.14453125,nan,0.14453125,1,0.335693359375,0.3560791015625,0.015875310013000025,8,3,22,117,95,20260920,761,16.264264500001445
adder,S2,6,0.02,4,8,1024,8192,0.35595703125,0.3456584133168943,0.36639067744973186,1.194091796875,-0.26953125,0.054443359375,nan,0.05908203125,nan,0.106689453125,nan,0.106689453125,1,0.3499755859375,0.36242980957031246,0.009737683240298632,8,3,22,117,95,20260920,761,15.386056899966206
adder,S2,6,0.02,5,8,1024,8192,0.348388671875,0.3381442888477858,0.35877517787437496,1.286865234375,-0.730224609375,0.0894775390625,nan,0.037841796875,nan,0.10009765625,nan,0.10009765625,1,0.339111328125,0.3587646484375,0.015429775796537596,8,3,22,117,95,20260920,761,15.963712099997792
adder,S2,6,0.02,6,8,1024,8192,0.3380126953125,0.3278473318964322,0.348329908313155,1.5093994140625,-1.2625732421875,0.1234130859375,nan,0.04833984375,nan,0.0875244140625,nan,0.0875244140625,1,0.32470703125,0.348876953125,0.0187949776465943,8,3,22,117,95,20260920,761,15.200747599999886
adder,S2,6,0.03,0,8,1024,8192,0.2523193359375,0.2430313148175353,0.2618395370176211,2.4134521484375,2.4134521484375,0.0567626953125,0.7476806640625,nan,0.56201171875,nan,0.56201171875,nan,1,0.242431640625,0.2626953125,0.015797884751567664,8,3,22,117,95,20260920,761,26.367701500013936
adder,S2,6,0.03,1,8,1024,8192,0.23291015625,0.22388348530469307,0.24218720164223748,1.9573974609375,1.6893310546875,0.065673828125,nan,0.134033203125,0.633056640625,nan,0.633056640625,nan,1,0.2264404296875,0.2393798828125,0.01012185108661666,8,3,22,117,95,20260920,761,15.760875799984206
adder,S2,6,0.03,2,8,1024,8192,0.2650146484375,0.25556926530151053,0.27468031073726523,1.622314453125,1.029052734375,0.0640869140625,nan,0.093505859375,nan,0.203125,nan,0.203125,1,0.2470672607421875,0.281982421875,0.027218590609381137,8,3,22,117,95,20260920,761,15.947455400018953
adder,S2,6,0.03,3,8,1024,8192,0.259033203125,0.249660668793482,0.26863162372628074,1.49658203125,0.394287109375,0.09130859375,nan,0.06689453125,nan,0.162109375,nan,0.162109375,1,0.249267578125,0.26904296875,0.015162573325393525,8,3,22,117,95,20260920,761,15.994615600036923
adder,S2,6,0.03,4,8,1024,8192,0.2679443359375,0.2584640961469005,0.2776421085542489,1.431884765625,-0.239013671875,0.0863037109375,nan,0.0654296875,nan,0.12744140625,nan,0.12744140625,1,0.25830078125,0.2772216796875,0.014717448118263218,8,3,22,117,95,20260920,761,14.968194700020831
adder,S2,6,0.03,5,8,1024,8192,0.26416015625,0.2547250411109974,0.27381635156791934,1.5408935546875,-0.9136962890625,0.1033935546875,nan,0.055419921875,nan,0.1270751953125,nan,0.1270751953125,1,0.257080078125,0.27197265625,0.011554843326366438,8,3,22,117,95,20260920,761,15.706103999982588
adder,S2,6,0.03,6,8,1024,8192,0.24462890625,0.23544135248589576,0.2540558491105296,1.868896484375,-1.603271484375,0.1328125,nan,0.0628662109375,nan,0.1258544921875,nan,0.1258544921875,1,0.23681640625,0.2523193359375,0.012005876101534689,8,3,22,117,95,20260920,761,16.284603900043294
adder,S2,6,0.05,0,8,1024,8192,0.1688232421875,0.16086710765079193,0.1770898273067138,2.9306640625,2.9306640625,0.084228515625,0.8311767578125,nan,0.6712646484375,nan,0.6712646484375,nan,1,0.1641845703125,0.174072265625,0.007802684612582692,8,3,22,117,95,20260920,761,26.16719100001501
adder,S2,6,0.05,1,8,1024,8192,0.149169921875,0.141619783144856,0.15704893453589278,2.3299560546875,2.0721435546875,0.078857421875,nan,0.12890625,0.721923828125,nan,0.721923828125,nan,1,0.1434326171875,0.1556396484375,0.009435693371232786,8,3,22,117,95,20260920,761,15.614253800013103
adder,S2,6,0.05,2,8,1024,8192,0.1895751953125,0.1812335364598673,0.1982078515227855,1.9034423828125,1.2781982421875,0.088623046875,nan,0.1009521484375,nan,0.211669921875,nan,0.211669921875,1,0.1739501953125,0.2059326171875,0.024413713725187306,8,3,22,117,95,20260920,761,15.230235099967103
adder,S2,6,0.05,3,8,1024,8192,0.1739501953125,0.16589492622786034,0.18231110888879937,1.739990234375,0.45458984375,0.1009521484375,nan,0.092529296875,nan,0.2008056640625,nan,0.2008056640625,1,0.165771484375,0.183349609375,0.013210048069701961,8,3,22,117,95,20260920,761,15.689623600046616
adder,S2,6,0.05,4,8,1024,8192,0.1976318359375,0.1891512155715342,0.20639590123264628,1.637939453125,-0.31201171875,0.0963134765625,nan,0.07666015625,nan,0.16455078125,nan,0.16455078125,1,0.1851806640625,0.2098388671875,0.018892581687359362,8,3,22,117,95,20260920,761,14.315646899980493
adder,S2,6,0.05,5,8,1024,8192,0.1915283203125,0.18315244911839995,0.20019335797250198,1.811279296875,-1.12353515625,0.11279296875,nan,0.07373046875,nan,0.1593017578125,nan,0.1593017578125,1,0.1800537109375,0.2015380859375,0.01655996544870546,8,3,22,117,95,20260920,761,9.108949800021946
adder,S2,6,0.05,6,8,1024,8192,0.166015625,0.15811491811372502,0.17422941437567258,2.2286376953125,-1.9578857421875,0.1353759765625,nan,0.078857421875,nan,0.1630859375,nan,0.1630859375,1,0.1578369140625,0.1727294921875,0.011436328979865623,8,3,22,117,95,20260920,761,8.869940000004135
phase,S1,2,0.0,0,8,1024,8192,1.0,0.9995312917117791,1.0,0.0,0.0,0.0,0.0,nan,0.0,nan,0.0,nan,0,1.0,1.0,0.0,8,2,8,36,25,20260920,761,0.08114879997447133
phase,S1,2,0.0,1,8,1024,8192,1.0,0.9995312917117791,1.0,0.0,0.0,0.0,nan,0.0,0.0,nan,nan,0.0,0,1.0,1.0,0.0,8,2,8,36,25,20260920,761,0.09556590003194287
phase,S1,2,0.0,2,8,1024,8192,1.0,0.9995312917117791,1.0,0.0,0.0,0.0,nan,0.0,nan,0.0,nan,0.0,0,1.0,1.0,0.0,8,2,8,36,25,20260920,761,0.0921510000480339
phase,S1,2,0.001,0,8,1024,8192,0.9884033203125,0.9858452751048509,0.9905035281516988,0.0191650390625,0.0191650390625,0.00244140625,0.0115966796875,nan,0.005126953125,nan,0.0115966796875,nan,0,0.986083984375,0.990234375,0.003236261358722669,8,2,8,36,25,20260920,761,1.5222868000273593
phase,S1,2,0.001,1,8,1024,8192,0.986572265625,0.9838419677802073,0.9888464425623589,0.015625,0.004150390625,0.002197265625,nan,0.0057373046875,0.0076904296875,nan,nan,0.0057373046875,0,0.985107421875,0.9881591796875,0.002434420810074658,8,2,8,36,25,20260920,761,1.4167861999594606
phase,S1,2,0.001,2,8,1024,8192,0.9864501953125,0.9837088600815841,0.9887355240667165,0.0164794921875,-0.0084228515625,0.0040283203125,nan,0.0029296875,nan,0.009521484375,nan,0.0029296875,0,0.983642578125,0.9892578125,0.00438094688596835,8,2,8,36,25,20260920,761,1.4250715000089258
phase,S1,2,0.003,0,8,1024,8192,0.963623046875,0.9593465352456287,0.9674649505750101,0.062744140625,0.062744140625,0.009765625,0.036376953125,nan,0.0166015625,nan,0.036376953125,nan,0,0.9615478515625,0.9658203125,0.003291050812523842,8,2,8,36,25,20260920,761,1.4776773000485264
phase,S1,2,0.003,1,8,1024,8192,0.961181640625,0.9567780077862074,0.9651529541491202,0.0455322265625,0.0142822265625,0.0067138671875,nan,0.015625,0.023193359375,nan,nan,0.015625,0,0.957275390625,0.96484375,0.00587678774269686,8,2,8,36,25,20260920,761,1.422122500021942
phase,S1,2,0.003,2,8,1024,8192,0.9638671875,0.9596036495781761,0.9676958886309939,0.0435791015625,-0.0262451171875,0.0086669921875,nan,0.0074462890625,nan,0.0274658203125,nan,0.0074462890625,0,0.9613037109375,0.9661865234375,0.0038001781450547533,8,2,8,36,25,20260920,761,1.4336983999819495
phase,S1,2,0.005,0,8,1024,8192,0.9383544921875,0.9329380046615676,0.943360058946098,0.105712890625,0.105712890625,0.015625,0.0616455078125,nan,0.0284423828125,nan,0.0616455078125,nan,0,0.93359375,0.942626953125,0.006874443130729291,8,2,8,36,25,20260920,761,1.4566042999504134
phase,S1,2,0.005,1,8,1024,8192,0.93994140625,0.9345872088864101,0.9448831952467079,0.07177734375,0.026611328125,0.01171875,nan,0.0225830078125,0.0374755859375,nan,nan,0.0225830078125,0,0.93603515625,0.943359375,0.005694288959809864,8,2,8,36,25,20260920,761,1.4453729999950156
phase,S1,2,0.005,2,8,1024,8192,0.9393310546875,0.9339527816657825,0.9442974914960077,0.0732421875,-0.043701171875,0.0147705078125,nan,0.0125732421875,nan,0.0458984375,nan,0.0125732421875,0,0.93212890625,0.9453125,0.010432549130479246,8,2,8,36,25,20260920,761,1.4284972999594174
phase,S1,2,0.01,0,8,1024,8192,0.8843994140625,0.8772945166437495,0.8911439690985338,0.1937255859375,0.1937255859375,0.02880859375,0.1156005859375,nan,0.04931640625,nan,0.1156005859375,nan,0,0.8790283203125,0.8902587890625,0.008702411083243575,8,2,8,36,25,20260920,761,1.488302299985662
phase,S1,2,0.01,1,8,1024,8192,0.87744140625,0.8701627189573929,0.8843662737117527,0.1470947265625,0.0548095703125,0.0245361328125,nan,0.046142578125,0.076416015625,nan,nan,0.046142578125,0,0.8699951171875,0.884033203125,0.010799108526988632,8,2,8,36,25,20260920,761,1.4369574000011198
phase,S1,2,0.01,2,8,1024,8192,0.8819580078125,0.8747912509167054,0.8887667109402665,0.1422119140625,-0.0770263671875,0.0325927734375,nan,0.024169921875,nan,0.08544921875,nan,0.024169921875,0,0.8780517578125,0.8858642578125,0.005915779021600446,8,2,8,36,25,20260920,761,1.414331800013315
phase,S1,2,0.02,0,8,1024,8192,0.7835693359375,0.7745198575340769,0.7923529917448445,0.3673095703125,0.3673095703125,0.054931640625,0.2164306640625,nan,0.095947265625,nan,0.2164306640625,nan,0,0.778564453125,0.7889404296875,0.007915364590983107,8,2,8,36,25,20260920,761,1.4782565000350587
phase,S1,2,0.02,1,8,1024,8192,0.7813720703125,0.7722910707120978,0.7901893070700434,0.2615966796875,0.0936279296875,0.04296875,nan,0.083984375,0.1346435546875,nan,nan,0.083984375,0,0.7735595703125,0.7884521484375,0.011536405715568156,8,2,8,36,25,20260920,761,1.4417519999551587
phase,S1,2,0.02,2,8,1024,8192,0.7779541015625,0.7688248025771677,0.7868228417655375,0.2677001953125,-0.1414794921875,0.0631103515625,nan,0.045654296875,nan,0.158935546875,nan,0.045654296875,0,0.7740478515625,0.7821044921875,0.006284292691968055,8,2,8,36,25,20260920,761,1.3988499999977648
phase,S1,2,0.03,0,8,1024,8192,0.6949462890625,0.6848863352182962,0.7048234970238209,0.5279541015625,0.5279541015625,0.078125,0.3050537109375,nan,0.144775390625,nan,0.3050537109375,nan,0,0.6861572265625,0.7041015625,0.013937720483359239,8,2,8,36,25,20260920,761,1.4723721999907866
phase,S1,2,0.03,1,8,1024,8192,0.6917724609375,0.6816851950280416,0.7016799561631706,0.37060546875,0.1298828125,0.0623779296875,nan,0.120361328125,0.1878662109375,nan,nan,0.120361328125,0,0.685546875,0.69921875,0.010836104014244213,8,2,8,36,25,20260920,761,1.4436388000031002
phase,S1,2,0.03,2,8,1024,8192,0.69580078125,0.6857482758295603,0.7056697397724156,0.3720703125,-0.20556640625,0.083251953125,nan,0.06787109375,nan,0.220947265625,nan,0.06787109375,0,0.6895751953125,0.701416015625,0.009323121901006485,8,2,8,36,25,20260920,761,1.4110139000113122
phase,S1,2,0.05,0,8,1024,8192,0.56787109375,0.557114591512798,0.5785639724988596,0.7620849609375,0.7620849609375,0.1131591796875,0.43212890625,nan,0.216796875,nan,0.43212890625,nan,0,0.556396484375,0.577880859375,0.016424177067814103,8,2,8,36,25,20260920,761,1.495048099954147
phase,S1,2,0.05,1,8,1024,8192,0.5665283203125,0.5557685064610391,0.5772257694136971,0.5330810546875,0.1981201171875,0.099609375,nan,0.16748046875,0.2659912109375,nan,nan,0.16748046875,0,0.560546875,0.5732421875,0.009743802347027758,8,2,8,36,25,20260920,761,1.4419523000251502
phase,S1,2,0.05,2,8,1024,8192,0.5614013671875,0.5506296455180878,0.5721155301974944,0.5457763671875,-0.3067626953125,0.1195068359375,nan,0.107177734375,nan,0.319091796875,nan,0.107177734375,0,0.54931640625,0.5723876953125,0.017919228118261202,8,2,8,36,25,20260920,761,1.4454009999753907
phase,S1,4,0.0,0,8,1024,8192,1.0,0.9995312917117791,1.0,0.0,0.0,0.0,0.0,nan,0.0,nan,0.0,nan,1,1.0,1.0,0.0,8,3,15,54,57,20260920,761,0.10947819997090846
phase,S1,4,0.0,1,8,1024,8192,1.0,0.9995312917117791,1.0,0.0,0.0,0.0,nan,0.0,0.0,nan,0.0,nan,1,1.0,1.0,0.0,8,3,15,54,57,20260920,761,0.10870230000000447
phase,S1,4,0.0,2,8,1024,8192,1.0,0.9995312917117791,1.0,0.0,0.0,0.0,nan,0.0,nan,0.0,nan,0.0,1,1.0,1.0,0.0,8,3,15,54,57,20260920,761,0.11001160001615062
phase,S1,4,0.0,3,8,1024,8192,1.0,0.9995312917117791,1.0,0.0,0.0,0.0,nan,0.0,nan,0.0,nan,0.0,1,1.0,1.0,0.0,8,3,15,54,57,20260920,761,0.11154449998866767
phase,S1,4,0.0,4,8,1024,8192,1.0,0.9995312917117791,1.0,0.0,0.0,0.0,nan,0.0,nan,0.0,nan,0.0,1,1.0,1.0,0.0,8,3,15,54,57,20260920,761,0.1160136999678798
phase,S1,4,0.001,0,8,1024,8192,0.9713134765625,0.9674719735989713,0.9747131624603985,0.0867919921875,0.0867919921875,0.008544921875,0.0286865234375,nan,0.0152587890625,nan,0.0152587890625,nan,1,0.96533203125,0.9765625,0.008496454541292602,8,3,15,54,57,20260920,761,3.1385320999543183
phase,S1,4,0.001,1,8,1024,8192,0.9666748046875,0.9625641418658265,0.9703479988114517,0.0731201171875,0.0577392578125,0.0086669921875,nan,0.0076904296875,0.025634765625,nan,0.025634765625,nan,1,0.9647216796875,0.9683837890625,0.0028798542624641483,8,3,15,54,57,20260920,761,3.066147200006526
phase,S1,4,0.001,2,8,1024,8192,0.9683837890625,0.9643697231337447,0.9719587842632513,0.0625,0.039306640625,0.0091552734375,nan,0.00146484375,nan,0.0101318359375,nan,0.0101318359375,1,0.9635009765625,0.9736328125,0.007863559084780947,8,3,15,54,57,20260920,761,3.045119300018996
phase,S1,4,0.001,3,8,1024,8192,0.9700927734375,0.9661782415282402,0.9735666325884739,0.0540771484375,0.0081787109375,0.0074462890625,nan,0.002197265625,nan,0.0047607421875,nan,0.0047607421875,1,0.9664306640625,0.97412109375,0.005904252894681078,8,3,15,54,57,20260920,761,3.055193199950736
phase,S1,4,0.001,4,8,1024,8192,0.969970703125,0.9660489591860614,0.9734518887363871,0.057373046875,-0.027587890625,0.007568359375,nan,0.0047607421875,nan,0.0068359375,nan,0.0068359375,1,0.9659423828125,0.9739990234375,0.0061486888591068675,8,3,15,54,57,20260920,761,2.963618999987375
phase,S1,4,0.003,0,8,1024,8192,0.910400390625,0.9040217373170039,0.916394327803846,0.2637939453125,0.2637939453125,0.0260009765625,0.089599609375,nan,0.0467529296875,nan,0.0467529296875,nan,1,0.9039306640625,0.9158935546875,0.00936322153509923,8,3,15,54,57,20260920,761,3.1277280999929644
phase,S1,4,0.003,1,8,1024,8192,0.90625,0.8997462559190985,0.912372918596722,0.2060546875,0.16357421875,0.0247802734375,nan,0.021240234375,0.072509765625,nan,0.072509765625,nan,1,0.9022216796875,0.91015625,0.006154225725477896,8,3,15,54,57,20260920,761,3.0056072000297718
phase,S1,4,0.003,2,8,1024,8192,0.9112548828125,0.9049024713342608,0.9172217771464481,0.1827392578125,0.1170654296875,0.0281982421875,nan,0.00439453125,nan,0.0284423828125,nan,0.0284423828125,1,0.90625,0.91650390625,0.007872217010975943,8,3,15,54,57,20260920,761,3.057497800036799
phase,S1,4,0.003,3,8,1024,8192,0.9088134765625,0.9023865359766999,0.9148571886186975,0.1715087890625,0.0535888671875,0.028564453125,nan,0.005615234375,nan,0.0106201171875,nan,0.0106201171875,1,0.903564453125,0.9136962890625,0.007652830911920641,8,3,15,54,57,20260920,761,3.056780500046443
phase,S1,4,0.003,4,8,1024,8192,0.909912109375,0.9035185368908402,0.9159214234529475,0.1614990234375,-0.0616455078125,0.02734375,nan,0.010498046875,nan,0.0162353515625,nan,0.0162353515625,1,0.9071044921875,0.912841796875,0.00439065429181256,8,3,15,54,57,20260920,761,2.97814429999562
phase,S1,4,0.005,0,8,1024,8192,0.85205078125,0.8441972930361716,0.8595742512257354,0.4466552734375,0.4466552734375,0.044677734375,0.14794921875,nan,0.0777587890625,nan,0.0777587890625,nan,1,0.845947265625,0.8575469970703125,0.009131176435241948,8,3,15,54,57,20260920,761,3.1310571000212803
phase,S1,4,0.005,1,8,1024,8192,0.8521728515625,0.8443219256624597,0.8596936447937129,0.3251953125,0.263427734375,0.0386962890625,nan,0.0308837890625,0.116943359375,nan,0.116943359375,nan,1,0.84716796875,0.856689453125,0.007306759324094557,8,3,15,54,57,20260920,761,3.1122958999476396
phase,S1,4,0.005,2,8,1024,8192,0.85498046875,0.8471889771130999,0.8624391958111807,0.2802734375,0.166259765625,0.0396728515625,nan,0.0078125,nan,0.0491943359375,nan,0.0491943359375,1,0.848388671875,0.8609619140625,0.009876601573899475,8,3,15,54,57,20260920,761,3.0599636000115424
phase,S1,4,0.005,3,8,1024,8192,0.853759765625,0.8459423144349733,0.8612455965466516,0.2611083984375,0.0533447265625,0.039794921875,nan,0.0087890625,nan,0.01953125,nan,0.01953125,1,0.847412109375,0.8594970703125,0.009348659750960556,8,3,15,54,57,20260920,761,3.0017975000082515
phase,S1,4,0.005,4,8,1024,8192,0.8555908203125,0.8478123775241417,0.8630359263714666,0.2598876953125,-0.1024169921875,0.04248046875,nan,0.0166015625,nan,0.0267333984375,nan,0.0267333984375,1,0.8472900390625,0.8631591796875,0.012521752096104276,8,3,15,54,57,20260920,761,3.009802699962165
phase,S1,4,0.01,0,8,1024,8192,0.727783203125,0.7180395594069999,0.7373133190925556,0.8182373046875,0.8182373046875,0.081787109375,0.272216796875,nan,0.1466064453125,nan,0.1466064453125,nan,1,0.716552734375,0.7401123046875,0.018245559898775653,8,3,15,54,57,20260920,761,3.161885900015477
phase,S1,4,0.01,1,8,1024,8192,0.7353515625,0.7256899518445171,0.7447925506995038,0.602294921875,0.487060546875,0.074462890625,nan,0.0576171875,0.20703125,nan,0.20703125,nan,1,0.7247314453125,0.7459716796875,0.016589248321645926,8,3,15,54,57,20260920,761,3.05130689998623
phase,S1,4,0.01,2,8,1024,8192,0.73291015625,0.7232216936910005,0.742380284967709,0.542236328125,0.313232421875,0.0767822265625,nan,0.0194091796875,nan,0.0950927734375,nan,0.0950927734375,1,0.72802734375,0.7374267578125,0.007232969529473058,8,3,15,54,57,20260920,761,3.0533808000036515
phase,S1,4,0.01,3,8,1024,8192,0.736572265625,0.7269242215358893,0.7459985429507874,0.486572265625,0.1103515625,0.07763671875,nan,0.0169677734375,nan,0.0357666015625,nan,0.0357666015625,1,0.72509765625,0.7464599609375,0.016620016660270454,8,3,15,54,57,20260920,761,3.0285999000188895
phase,S1,4,0.01,4,8,1024,8192,0.7327880859375,0.7230982905816982,0.7422596618827458,0.49072265625,-0.175537109375,0.0853271484375,nan,0.0323486328125,nan,0.049072265625,nan,0.049072265625,1,0.7255859375,0.739990234375,0.011291715995534699,8,3,15,54,57,20260920,761,3.034324900014326
phase,S1,4,0.02,0,8,1024,8192,0.5557861328125,0.5450027044999328,0.5665172662794331,1.437255859375,1.437255859375,0.1480712890625,0.4442138671875,nan,0.265869140625,nan,0.265869140625,nan,1,0.5416259765625,0.56787109375,0.020540587516359638,8,3,15,54,57,20260920,761,3.2051366000087
phase,S1,4,0.02,1,8,1024,8192,0.5528564453125,0.5420674615279739,0.5635958805890184,1.0552978515625,0.8724365234375,0.1279296875,nan,0.0914306640625,0.355712890625,nan,0.355712890625,nan,1,0.539794921875,0.5643310546875,0.018802224951108722,8,3,15,54,57,20260920,761,3.0889349000062793
phase,S1,4,0.02,2,8,1024,8192,0.551513671875,0.5407222681304563,0.5622567858496147,0.9678955078125,0.5926513671875,0.144775390625,nan,0.039306640625,nan,0.1483154296875,nan,0.1483154296875,1,0.5455322265625,0.5570068359375,0.008900735242425075,8,3,15,54,57,20260920,761,3.030280999955721
phase,S1,4,0.02,3,8,1024,8192,0.5521240234375,0.5413337098411154,0.5628654751102834,0.856689453125,0.21044921875,0.14111328125,nan,0.0328369140625,nan,0.0731201171875,nan,0.0731201171875,1,0.5428466796875,0.5628662109375,0.015615732987131174,8,3,15,54,57,20260920,761,3.056348700018134
phase,S1,4,0.02,4,8,1024,8192,0.5538330078125,0.5430458338409146,0.5645697178302022,0.8463134765625,-0.3011474609375,0.143310546875,nan,0.0540771484375,nan,0.0849609375,nan,0.0849609375,1,0.5469970703125,0.5601806640625,0.010234788992359451,8,3,15,54,57,20260920,761,3.019692500005476
phase,S1,4,0.03,0,8,1024,8192,0.4306640625,0.4199762611071395,0.44141686055001617,1.8668212890625,1.8668212890625,0.1900634765625,0.5693359375,nan,0.365966796875,nan,0.365966796875,nan,1,0.4190673828125,0.4405517578125,0.016662996887183194,8,3,15,54,57,20260920,761,3.127533000020776
phase,S1,4,0.03,1,8,1024,8192,0.4329833984375,0.42228760200420057,0.44374201734400087,1.4208984375,1.1982421875,0.1768798828125,nan,0.111328125,0.4556884765625,nan,0.4556884765625,nan,1,0.4193115234375,0.44629211425781246,0.02124163743569942,8,3,15,54,57,20260920,761,3.699067000008654
phase,S1,4,0.03,2,8,1024,8192,0.4254150390625,0.4147462175188607,0.43615377778487535,1.2396240234375,0.7403564453125,0.182861328125,nan,0.05712890625,nan,0.1925048828125,nan,0.1925048828125,1,0.4171142578125,0.4339599609375,0.01293385839712035,8,3,15,54,57,20260920,761,4.48085330001777
phase,S1,4,0.03,3,8,1024,8192,0.4371337890625,0.42642428249676045,0.44790222745647046,1.1002197265625,0.2640380859375,0.185791015625,nan,0.0452880859375,nan,0.10302734375,nan,0.10302734375,1,0.4278564453125,0.447265625,0.014791318606625243,8,3,15,54,57,20260920,761,3.0274068000144325
phase,S1,4,0.03,4,8,1024,8192,0.4212646484375,0.41061170709882966,0.43199139759987704,1.1278076171875,-0.3631591796875,0.1986083984375,nan,0.0677490234375,nan,0.1126708984375,nan,0.1126708984375,1,0.4124755859375,0.4298095703125,0.013450227204124256,8,3,15,54,57,20260920,761,3.0658843999844976
phase,S1,4,0.05,0,8,1024,8192,0.2769775390625,0.26739316504331795,0.2867709780334838,2.5054931640625,2.5054931640625,0.2606201171875,0.7230224609375,nan,0.5147705078125,nan,0.5147705078125,nan,1,0.26123046875,0.2908935546875,0.02276481586734803,8,3,15,54,57,20260920,761,3.190103100030683
phase,S1,4,0.05,1,8,1024,8192,0.28662109375,0.2769309823710949,0.29651123005268687,1.9232177734375,1.6590576171875,0.2459716796875,nan,0.132080078125,0.581298828125,nan,0.581298828125,nan,1,0.2781982421875,0.2955322265625,0.013400121262902477,8,3,15,54,57,20260920,761,3.069738399994094
phase,S1,4,0.05,2,8,1024,8192,0.2918701171875,0.2821247500907505,0.3018105886864509,1.6212158203125,1.0079345703125,0.249267578125,nan,0.079345703125,nan,0.227294921875,nan,0.227294921875,1,0.2872314453125,0.296875,0.0076260804744163295,8,3,15,54,57,20260920,761,3.019980899989605
phase,S1,4,0.05,3,8,1024,8192,0.2901611328125,0.28043358057784395,0.3000853914796394,1.45947265625,0.328125,0.253173828125,nan,0.071533203125,nan,0.1572265625,nan,0.1572265625,1,0.2789306640625,0.3004150390625,0.01641951044545316,8,3,15,54,57,20260920,761,3.00720980000915
phase,S1,4,0.05,4,8,1024,8192,0.2740478515625,0.2644967038209043,0.28381081059352364,1.485107421875,-0.46630859375,0.2591552734375,nan,0.0889892578125,nan,0.1588134765625,nan,0.1588134765625,1,0.2667236328125,0.2808837890625,0.011133760875566947,8,3,15,54,57,20260920,761,2.988029500003904
phase,S1,6,0.0,0,8,1024,8192,1.0,0.9995312917117791,1.0,0.0,0.0,0.0,0.0,nan,0.0,nan,0.0,nan,1,1.0,1.0,0.0,8,3,21,60,81,20260920,761,0.10806469997623935
phase,S1,6,0.0,1,8,1024,8192,1.0,0.9995312917117791,1.0,0.0,0.0,0.0,nan,0.0,0.0,nan,0.0,nan,1,1.0,1.0,0.0,8,3,21,60,81,20260920,761,0.13188600004650652
phase,S1,6,0.0,2,8,1024,8192,1.0,0.9995312917117791,1.0,0.0,0.0,0.0,nan,0.0,nan,0.0,nan,0.0,1,1.0,1.0,0.0,8,3,21,60,81,20260920,761,0.12630469998111948
phase,S1,6,0.0,3,8,1024,8192,1.0,0.9995312917117791,1.0,0.0,0.0,0.0,nan,0.0,nan,0.0,nan,0.0,1,1.0,1.0,0.0,8,3,21,60,81,20260920,761,0.12777099997038022
phase,S1,6,0.0,4,8,1024,8192,1.0,0.9995312917117791,1.0,0.0,0.0,0.0,nan,0.0,nan,0.0,nan,0.0,1,1.0,1.0,0.0,8,3,21,60,81,20260920,761,0.12488839996512979
phase,S1,6,0.0,5,8,1024,8192,1.0,0.9995312917117791,1.0,0.0,0.0,0.0,nan,0.0,nan,0.0,nan,0.0,1,1.0,1.0,0.0,8,3,21,60,81,20260920,761,0.12179990002186969
phase,S1,6,0.0,6,8,1024,8192,1.0,0.9995312917117791,1.0,0.0,0.0,0.0,nan,0.0,nan,0.0,nan,0.0,1,1.0,1.0,0.0,8,3,21,60,81,20260920,761,0.12960779998684302
phase,S1,6,0.001,0,8,1024,8192,0.9576416015625,0.9530614659688982,0.9617927363327278,0.1195068359375,0.1195068359375,0.0037841796875,0.0423583984375,nan,0.020751953125,nan,0.020751953125,nan,1,0.954345703125,0.9605712890625,0.004839019575024975,8,3,21,60,81,20260920,761,5.558081700000912
phase,S1,6,0.001,1,8,1024,8192,0.9544677734375,0.9497364658068826,0.9587730554438384,0.0982666015625,0.0814208984375,0.002197265625,nan,0.0084228515625,0.037109375,nan,0.037109375,nan,1,0.9488525390625,0.9593505859375,0.008068785657906263,8,3,21,60,81,20260920,761,5.367485900002066
phase,S1,6,0.001,2,8,1024,8192,0.9586181640625,0.9540858486340011,0.9627205632217493,0.0765380859375,0.0504150390625,0.0032958984375,nan,0.001708984375,nan,0.0113525390625,nan,0.0113525390625,1,0.955322265625,0.961669921875,0.00481078289588699,8,3,21,60,81,20260920,761,5.3691206999938
phase,S1,6,0.001,3,8,1024,8192,0.957763671875,0.953189478960285,0.9619087495356065,0.069580078125,0.018310546875,0.0045166015625,nan,0.0020751953125,nan,0.00439453125,nan,0.00439453125,1,0.9532470703125,0.9617919921875,0.006556177532092177,8,3,21,60,81,20260920,761,5.373434000008274
phase,S1,6,0.001,4,8,1024,8192,0.95947265625,0.9549827164559079,0.9635318787597016,0.0675048828125,-0.0216064453125,0.00244140625,nan,0.0042724609375,nan,0.0068359375,nan,0.0068359375,1,0.9560546875,0.962646484375,0.005193780822819834,8,3,21,60,81,20260920,761,5.353068600001279
phase,S1,6,0.001,5,8,1024,8192,0.955322265625,0.9506310424549985,0.9595866621555814,0.0906982421875,-0.0614013671875,0.0030517578125,nan,0.00439453125,nan,0.01025390625,nan,0.01025390625,1,0.9510498046875,0.9595947265625,0.006720363892025404,8,3,21,60,81,20260920,761,5.341381399950478
phase,S1,6,0.001,6,8,1024,8192,0.9569091796875,0.9522935930798274,0.961096452056205,0.089111328125,-0.074951171875,0.007080078125,nan,0.002197265625,nan,0.006103515625,nan,0.006103515625,1,0.953369140625,0.9605712890625,0.005584061619178546,8,3,21,60,81,20260920,761,5.254687200009357
phase,S1,6,0.003,0,8,1024,8192,0.875244140625,0.8679121407000847,0.8822243804722807,0.3515625,0.3515625,0.0135498046875,0.124755859375,nan,0.0596923828125,nan,0.0596923828125,nan,1,0.869384765625,0.880615234375,0.008668097381433062,8,3,21,60,81,20260920,761,7.8657319999765605
phase,S1,6,0.003,1,8,1024,8192,0.8800048828125,0.8727893301090868,0.886864212639636,0.262451171875,0.21435546875,0.0067138671875,nan,0.0240478515625,0.095947265625,nan,0.095947265625,nan,1,0.875732421875,0.884033203125,0.0064024187388018825,8,3,21,60,81,20260920,761,8.507085199991707
phase,S1,6,0.003,2,8,1024,8192,0.879638671875,0.8724140372334477,0.8865074269324782,0.236083984375,0.155517578125,0.0108642578125,nan,0.0069580078125,nan,0.0333251953125,nan,0.0333251953125,1,0.872314453125,0.8863525390625,0.010770685615661494,8,3,21,60,81,20260920,761,8.813516599999275
phase,S1,6,0.003,3,8,1024,8192,0.8802490234375,0.8730395370895034,0.8871020580477504,0.2078857421875,0.0523681640625,0.012939453125,nan,0.0087890625,nan,0.015869140625,nan,0.015869140625,1,0.8770751953125,0.88427734375,0.005644726752206266,8,3,21,60,81,20260920,761,8.741488800034858
phase,S1,6,0.003,4,8,1024,8192,0.8765869140625,0.8692874070820924,0.8835334022271943,0.2122802734375,-0.0792236328125,0.006103515625,nan,0.01513671875,nan,0.02197265625,nan,0.02197265625,1,0.87158203125,0.88134765625,0.00745443216007573,8,3,21,60,81,20260920,761,8.720946999965236
phase,S1,6,0.003,5,8,1024,8192,0.8798828125,0.8726642301409614,0.8867452864134958,0.231201171875,-0.157470703125,0.0072021484375,nan,0.0106201171875,nan,0.0235595703125,nan,0.0235595703125,1,0.8748779296875,0.885009765625,0.0078819458101705,8,3,21,60,81,20260920,761,8.748794199957047
phase,S1,6,0.003,6,8,1024,8192,0.876220703125,0.868912307431168,0.8831764232953221,0.2679443359375,-0.2320556640625,0.0179443359375,nan,0.0079345703125,nan,0.0205078125,nan,0.0205078125,1,0.8701171875,0.882568359375,0.009635715160876817,8,3,21,60,81,20260920,761,8.766493200033437
phase,S1,6,0.005,0,8,1024,8192,0.807373046875,0.7986899436790714,0.8157680134816364,0.58056640625,0.58056640625,0.0255126953125,0.192626953125,nan,0.1002197265625,nan,0.1002197265625,nan,1,0.800537109375,0.8136016845703125,0.010172200515624834,8,3,21,60,81,20260920,761,9.033124100009445
phase,S1,6,0.005,1,8,1024,8192,0.8116455078125,0.803033263702024,0.819965610257979,0.4208984375,0.349365234375,0.0133056640625,nan,0.0357666015625,0.152587890625,nan,0.152587890625,nan,1,0.80615234375,0.8167724609375,0.008194442617658894,8,3,21,60,81,20260920,761,8.883201799995732
phase,S1,6,0.005,2,8,1024,8192,0.8048095703125,0.7960847268682328,0.8132486802128981,0.3912353515625,0.2625732421875,0.018310546875,nan,0.01123046875,nan,0.0531005859375,nan,0.0531005859375,1,0.7969970703125,0.8143310546875,0.013596306421092724,8,3,21,60,81,20260920,761,8.603477300028317
phase,S1,6,0.005,3,8,1024,8192,0.8076171875,0.7989380896463999,0.816007919902839,0.3409423828125,0.0975341796875,0.0235595703125,nan,0.013427734375,nan,0.0247802734375,nan,0.0247802734375,1,0.8043212890625,0.81103515625,0.005167483029423029,8,3,21,60,81,20260920,761,8.666282700025477
phase,S1,6,0.005,4,8,1024,8192,0.8111572265625,0.8025368014917689,0.8194859676911717,0.346435546875,-0.1220703125,0.013671875,nan,0.025390625,nan,0.0389404296875,nan,0.0389404296875,1,0.802978515625,0.819580078125,0.012912774151379263,8,3,21,60,81,20260920,761,8.580210499989334
phase,S1,6,0.005,5,8,1024,8192,0.802978515625,0.7942242076581207,0.8114488065090266,0.396728515625,-0.2783203125,0.0125732421875,nan,0.0196533203125,nan,0.044189453125,nan,0.044189453125,1,0.792724609375,0.813232421875,0.015856526150487847,8,3,21,60,81,20260920,761,8.543604900012724
phase,S1,6,0.005,6,8,1024,8192,0.8087158203125,0.800054811738146,0.8170874335594832,0.4234619140625,-0.3699951171875,0.0267333984375,nan,0.01220703125,nan,0.031494140625,nan,0.031494140625,1,0.80126953125,0.8148193359375,0.010497641317955364,8,3,21,60,81,20260920,761,8.70032090001041
phase,S1,6,0.01,0,8,1024,8192,0.6536865234375,0.6433134416103166,0.6639155369700374,1.0750732421875,1.0750732421875,0.0462646484375,0.3463134765625,nan,0.19287109375,nan,0.19287109375,nan,1,0.6422119140625,0.6640625,0.01694624378816238,8,3,21,60,81,20260920,761,9.41030960000353
phase,S1,6,0.01,1,8,1024,8192,0.6568603515625,0.6465082194795534,0.6670654401517054,0.7967529296875,0.6644287109375,0.0250244140625,nan,0.066162109375,0.2769775390625,nan,0.2769775390625,nan,1,0.6480712890625,0.6645538330078125,0.012732148439700004,8,3,21,60,81,20260920,761,6.112835999985691
phase,S1,6,0.01,2,8,1024,8192,0.6688232421875,0.6585546803798312,0.6789335462894535,0.6748046875,0.4326171875,0.0347900390625,nan,0.0228271484375,nan,0.0982666015625,nan,0.0982666015625,1,0.6627197265625,0.6748046875,0.009197146616507368,8,3,21,60,81,20260920,761,5.2113410999882035
phase,S1,6,0.01,3,8,1024,8192,0.657470703125,0.6471226581152604,0.6676711324873262,0.62353515625,0.16796875,0.0408935546875,nan,0.024658203125,nan,0.0513916015625,nan,0.0513916015625,1,0.6456298828125,0.67138671875,0.019943678435419963,8,3,21,60,81,20260920,761,5.231771100021433
phase,S1,6,0.01,4,8,1024,8192,0.6619873046875,0.651670091686845,0.6721526681035679,0.6116943359375,-0.1715087890625,0.03125,nan,0.0369873046875,nan,0.0623779296875,nan,0.0623779296875,1,0.64697265625,0.678466796875,0.024380208112292696,8,3,21,60,81,20260920,761,5.23541300004581
phase,S1,6,0.01,5,8,1024,8192,0.6597900390625,0.6494576971057175,0.6699725911879149,0.6959228515625,-0.4703369140625,0.022216796875,nan,0.0341796875,nan,0.076416015625,nan,0.076416015625,1,0.650146484375,0.669677734375,0.01527168818621078,8,3,21,60,81,20260920,761,5.1910687000490725
phase,S1,6,0.01,6,8,1024,8192,0.661376953125,0.6510555129361736,0.6715471158829113,0.77783203125,-0.677490234375,0.0501708984375,nan,0.0240478515625,nan,0.0579833984375,nan,0.0579833984375,1,0.642578125,0.6810302734375,0.02959184653317573,8,3,21,60,81,20260920,761,5.226211900007911
phase,S1,6,0.02,0,8,1024,8192,0.4525146484375,0.44176097386354624,0.46331283656714667,1.7523193359375,1.7523193359375,0.068359375,0.5474853515625,nan,0.336181640625,nan,0.336181640625,nan,1,0.4428680419921875,0.4620361328125,0.014992585847586523,8,3,21,60,81,20260920,761,5.395533400005661
phase,S1,6,0.02,1,8,1024,8192,0.4578857421875,0.44711909397274496,0.468691869005633,1.3310546875,1.140625,0.0469970703125,nan,0.09521484375,0.4468994140625,nan,0.4468994140625,nan,1,0.4443328857421875,0.47021789550781246,0.020327233640648576,8,3,21,60,81,20260920,761,5.532170699967537
phase,S1,6,0.02,2,8,1024,8192,0.4603271484375,0.449555020500613,0.4711364663630764,1.1461181640625,0.7501220703125,0.054443359375,nan,0.043701171875,nan,0.154296875,nan,0.154296875,1,0.453857421875,0.4671630859375,0.0103209503032849,8,3,21,60,81,20260920,761,5.321665099996608
phase,S1,6,0.02,3,8,1024,8192,0.468017578125,0.457229889872615,0.47883524722980536,1.0189208984375,0.2657470703125,0.06201171875,nan,0.049560546875,nan,0.095947265625,nan,0.095947265625,1,0.457763671875,0.478515625,0.016221775233743563,8,3,21,60,81,20260920,761,5.722724099992774
phase,S1,6,0.02,4,8,1024,8192,0.4698486328125,0.45905761962498676,0.48066791039141715,1.004150390625,-0.28515625,0.0509033203125,nan,0.0595703125,nan,0.108642578125,nan,0.108642578125,1,0.45751953125,0.48388671875,0.020434189034541406,8,3,21,60,81,20260920,761,5.264705799985677
phase,S1,6,0.02,5,8,1024,8192,0.4461669921875,0.43543028216979784,0.45695416615908535,1.20751953125,-0.839111328125,0.045654296875,nan,0.06591796875,nan,0.1336669921875,nan,0.1336669921875,1,0.4365234375,0.455810546875,0.015141780727614795,8,3,21,60,81,20260920,761,5.378645200049505
phase,S1,6,0.02,6,8,1024,8192,0.44775390625,0.437012789004063,0.45854399985027255,1.36328125,-1.203125,0.080078125,nan,0.0474853515625,nan,0.1099853515625,nan,0.1099853515625,1,0.4398193359375,0.4576416015625,0.013967623895964093,8,3,21,60,81,20260920,761,5.275816699955612
phase,S1,6,0.03,0,8,1024,8192,0.320068359375,0.31005271619199104,0.3302526734605572,2.2877197265625,2.2877197265625,0.084716796875,0.679931640625,nan,0.45947265625,nan,0.45947265625,nan,1,0.3125,0.32666015625,0.011131466279820618,8,3,21,60,81,20260920,761,5.54273349995492
phase,S1,6,0.03,1,8,1024,8192,0.3355712890625,0.32542531365500676,0.345871402669269,1.7176513671875,1.4940185546875,0.06494140625,nan,0.11181640625,0.5526123046875,nan,0.5526123046875,nan,1,0.3238525390625,0.34716796875,0.018119586455583328,8,3,21,60,81,20260920,761,5.36584840004798
phase,S1,6,0.03,2,8,1024,8192,0.349609375,0.33935605175930744,0.360003676905509,1.442626953125,0.9404296875,0.07568359375,nan,0.0634765625,nan,0.1876220703125,nan,0.1876220703125,1,0.3414306640625,0.359130859375,0.013908977210507274,8,3,21,60,81,20260920,761,5.325380900001619
phase,S1,6,0.03,3,8,1024,8192,0.34375,0.3335402710160202,0.3541062003240489,1.2991943359375,0.3231201171875,0.080078125,nan,0.0650634765625,nan,0.1365966796875,nan,0.1365966796875,1,0.33447265625,0.355224609375,0.01607200984811905,8,3,21,60,81,20260920,761,5.388095100002829
phase,S1,6,0.03,4,8,1024,8192,0.3406982421875,0.3305119037397407,0.3510339127436891,1.299072265625,-0.410888671875,0.0633544921875,nan,0.081298828125,nan,0.1455078125,nan,0.1455078125,1,0.3294677734375,0.3505859375,0.01641951044545316,8,3,21,60,81,20260920,761,5.3801375000039116
phase,S1,6,0.03,5,8,1024,8192,0.3328857421875,0.3227614473800665,0.3431666926703667,1.4935302734375,-1.0194091796875,0.064208984375,nan,0.07958984375,nan,0.162841796875,nan,0.162841796875,1,0.3209228515625,0.34326171875,0.017316045247608627,8,3,21,60,81,20260920,761,5.372016800043639
phase,S1,6,0.03,6,8,1024,8192,0.3341064453125,0.3239722496071995,0.3443961523858894,1.707275390625,-1.522705078125,0.09228515625,nan,0.0614013671875,nan,0.13916015625,nan,0.13916015625,1,0.3309326171875,0.3375244140625,0.005099475955485776,8,3,21,60,81,20260920,761,5.388115199981257
phase,S1,6,0.05,0,8,1024,8192,0.20068359375,0.19215180230974194,0.20949596935107784,2.8582763671875,2.8582763671875,0.10205078125,0.79931640625,nan,0.599853515625,nan,0.599853515625,nan,1,0.188720703125,0.212158203125,0.018120056380151416,8,3,21,60,81,20260920,761,5.566520499996841
phase,S1,6,0.05,1,8,1024,8192,0.2193603515625,0.21053200353215087,0.22845177585130125,2.1773681640625,1.9307861328125,0.09375,nan,0.123291015625,0.6573486328125,nan,0.6573486328125,nan,1,0.2132568359375,0.2254638671875,0.009595866882607579,8,3,21,60,81,20260920,761,5.389790799992625
phase,S1,6,0.05,2,8,1024,8192,0.225341796875,0.21642422627960245,0.23451683662286266,1.8165283203125,1.2091064453125,0.0936279296875,nan,0.08349609375,nan,0.22021484375,nan,0.22021484375,1,0.220458984375,0.2293701171875,0.006920120996225395,8,3,21,60,81,20260920,761,5.413027599977795
phase,S1,6,0.05,3,8,1024,8192,0.2305908203125,0.22159714081670753,0.23983704843917716,1.606689453125,0.38134765625,0.0997314453125,nan,0.088623046875,nan,0.1846923828125,nan,0.1846923828125,1,0.22216796875,0.2393798828125,0.013353653704865253,8,3,21,60,81,20260920,761,5.372913300001528
phase,S1,6,0.05,4,8,1024,8192,0.2181396484375,0.20932984201314958,0.22721367542764687,1.638427734375,-0.440673828125,0.0897216796875,nan,0.0999755859375,nan,0.1907958984375,nan,0.1907958984375,1,0.2088623046875,0.2255859375,0.012838706619115337,8,3,21,60,81,20260920,761,5.319174500007648
phase,S1,6,0.05,5,8,1024,8192,0.2144775390625,0.20572404672860153,0.22349868488422778,1.83642578125,-1.2216796875,0.0927734375,nan,0.098388671875,nan,0.194091796875,nan,0.194091796875,1,0.2080078125,0.220947265625,0.010026339855018038,8,3,21,60,81,20260920,761,5.5167336000013165
phase,S1,6,0.05,6,8,1024,8192,0.2117919921875,0.20308046235667554,0.2207736929823112,2.22021484375,-2.010498046875,0.1048583984375,nan,0.092041015625,nan,0.1912841796875,nan,0.1912841796875,1,0.2020263671875,0.22216796875,0.01559390652739353,8,3,21,60,81,20260920,761,5.410167900030501
phase,S2,2,0.0,0,8,1024,8192,0.9158935546875,0.9096866510419747,0.9217105928208259,0.1376953125,0.1376953125,0.014892578125,0.0841064453125,nan,0.0386962890625,nan,0.0841064453125,nan,0,0.9112548828125,0.9205322265625,0.00716555259553457,8,2,8,36,25,20260920,761,1.5285030999802984
phase,S2,2,0.0,1,8,1024,8192,0.912353515625,0.9060350959780368,0.9182853882510622,0.1119384765625,0.0406494140625,0.0242919921875,nan,0.03564453125,0.052001953125,nan,nan,0.03564453125,0,0.906005859375,0.919189453125,0.010078011445581198,8,2,8,36,25,20260920,761,1.4733773000189103
phase,S2,2,0.0,2,8,1024,8192,0.9161376953125,0.9099385971053974,0.9219466991459343,0.10986328125,-0.05615234375,0.02685546875,nan,0.0260009765625,nan,0.0570068359375,nan,0.0260009765625,0,0.9110107421875,0.9219970703125,0.008440146056546973,8,2,8,36,25,20260920,761,1.4770433999947272
phase,S2,2,0.001,0,8,1024,8192,0.90185546875,0.8952233691591273,0.9081108623631325,0.1624755859375,0.1624755859375,0.0189208984375,0.09814453125,nan,0.04541015625,nan,0.09814453125,nan,0,0.8974609375,0.9053955078125,0.0062421476900661535,8,2,8,36,25,20260920,761,2.0997863999800757
phase,S2,2,0.001,1,8,1024,8192,0.902099609375,0.8954745344467293,0.9083477494640618,0.124267578125,0.047607421875,0.0263671875,nan,0.038330078125,0.0595703125,nan,nan,0.038330078125,0,0.89599609375,0.907958984375,0.009037443955056785,8,2,8,36,25,20260920,761,1.6926941000274383
phase,S2,2,0.001,2,8,1024,8192,0.9071044921875,0.900626187335786,0.9132011705398934,0.1204833984375,-0.0567626953125,0.0318603515625,nan,0.027587890625,nan,0.06103515625,nan,0.027587890625,0,0.90234375,0.911865234375,0.007408600602602434,8,2,8,36,25,20260920,761,1.6512693999684416
phase,S2,2,0.003,0,8,1024,8192,0.880859375,0.8736650957764247,0.887696630332157,0.1956787109375,0.1956787109375,0.0230712890625,0.119140625,nan,0.053466796875,nan,0.119140625,nan,0,0.873046875,0.888916015625,0.012297377718213735,8,2,8,36,25,20260920,761,2.1161506000207737
phase,S2,2,0.003,1,8,1024,8192,0.8758544921875,0.8685372280739191,0.8828194240697741,0.156494140625,0.057373046875,0.0323486328125,nan,0.049560546875,0.0745849609375,nan,nan,0.049560546875,0,0.8690185546875,0.882568359375,0.010274645533860058,8,2,8,36,25,20260920,761,1.694633899955079
phase,S2,2,0.003,2,8,1024,8192,0.8839111328125,0.8767937855219268,0.8906685954432942,0.1483154296875,-0.0780029296875,0.03515625,nan,0.0322265625,nan,0.0809326171875,nan,0.0322265625,0,0.879150390625,0.888916015625,0.0074999836512796144,8,2,8,36,25,20260920,761,1.6777644000248984
phase,S2,2,0.005,0,8,1024,8192,0.857177734375,0.8494334362224741,0.8645872081985867,0.240478515625,0.240478515625,0.030029296875,0.142822265625,nan,0.067626953125,nan,0.142822265625,nan,0,0.8499755859375,0.8646240234375,0.01131356341655999,8,2,8,36,25,20260920,761,2.129279699991457
phase,S2,2,0.005,1,8,1024,8192,0.855712890625,0.8479370631630488,0.8631552669268253,0.18017578125,0.06689453125,0.035888671875,nan,0.056640625,0.087646484375,nan,nan,0.056640625,0,0.849609375,0.861328125,0.009037443955056785,8,2,8,36,25,20260920,761,1.6719101999769919
phase,S2,2,0.005,2,8,1024,8192,0.86083984375,0.8531755613733769,0.8681658688756511,0.175537109375,-0.089599609375,0.04296875,nan,0.036376953125,nan,0.09619140625,nan,0.036376953125,0,0.8526611328125,0.86865234375,0.012527870714644894,8,2,8,36,25,20260920,761,1.673154899966903
phase,S2,2,0.01,0,8,1024,8192,0.8175048828125,0.8089925113474365,0.8257196199373138,0.313232421875,0.313232421875,0.0452880859375,0.1824951171875,nan,0.08544921875,nan,0.1824951171875,nan,0,0.812255859375,0.822998046875,0.00837532996074669,8,2,8,36,25,20260920,761,2.116874800005462
phase,S2,2,0.01,1,8,1024,8192,0.806884765625,0.7981936675026545,0.8152881848809911,0.2413330078125,0.0872802734375,0.0482177734375,nan,0.0770263671875,0.1160888671875,nan,nan,0.0770263671875,0,0.796630859375,0.817138671875,0.015822120845722314,8,2,8,36,25,20260920,761,1.67354059999343
phase,S2,2,0.01,2,8,1024,8192,0.8126220703125,0.8040262528927621,0.8209248306213653,0.234130859375,-0.12939453125,0.0523681640625,nan,0.0467529296875,nan,0.135009765625,nan,0.0467529296875,0,0.80615234375,0.8189697265625,0.009813464019321821,8,2,8,36,25,20260920,761,1.6757509000017308
phase,S2,2,0.02,0,8,1024,8192,0.720458984375,0.710639300590295,0.7300720062533262,0.474365234375,0.474365234375,0.0660400390625,0.279541015625,nan,0.1287841796875,nan,0.279541015625,nan,0,0.712646484375,0.7283966064453125,0.012183291648369496,8,2,8,36,25,20260920,761,2.150494000001345
phase,S2,2,0.02,1,8,1024,8192,0.7220458984375,0.7122424148580627,0.731641232511011,0.3397216796875,0.1229248046875,0.061767578125,nan,0.1083984375,0.1695556640625,nan,nan,0.1083984375,0,0.715087890625,0.7290069580078125,0.010785695930400376,8,2,8,36,25,20260920,761,1.6777297999942675
phase,S2,2,0.02,2,8,1024,8192,0.7200927734375,0.7102693725750262,0.7297098556857984,0.34765625,-0.187744140625,0.0799560546875,nan,0.0677490234375,nan,0.199951171875,nan,0.0677490234375,0,0.7135009765625,0.7269287109375,0.010465145832722707,8,2,8,36,25,20260920,761,1.6786297000362538
phase,S2,2,0.03,0,8,1024,8192,0.6475830078125,0.6371710571622345,0.6578566117048409,0.6114501953125,0.6114501953125,0.0875244140625,0.3524169921875,nan,0.1715087890625,nan,0.3524169921875,nan,0,0.6424560546875,0.6531982421875,0.008326386780773094,8,2,8,36,25,20260920,761,2.1088645000127144
phase,S2,2,0.03,1,8,1024,8192,0.6451416015625,0.6347146221771497,0.6554325228046144,0.434814453125,0.160400390625,0.0799560546875,nan,0.13720703125,0.2176513671875,nan,nan,0.13720703125,0,0.636474609375,0.65478515625,0.01418959090500038,8,2,8,36,25,20260920,761,1.6831511000054888
phase,S2,2,0.03,2,8,1024,8192,0.6463623046875,0.635942802789056,0.6566446041353636,0.444580078125,-0.24755859375,0.0985107421875,nan,0.0909423828125,nan,0.255126953125,nan,0.0909423828125,0,0.642822265625,0.6495361328125,0.005126122647449399,8,2,8,36,25,20260920,761,1.7054970000172034
phase,S2,2,0.05,0,8,1024,8192,0.5396728515625,0.5288635336369236,0.5504449794993869,0.8323974609375,0.8323974609375,0.1280517578125,0.4603271484375,nan,0.2440185546875,nan,0.4603271484375,nan,0,0.532470703125,0.547119140625,0.01120693988076146,8,2,8,36,25,20260920,761,2.137031299993396
phase,S2,2,0.05,1,8,1024,8192,0.5296630859375,0.5188434040769522,0.5404549611295816,0.5850830078125,0.2225341796875,0.11474609375,nan,0.1812744140625,0.2890625,nan,nan,0.1812744140625,0,0.5198974609375,0.540771484375,0.016164458939191415,8,2,8,36,25,20260920,761,1.7044215999776497
phase,S2,2,0.05,2,8,1024,8192,0.53125,0.5204316699913408,0.5420390357406454,0.58837890625,-0.33447265625,0.126953125,nan,0.11962890625,nan,0.341796875,nan,0.11962890625,0,0.5224609375,0.53955078125,0.013277556603046293,8,2,8,36,25,20260920,761,1.7074326000292785
phase,S2,4,0.0,0,8,1024,8192,0.8214111328125,0.8129671258008195,0.8295538437004291,0.5162353515625,0.5162353515625,0.038818359375,0.1785888671875,nan,0.10400390625,nan,0.10400390625,nan,1,0.8167724609375,0.825927734375,0.0069923414257548645,8,3,15,54,57,20260920,761,3.201736799965147
phase,S2,4,0.0,1,8,1024,8192,0.805419921875,0.7967049644959309,0.8138485735565278,0.4505615234375,0.3572998046875,0.0582275390625,nan,0.046630859375,0.14794921875,nan,0.14794921875,nan,1,0.80126953125,0.8094482421875,0.006236688880373078,8,3,15,54,57,20260920,761,3.3313956999918446
phase,S2,4,0.0,2,8,1024,8192,0.8184814453125,0.8099860293136626,0.8266783115252122,0.383544921875,0.2041015625,0.05419921875,nan,0.0244140625,nan,0.0653076171875,nan,0.0653076171875,1,0.8114013671875,0.8262939453125,0.011465329763137962,8,3,15,54,57,20260920,761,3.8615034999675117
phase,S2,4,0.0,3,8,1024,8192,0.816650390625,0.8081232565553558,0.8248806913695355,0.3641357421875,0.0894775390625,0.0595703125,nan,0.0081787109375,nan,0.0323486328125,nan,0.0323486328125,1,0.8114013671875,0.8214141845703125,0.00777316408573361,8,3,15,54,57,20260920,761,3.7186021000379696
phase,S2,4,0.0,4,8,1024,8192,0.8184814453125,0.8099860293136626,0.8266783115252122,0.361572265625,-0.1123046875,0.071044921875,nan,0.0335693359375,nan,0.0394287109375,nan,0.0394287109375,1,0.8096923828125,0.82763671875,0.013981638135954384,8,3,15,54,57,20260920,761,3.086118599982001
phase,S2,4,0.001,0,8,1024,8192,0.8001708984375,0.7913719701214985,0.8086884415775406,0.5762939453125,0.5762939453125,0.044921875,0.1998291015625,nan,0.1138916015625,nan,0.1138916015625,nan,1,0.7908935546875,0.8095703125,0.014294815570287932,8,3,15,54,57,20260920,761,5.549431999970693
phase,S2,4,0.001,1,8,1024,8192,0.7845458984375,0.775510549218085,0.7933145096149611,0.50439453125,0.4072265625,0.0650634765625,nan,0.048583984375,0.1668701171875,nan,0.1668701171875,nan,1,0.778076171875,0.7906494140625,0.009792617550703688,8,3,15,54,57,20260920,761,3.9133683999534696
phase,S2,4,0.001,2,8,1024,8192,0.796875,0.7880245412447034,0.8054471632091654,0.430908203125,0.2353515625,0.0623779296875,nan,0.0250244140625,nan,0.07275390625,nan,0.07275390625,1,0.7886962890625,0.80712890625,0.014218964627501012,8,3,15,54,57,20260920,761,3.9857263999874704
phase,S2,4,0.001,3,8,1024,8192,0.7877197265625,0.7787308116419144,0.7964389282420367,0.41259765625,0.1015625,0.066650390625,nan,0.0107421875,nan,0.0341796875,nan,0.0341796875,1,0.7823486328125,0.792724609375,0.008068785657906263,8,3,15,54,57,20260920,761,3.9333274999517016
phase,S2,4,0.001,4,8,1024,8192,0.7938232421875,0.7849258747812577,0.8024451748159718,0.40625,-0.131591796875,0.078369140625,nan,0.0345458984375,nan,0.0450439453125,nan,0.0450439453125,1,0.7838134765625,0.8037109375,0.015302879937229336,8,3,15,54,57,20260920,761,3.896772099949885
phase,S2,4,0.003,0,8,1024,8192,0.7532958984375,0.7438433991845642,0.7625109539164957,0.7366943359375,0.7366943359375,0.062255859375,0.2467041015625,nan,0.1434326171875,nan,0.1434326171875,nan,1,0.74365234375,0.761962890625,0.014073903138002502,8,3,15,54,57,20260920,761,5.588816700037569
phase,S2,4,0.003,1,8,1024,8192,0.7393798828125,0.7297634003873145,0.7487719665674705,0.615478515625,0.494873046875,0.0797119140625,nan,0.060302734375,0.2003173828125,nan,0.2003173828125,nan,1,0.7320556640625,0.7474365234375,0.011976762297324112,8,3,15,54,57,20260920,761,3.9959464999847114
phase,S2,4,0.003,2,8,1024,8192,0.747314453125,0.7377899095066993,0.7566071600753477,0.532958984375,0.309814453125,0.0782470703125,nan,0.0257568359375,nan,0.0858154296875,nan,0.0858154296875,1,0.7403564453125,0.753173828125,0.009845515847495875,8,3,15,54,57,20260920,761,3.999301599978935
phase,S2,4,0.003,3,8,1024,8192,0.7445068359375,0.7349492922616726,0.7538351748522661,0.4947509765625,0.1260986328125,0.0809326171875,nan,0.0147705078125,nan,0.0396728515625,nan,0.0396728515625,1,0.736328125,0.7523193359375,0.012252287759494065,8,3,15,54,57,20260920,761,4.069202499988023
phase,S2,4,0.003,4,8,1024,8192,0.7396240234375,0.7300103092496805,0.7490131100936356,0.50634765625,-0.181884765625,0.0906982421875,nan,0.041259765625,nan,0.0557861328125,nan,0.0557861328125,1,0.7315673828125,0.7481689453125,0.012923320574087935,8,3,15,54,57,20260920,761,4.069150199997239
phase,S2,4,0.005,0,8,1024,8192,0.7098388671875,0.6999146085203607,0.719566419422156,0.8883056640625,0.8883056640625,0.0792236328125,0.2901611328125,nan,0.1702880859375,nan,0.1702880859375,nan,1,0.6993377685546875,0.7200927734375,0.016007775699286204,8,3,15,54,57,20260920,761,5.673250199994072
phase,S2,4,0.005,1,8,1024,8192,0.6932373046875,0.6831625752899652,0.7031308902324339,0.7249755859375,0.5906982421875,0.09228515625,nan,0.067138671875,0.2396240234375,nan,0.2396240234375,nan,1,0.6826171875,0.7034912109375,0.015956629110873057,8,3,15,54,57,20260920,761,4.09337030001916
phase,S2,4,0.005,2,8,1024,8192,0.7110595703125,0.7011469956612518,0.7207742942239205,0.6016845703125,0.3255615234375,0.0860595703125,nan,0.0323486328125,nan,0.105712890625,nan,0.105712890625,1,0.7044677734375,0.718017578125,0.010380181494338094,8,3,15,54,57,20260920,761,3.9771246999735013
phase,S2,4,0.005,3,8,1024,8192,0.7017822265625,0.6917830012164963,0.7115922979044926,0.5694580078125,0.1380615234375,0.0919189453125,nan,0.0169677734375,nan,0.0474853515625,nan,0.0474853515625,1,0.6956787109375,0.707763671875,0.009322208541033586,8,3,15,54,57,20260920,761,4.066690300009213
phase,S2,4,0.005,4,8,1024,8192,0.700439453125,0.6904280922184604,0.7102629187656072,0.574462890625,-0.2021484375,0.1051025390625,nan,0.045654296875,nan,0.0611572265625,nan,0.0611572265625,1,0.69287109375,0.7080078125,0.011934742188865092,8,3,15,54,57,20260920,761,3.947375599993393
phase,S2,4,0.01,0,8,1024,8192,0.6063232421875,0.5956960269766495,0.616850788228663,1.21240234375,1.21240234375,0.1146240234375,0.3936767578125,nan,0.2315673828125,nan,0.2315673828125,nan,1,0.594482421875,0.6162109375,0.01688583994674122,8,3,15,54,57,20260920,761,5.568434900022112
phase,S2,4,0.01,1,8,1024,8192,0.6031494140625,0.5925089735031633,0.6136931606512442,0.953125,0.781982421875,0.1214599609375,nan,0.0855712890625,0.311279296875,nan,0.311279296875,nan,1,0.5946044921875,0.611572265625,0.013153202611348998,8,3,15,54,57,20260920,761,4.06191560003208
phase,S2,4,0.01,2,8,1024,8192,0.6065673828125,0.5959412042657911,0.6170936633280525,0.8309326171875,0.4747314453125,0.1195068359375,nan,0.0406494140625,nan,0.137451171875,nan,0.137451171875,1,0.6011962890625,0.611572265625,0.008043418702831508,8,3,15,54,57,20260920,761,4.036608100053854
phase,S2,4,0.01,3,8,1024,8192,0.602783203125,0.5921412665441835,0.6133287890274274,0.766845703125,0.191162109375,0.1282958984375,nan,0.02587890625,nan,0.0635986328125,nan,0.0635986328125,1,0.593505859375,0.612060546875,0.014178184720888344,8,3,15,54,57,20260920,761,3.982571200001985
phase,S2,4,0.01,4,8,1024,8192,0.610595703125,0.5999870295391415,0.6211007024654659,0.76025390625,-0.2529296875,0.134521484375,nan,0.0546875,nan,0.0792236328125,nan,0.0792236328125,1,0.601318359375,0.6207275390625,0.015216389194044416,8,3,15,54,57,20260920,761,3.9097147999564186
phase,S2,4,0.02,0,8,1024,8192,0.471435546875,0.4606417700970043,0.48225610044485206,1.7288818359375,1.7288818359375,0.1715087890625,0.528564453125,nan,0.3402099609375,nan,0.3402099609375,nan,1,0.4610565185546875,0.48193359375,0.015967831426045735,8,3,15,54,57,20260920,761,5.626523200015072
phase,S2,4,0.02,1,8,1024,8192,0.46044921875,0.4496768236655367,0.4712586893924183,1.329345703125,1.0966796875,0.166259765625,nan,0.1163330078125,0.4232177734375,nan,0.4232177734375,nan,1,0.450927734375,0.4703369140625,0.015137843780195913,8,3,15,54,57,20260920,761,4.00862540001981
phase,S2,4,0.02,2,8,1024,8192,0.46533203125,0.45454948369563564,0.47614707713294213,1.1644287109375,0.6929931640625,0.174560546875,nan,0.0556640625,nan,0.1800537109375,nan,0.1800537109375,1,0.4571533203125,0.4735107421875,0.012495203460308637,8,3,15,54,57,20260920,761,4.01651079999283
phase,S2,4,0.02,3,8,1024,8192,0.4678955078125,0.45710804641241065,0.47871306449574413,1.032958984375,0.2080078125,0.1676025390625,nan,0.044921875,nan,0.1024169921875,nan,0.1024169921875,1,0.4617919921875,0.473876953125,0.009344104539585034,8,3,15,54,57,20260920,761,4.0332909999997355
phase,S2,4,0.02,4,8,1024,8192,0.467529296875,0.456742519925411,0.47834651239994713,1.0537109375,-0.35888671875,0.183349609375,nan,0.0714111328125,nan,0.11279296875,nan,0.11279296875,1,0.46044921875,0.4753479003906249,0.011622441867333319,8,3,15,54,57,20260920,761,4.029159100027755
phase,S2,4,0.03,0,8,1024,8192,0.3717041015625,0.3613016431795593,0.3822268266473255,2.1048583984375,2.1048583984375,0.212890625,0.6282958984375,nan,0.4254150390625,nan,0.4254150390625,nan,1,0.361328125,0.383056640625,0.016365488499387695,8,3,15,54,57,20260920,761,5.992746600008104
phase,S2,4,0.03,1,8,1024,8192,0.37841796875,0.36797487028491405,0.38897504022657714,1.5943603515625,1.3519287109375,0.2001953125,nan,0.1212158203125,0.5003662109375,nan,0.5003662109375,nan,1,0.361083984375,0.3963623046875,0.027178831425406606,8,3,15,54,57,20260920,761,4.10704989999067
phase,S2,4,0.03,2,8,1024,8192,0.3731689453125,0.3627574365411784,0.3836993476168933,1.381103515625,0.81884765625,0.2042236328125,nan,0.070068359375,nan,0.2110595703125,nan,0.2110595703125,1,0.363037109375,0.3843994140625,0.016609254225250905,8,3,15,54,57,20260920,761,3.9956063000136055
phase,S2,4,0.03,3,8,1024,8192,0.375732421875,0.365305321670232,0.3862760125674166,1.251220703125,0.293212890625,0.2105712890625,nan,0.0543212890625,nan,0.1258544921875,nan,0.1258544921875,1,0.3695068359375,0.382080078125,0.009692106074843363,8,3,15,54,57,20260920,761,4.068980499985628
phase,S2,4,0.03,4,8,1024,8192,0.3651123046875,0.3547518494770856,0.3755992058594584,1.2823486328125,-0.3944091796875,0.2274169921875,nan,0.080810546875,nan,0.13427734375,nan,0.13427734375,1,0.35791015625,0.37353515625,0.0119539900608279,8,3,15,54,57,20260920,761,4.050121599982958
phase,S2,4,0.05,0,8,1024,8192,0.2525634765625,0.2432723305728226,0.26208657365086485,2.639892578125,2.639892578125,0.273681640625,0.7474365234375,nan,0.5452880859375,nan,0.5452880859375,nan,1,0.244384765625,0.2598876953125,0.012073065117176788,8,3,15,54,57,20260920,761,5.548792700050399
phase,S2,4,0.05,1,8,1024,8192,0.260498046875,0.2511074611928281,0.2701131456581215,2.0224609375,1.762451171875,0.2593994140625,nan,0.1300048828125,0.6094970703125,nan,0.6094970703125,nan,1,0.25390625,0.2672119140625,0.010131940988859434,8,3,15,54,57,20260920,761,4.073552899993956
phase,S2,4,0.05,2,8,1024,8192,0.266845703125,0.2573784716545574,0.2765314972982019,1.6964111328125,1.0401611328125,0.2640380859375,nan,0.09033203125,nan,0.23779296875,nan,0.23779296875,1,0.26220703125,0.2718505859375,0.007377503346606172,8,3,15,54,57,20260920,761,4.077758900006302
phase,S2,4,0.05,3,8,1024,8192,0.2529296875,0.24363386157432831,0.2624571212321559,1.5579833984375,0.3414306640625,0.2718505859375,nan,0.0789794921875,nan,0.1729736328125,nan,0.1729736328125,1,0.2418212890625,0.263671875,0.01665481872870914,8,3,15,54,57,20260920,761,4.00457579997601
phase,S2,4,0.05,4,8,1024,8192,0.246826171875,0.2376095077261143,0.2562801653670913,1.5673828125,-0.481689453125,0.2772216796875,nan,0.09423828125,nan,0.171630859375,nan,0.171630859375,1,0.2357177734375,0.255859375,0.01578764056318031,8,3,15,54,57,20260920,761,3.9625214000116102
phase,S2,6,0.0,0,8,1024,8192,0.7755126953125,0.766349436423528,0.7844176840338658,0.6407470703125,0.6407470703125,0.02197265625,0.2244873046875,nan,0.1241455078125,nan,0.1241455078125,nan,1,0.77001953125,0.78076171875,0.008440146056546973,8,3,21,60,81,20260920,761,5.5259310999535955
phase,S2,6,0.0,1,8,1024,8192,0.774658203125,0.7654831633771374,0.7835757737203976,0.5216064453125,0.4307861328125,0.0162353515625,nan,0.04541015625,0.179931640625,nan,0.179931640625,nan,1,0.77001953125,0.7789306640625,0.006959384409172387,8,3,21,60,81,20260920,761,5.461847300000954
phase,S2,6,0.0,2,8,1024,8192,0.7686767578125,0.7594207560531728,0.777680897525349,0.4725341796875,0.2928466796875,0.01513671875,nan,0.023193359375,nan,0.066650390625,nan,0.066650390625,1,0.7615966796875,0.776611328125,0.011477206321819491,8,3,21,60,81,20260920,761,5.470640999963507
phase,S2,6,0.0,3,8,1024,8192,0.7620849609375,0.7527427225860491,0.771181516502132,0.457275390625,0.138671875,0.040283203125,nan,0.0123291015625,nan,0.0389404296875,nan,0.0389404296875,1,0.7562255859375,0.768310546875,0.009394996751627959,8,3,21,60,81,20260920,761,5.431298300041817
phase,S2,6,0.0,4,8,1024,8192,0.7818603515625,0.7727863245723532,0.7906701579868505,0.4237060546875,-0.1387939453125,0.015380859375,nan,0.0372314453125,nan,0.0506591796875,nan,0.0506591796875,1,0.7752685546875,0.7874755859375,0.009567429355709544,8,3,21,60,81,20260920,761,5.533219099976122
phase,S2,6,0.0,5,8,1024,8192,0.758544921875,0.7491576333042131,0.7676898461502664,0.505126953125,-0.33056640625,0.02490234375,nan,0.01904296875,nan,0.0615234375,nan,0.0615234375,1,0.749755859375,0.768798828125,0.014585523376026751,8,3,21,60,81,20260920,761,6.355721200001426
phase,S2,6,0.0,6,8,1024,8192,0.766357421875,0.7570707249436768,0.7753944309437992,0.5531005859375,-0.4847412109375,0.0341796875,nan,0.015380859375,nan,0.0357666015625,nan,0.0357666015625,1,0.7562255859375,0.7760009765625,0.015252160948832659,8,3,21,60,81,20260920,761,5.373991300002672
phase,S2,6,0.001,0,8,1024,8192,0.7430419921875,0.73346743546001,0.752388717322742,0.7557373046875,0.7557373046875,0.025634765625,0.2569580078125,nan,0.1453857421875,nan,0.1453857421875,nan,1,0.7354736328125,0.751220703125,0.011976762297324112,8,3,21,60,81,20260920,761,10.937980899994727
phase,S2,6,0.001,1,8,1024,8192,0.7406005859375,0.7309979828808538,0.7499776460165867,0.5999755859375,0.4971923828125,0.01513671875,nan,0.0513916015625,0.2080078125,nan,0.2080078125,nan,1,0.7314453125,0.7493896484375,0.01408358008156991,8,3,21,60,81,20260920,761,7.098240499966778
phase,S2,6,0.001,2,8,1024,8192,0.7347412109375,0.7250728522300312,0.744189519342662,0.5457763671875,0.3353271484375,0.01953125,nan,0.0267333984375,nan,0.0784912109375,nan,0.0784912109375,1,0.7247314453125,0.744384765625,0.015146278843043426,8,3,21,60,81,20260920,761,7.128177000035066
phase,S2,6,0.001,3,8,1024,8192,0.734130859375,0.7244557760338657,0.7435864645674997,0.514404296875,0.16845703125,0.0450439453125,nan,0.0142822265625,nan,0.0411376953125,nan,0.0411376953125,1,0.722900390625,0.7452392578125,0.01720801776045517,8,3,21,60,81,20260920,761,7.177278999995906
phase,S2,6,0.001,4,8,1024,8192,0.74267578125,0.73309699302625,0.7520270811737052,0.495361328125,-0.16650390625,0.0184326171875,nan,0.0413818359375,nan,0.0574951171875,nan,0.0574951171875,1,0.73876953125,0.746337890625,0.005836077194015594,8,3,21,60,81,20260920,761,7.000149999978021
phase,S2,6,0.001,5,8,1024,8192,0.73291015625,0.7232216936910005,0.742380284967709,0.5599365234375,-0.3729248046875,0.02490234375,nan,0.02294921875,nan,0.066650390625,nan,0.066650390625,1,0.7255859375,0.7408447265625,0.011776735262502946,8,3,21,60,81,20260920,761,7.081611700006761
phase,S2,6,0.001,6,8,1024,8192,0.7330322265625,0.7233450977308986,0.7425009071220765,0.633544921875,-0.549560546875,0.0419921875,nan,0.017333984375,nan,0.0400390625,nan,0.0400390625,1,0.7237548828125,0.742431640625,0.01453112905425618,8,3,21,60,81,20260920,761,7.0422151000238955
phase,S2,6,0.003,0,8,1024,8192,0.680908203125,0.6707316072796248,0.6909152126219515,0.9345703125,0.9345703125,0.032470703125,0.319091796875,nan,0.1783447265625,nan,0.1783447265625,nan,1,0.676025390625,0.6859130859375,0.007577916452855762,8,3,21,60,81,20260920,761,10.67459259997122
phase,S2,6,0.003,1,8,1024,8192,0.685302734375,0.6751615027723494,0.6952702601227874,0.73779296875,0.615234375,0.0211181640625,nan,0.061279296875,0.25341796875,nan,0.25341796875,nan,1,0.6754150390625,0.6956787109375,0.015692429143217425,8,3,21,60,81,20260920,761,7.282039200013969
phase,S2,6,0.003,2,8,1024,8192,0.685546875,0.6754076385526224,0.6955121767310455,0.6514892578125,0.4163818359375,0.023193359375,nan,0.030029296875,nan,0.0875244140625,nan,0.0875244140625,1,0.6746826171875,0.6981201171875,0.018299615412533998,8,3,21,60,81,20260920,761,7.401811200019438
phase,S2,6,0.003,3,8,1024,8192,0.675048828125,0.6648266826132059,0.6851068799636231,0.614501953125,0.147705078125,0.0457763671875,nan,0.02490234375,nan,0.05810546875,nan,0.05810546875,1,0.66162109375,0.6879913330078125,0.02049618345880406,8,3,21,60,81,20260920,761,7.434666599961929
phase,S2,6,0.003,4,8,1024,8192,0.690185546875,0.6800848327624808,0.7001079779032789,0.5784912109375,-0.1649169921875,0.0238037109375,nan,0.0443115234375,nan,0.0616455078125,nan,0.0616455078125,1,0.68212890625,0.700439453125,0.014435298338959455,8,3,21,60,81,20260920,761,7.257006200030446
phase,S2,6,0.003,5,8,1024,8192,0.67919921875,0.6690091493375434,0.6892213038443149,0.6866455078125,-0.4744873046875,0.0274658203125,nan,0.034912109375,nan,0.082763671875,nan,0.082763671875,1,0.6690673828125,0.688720703125,0.014929410961687217,8,3,21,60,81,20260920,761,7.327508200018201
phase,S2,6,0.003,6,8,1024,8192,0.6796875,0.6695012642988478,0.6897052936600727,0.77490234375,-0.672607421875,0.0511474609375,nan,0.0220947265625,nan,0.0555419921875,nan,0.0555419921875,1,0.6697998046875,0.689208984375,0.014801101796735317,8,3,21,60,81,20260920,761,7.324560300039593
phase,S2,6,0.005,0,8,1024,8192,0.6383056640625,0.6278381659269259,0.6486435121759662,1.10693359375,1.10693359375,0.0408935546875,0.3616943359375,nan,0.213623046875,nan,0.213623046875,nan,1,0.62890625,0.6463623046875,0.013409649448740258,8,3,21,60,81,20260920,761,10.616985299973749
phase,S2,6,0.005,1,8,1024,8192,0.6346435546875,0.6241552892927865,0.6450056029821384,0.8560791015625,0.7149658203125,0.0277099609375,nan,0.070556640625,0.2947998046875,nan,0.2947998046875,nan,1,0.625,0.64306640625,0.013765597723681324,8,3,21,60,81,20260920,761,8.200581100012641
phase,S2,6,0.005,2,8,1024,8192,0.63037109375,0.6198594208461724,0.6407605546294576,0.7711181640625,0.4866943359375,0.03173828125,nan,0.0369873046875,nan,0.105224609375,nan,0.105224609375,1,0.621337890625,0.6402587890625,0.014662381755894243,8,3,21,60,81,20260920,761,7.031592599989381
phase,S2,6,0.005,3,8,1024,8192,0.6221923828125,0.611638345067809,0.6326318753920276,0.7220458984375,0.1829833984375,0.0531005859375,nan,0.0294189453125,nan,0.068603515625,nan,0.068603515625,1,0.6123046875,0.6314697265625,0.014978948989601292,8,3,21,60,81,20260920,761,7.1320746000274085
phase,S2,6,0.005,4,8,1024,8192,0.6380615234375,0.6275926205188489,0.648401005195512,0.691650390625,-0.241943359375,0.028076171875,nan,0.0540771484375,nan,0.078125,nan,0.078125,1,0.6298828125,0.6453857421875,0.011868205026603715,8,3,21,60,81,20260920,761,6.939535000012256
phase,S2,6,0.005,5,8,1024,8192,0.6251220703125,0.6145828409156282,0.6355440082065822,0.8018798828125,-0.5477294921875,0.03369140625,nan,0.0380859375,nan,0.0948486328125,nan,0.0948486328125,1,0.6126708984375,0.634521484375,0.017503853976882207,8,3,21,60,81,20260920,761,6.959519000025466
phase,S2,6,0.005,6,8,1024,8192,0.6224365234375,0.6118837041356286,0.6328745687127391,0.910888671875,-0.801513671875,0.0546875,nan,0.026123046875,nan,0.065673828125,nan,0.065673828125,1,0.611083984375,0.6348876953125,0.018762330133633643,8,3,21,60,81,20260920,761,7.037289500003681
phase,S2,6,0.01,0,8,1024,8192,0.5181884765625,0.5073622767532384,0.5289976261923317,1.4830322265625,1.4830322265625,0.0528564453125,0.4818115234375,nan,0.289306640625,nan,0.289306640625,nan,1,0.5086669921875,0.528076171875,0.0151282783567395,8,3,21,60,81,20260920,761,10.590200199978426
phase,S2,6,0.01,1,8,1024,8192,0.51708984375,0.506263319653424,0.5279003475437559,1.1417236328125,0.9554443359375,0.036865234375,nan,0.0931396484375,0.3897705078125,nan,0.3897705078125,nan,1,0.5069580078125,0.5269775390625,0.015581342468459502,8,3,21,60,81,20260920,761,7.0903088000486605
phase,S2,6,0.01,2,8,1024,8192,0.5289306640625,0.5181103952287364,0.539723812812204,0.99560546875,0.637939453125,0.042236328125,nan,0.043212890625,nan,0.1356201171875,nan,0.1356201171875,1,0.524169921875,0.533447265625,0.007156039743553285,8,3,21,60,81,20260920,761,7.237932599964552
phase,S2,6,0.01,3,8,1024,8192,0.517333984375,0.5065075278195739,0.5281441917661371,0.9234619140625,0.2330322265625,0.0616455078125,nan,0.039794921875,nan,0.0858154296875,nan,0.0858154296875,1,0.503173828125,0.5322265625,0.022316414406130514,8,3,21,60,81,20260920,761,7.022453900019173
phase,S2,6,0.01,4,8,1024,8192,0.52783203125,0.5170109257053154,0.5386270465872348,0.911376953125,-0.25927734375,0.04541015625,nan,0.06201171875,nan,0.10009765625,nan,0.10009765625,1,0.5159912109375,0.541015625,0.019593928446014715,8,3,21,60,81,20260920,761,7.006333899975289
phase,S2,6,0.01,5,8,1024,8192,0.5157470703125,0.5049202209280107,0.5265591581322481,1.053955078125,-0.73681640625,0.0394287109375,nan,0.0535888671875,nan,0.120361328125,nan,0.120361328125,1,0.5076904296875,0.5247802734375,0.013116899962216372,8,3,21,60,81,20260920,761,7.040085399989039
phase,S2,6,0.01,6,8,1024,8192,0.5203857421875,0.5095603479900979,0.5311920264522525,1.1925048828125,-1.0648193359375,0.0638427734375,nan,0.0401611328125,nan,0.0919189453125,nan,0.0919189453125,1,0.51123046875,0.529296875,0.013923050481416692,8,3,21,60,81,20260920,761,7.0715170000330545
phase,S2,6,0.02,0,8,1024,8192,0.3719482421875,0.36154426827077524,0.3824722539446407,2.033935546875,2.033935546875,0.0687255859375,0.6280517578125,nan,0.4112548828125,nan,0.4112548828125,nan,1,0.36572265625,0.3779296875,0.009474417925748171,8,3,21,60,81,20260920,761,10.429895200009923
phase,S2,6,0.02,1,8,1024,8192,0.376708984375,0.3662760269598849,0.38725751683188836,1.58447265625,1.369873046875,0.056884765625,nan,0.1072998046875,0.5159912109375,nan,0.5159912109375,nan,1,0.3658447265625,0.3873291015625,0.016611817342228132,8,3,21,60,81,20260920,761,7.151133899984416
phase,S2,6,0.02,2,8,1024,8192,0.3836669921875,0.37319361061151374,0.39424942625339704,1.337158203125,0.8671875,0.06201171875,nan,0.0589599609375,nan,0.176025390625,nan,0.176025390625,1,0.3775634765625,0.39013671875,0.009588765407531194,8,3,21,60,81,20260920,761,7.115768000017852
phase,S2,6,0.02,3,8,1024,8192,0.37744140625,0.3670040856881716,0.387993615269195,1.2554931640625,0.3487548828125,0.0831298828125,nan,0.0601806640625,nan,0.1234130859375,nan,0.1234130859375,1,0.36962890625,0.38708801269531246,0.01398711814675701,8,3,21,60,81,20260920,761,7.247546300000977
phase,S2,6,0.02,4,8,1024,8192,0.3819580078125,0.3714943430506918,0.392532327094501,1.22900390625,-0.359375,0.0592041015625,nan,0.080078125,nan,0.14111328125,nan,0.14111328125,1,0.3681640625,0.39575500488281246,0.021244844083630386,8,3,21,60,81,20260920,761,7.028383400000166
phase,S2,6,0.02,5,8,1024,8192,0.3699951171875,0.35960334760052515,0.38050875550664165,1.406494140625,-0.97216796875,0.05810546875,nan,0.078125,nan,0.155029296875,nan,0.155029296875,1,0.3623046875,0.38000793457031246,0.01386421524830674,8,3,21,60,81,20260920,761,7.129315900034271
phase,S2,6,0.02,6,8,1024,8192,0.3653564453125,0.3549943970178616,0.3758447107072135,1.637451171875,-1.459228515625,0.089111328125,nan,0.0604248046875,nan,0.133544921875,nan,0.133544921875,1,0.3583984375,0.37219543457031246,0.010665021900115937,8,3,21,60,81,20260920,761,7.099344199988991
phase,S2,6,0.03,0,8,1024,8192,0.272705078125,0.2631693336294063,0.2824538926481004,2.498291015625,2.498291015625,0.0867919921875,0.727294921875,nan,0.513671875,nan,0.513671875,nan,1,0.26513671875,0.280517578125,0.011946152078840802,8,3,21,60,81,20260920,761,10.572541699977592
phase,S2,6,0.03,1,8,1024,8192,0.2886962890625,0.2789841411914204,0.2986065165348761,1.8902587890625,1.6578369140625,0.074462890625,nan,0.1162109375,0.5950927734375,nan,0.5950927734375,nan,1,0.2838134765625,0.29358215332031246,0.00767061270972301,8,3,21,60,81,20260920,761,7.288448000035714
phase,S2,6,0.03,2,8,1024,8192,0.2989501953125,0.28913280538656105,0.3089560526580434,1.5838623046875,1.0220947265625,0.07763671875,nan,0.077392578125,nan,0.2034912109375,nan,0.2034912109375,1,0.2911376953125,0.3077392578125,0.012896938346768753,8,3,21,60,81,20260920,761,7.523205400037114
phase,S2,6,0.03,3,8,1024,8192,0.290283203125,0.28055437280583506,0.30020862544591387,1.4449462890625,0.3472900390625,0.0904541015625,nan,0.0745849609375,nan,0.15966796875,nan,0.15966796875,1,0.28076171875,0.3009033203125,0.01540326413469136,8,3,21,60,81,20260920,761,7.107369299978018
phase,S2,6,0.03,4,8,1024,8192,0.298095703125,0.2882868544918107,0.30809382019293474,1.4293212890625,-0.4185791015625,0.0738525390625,nan,0.09033203125,nan,0.1640625,nan,0.1640625,1,0.29150390625,0.30419921875,0.009873152437571526,8,3,21,60,81,20260920,761,7.214638500008732
phase,S2,6,0.03,5,8,1024,8192,0.2861328125,0.2764479227317536,0.29601818491496595,1.6500244140625,-1.1339111328125,0.072509765625,nan,0.09228515625,nan,0.182373046875,nan,0.182373046875,1,0.280517578125,0.2913818359375,0.00833558551690271,8,3,21,60,81,20260920,761,7.115647800033912
phase,S2,6,0.03,6,8,1024,8192,0.283447265625,0.27379134499888086,0.29330618637399614,1.9293212890625,-1.7388916015625,0.09521484375,nan,0.075439453125,nan,0.162109375,nan,0.162109375,1,0.280029296875,0.286865234375,0.00531691936388379,8,3,21,60,81,20260920,761,7.106317900004797
phase,S2,6,0.05,0,8,1024,8192,0.1826171875,0.1744002228148338,0.19113167209468146,2.9791259765625,2.9791259765625,0.1038818359375,0.8173828125,nan,0.6361083984375,nan,0.6361083984375,nan,1,0.1705322265625,0.1943359375,0.018232488005250604,8,3,21,60,81,20260920,761,10.529448000015691
phase,S2,6,0.05,1,8,1024,8192,0.2012939453125,0.19275201416033624,0.21011588847181137,2.2607421875,2.016845703125,0.093505859375,nan,0.1219482421875,0.6767578125,nan,0.6767578125,nan,1,0.193115234375,0.2099609375,0.01310650930807573,8,3,21,60,81,20260920,761,7.176629199995659
phase,S2,6,0.05,2,8,1024,8192,0.200927734375,0.1923918832931486,0.20974394075620234,1.9029541015625,1.2545166015625,0.098388671875,nan,0.09765625,nan,0.2265625,nan,0.2265625,1,0.196044921875,0.205810546875,0.0074510045721130486,8,3,21,60,81,20260920,761,7.155817500024568
phase,S2,6,0.05,3,8,1024,8192,0.2071533203125,0.19851562272251816,0.21606553723437688,1.681396484375,0.42236328125,0.10400390625,nan,0.0924072265625,nan,0.195068359375,nan,0.195068359375,1,0.2010498046875,0.213623046875,0.009715797827544144,8,3,21,60,81,20260920,761,7.215207100030966
phase,S2,6,0.05,4,8,1024,8192,0.2088623046875,0.20019720461741194,0.2178003220592011,1.6837158203125,-0.4371337890625,0.0963134765625,nan,0.10205078125,nan,0.197265625,nan,0.197265625,1,0.20068359375,0.2178955078125,0.013424880479999589,8,3,21,60,81,20260920,761,7.111578800017014
phase,S2,6,0.05,5,8,1024,8192,0.2017822265625,0.19323220614604836,0.21061180126316154,1.8978271484375,-1.3060302734375,0.0904541015625,nan,0.10009765625,nan,0.200927734375,nan,0.200927734375,1,0.1947021484375,0.2086181640625,0.0108235240024404,8,3,21,60,81,20260920,761,7.233107100008056
phase,S2,6,0.05,6,8,1024,8192,0.184814453125,0.17655763022512824,0.19336673618116731,2.365234375,-2.146728515625,0.1092529296875,nan,0.1019287109375,nan,0.208984375,nan,0.208984375,1,0.178466796875,0.1910400390625,0.00967803915004995,8,3,21,60,81,20260920,761,7.107604999968316
