counter,scenario,L,p,m,pairs_per_m,shots,n_trials,p_correct,wilson_lo,wilson_hi,mae,bias,p_out_of_range,fn_t0,fp_t0,fn_t1,fp_t1,fn_tq,fp_tq,t_quarter,boot_lo,boot_hi,pair_sd,pairs_used,k,num_qubits,depth,cx,seed_pairs,seed_sim,elapsed_s
adder,S1,2,0.0,0,8,1024,8192,1.0,0.9995312917117791,1.0,0.0,0.0,0.0,0.0,nan,0.0,nan,0.0,nan,0,1.0,1.0,0.0,8,2,8,33,27,20260920,761,0.09610999992582947
adder,S1,2,0.0,1,8,1024,8192,1.0,0.9995312917117791,1.0,0.0,0.0,0.0,nan,0.0,0.0,nan,nan,0.0,0,1.0,1.0,0.0,8,2,8,33,27,20260920,761,0.10814810008741915
adder,S1,2,0.0,2,8,1024,8192,1.0,0.9995312917117791,1.0,0.0,0.0,0.0,nan,0.0,nan,0.0,nan,0.0,0,1.0,1.0,0.0,8,2,8,33,27,20260920,761,0.1087480999995023
adder,S1,2,0.001,0,8,1024,8192,0.9859619140625,0.9831769378831388,0.9882913414880996,0.0194091796875,0.0194091796875,0.001708984375,0.0140380859375,nan,0.003662109375,nan,0.0140380859375,nan,0,0.9835205078125,0.9886474609375,0.0039732500445132934,8,2,8,33,27,20260920,761,1.2776703999843448
adder,S1,2,0.001,1,8,1024,8192,0.9854736328125,0.9826457986554968,0.9878463759386793,0.01611328125,0.0029296875,0.0015869140625,nan,0.006591796875,0.0079345703125,nan,nan,0.006591796875,0,0.98291015625,0.9881591796875,0.004091502197559124,8,2,8,33,27,20260920,761,1.3700577999697998
adder,S1,2,0.001,2,8,1024,8192,0.9866943359375,0.9839751276928465,0.9889573088439852,0.01611328125,-0.01123046875,0.00244140625,nan,0.0028076171875,nan,0.0108642578125,nan,0.0028076171875,0,0.9840087890625,0.989501953125,0.0042064313317867665,8,2,8,33,27,20260920,761,1.4189028999535367
adder,S1,2,0.003,0,8,1024,8192,0.9586181640625,0.9540858486340011,0.9627205632217493,0.06103515625,0.06103515625,0.0067138671875,0.0413818359375,nan,0.012939453125,nan,0.0413818359375,nan,0,0.955322265625,0.96240234375,0.005644726752206266,8,2,8,33,27,20260920,761,1.4497388999443501
adder,S1,2,0.003,1,8,1024,8192,0.959716796875,0.9552390579961473,0.9637635896079934,0.046630859375,0.01318359375,0.00634765625,nan,0.0167236328125,0.0235595703125,nan,nan,0.0167236328125,0,0.9552001953125,0.96435546875,0.0071333958771174575,8,2,8,33,27,20260920,761,1.3701589000411332
adder,S1,2,0.003,2,8,1024,8192,0.9637451171875,0.9594750862670762,0.9675804257478282,0.043701171875,-0.033203125,0.0052490234375,nan,0.0074462890625,nan,0.031005859375,nan,0.0074462890625,0,0.96044921875,0.9674072265625,0.005410581811041251,8,2,8,33,27,20260920,761,1.3408390999538824
adder,S1,2,0.005,0,8,1024,8192,0.9359130859375,0.9304026633999634,0.9410148763223909,0.09423828125,0.09423828125,0.0106201171875,0.0640869140625,nan,0.01953125,nan,0.0640869140625,nan,0,0.9317626953125,0.9404296875,0.0067645648262835605,8,2,8,33,27,20260920,761,1.5350213999627158
adder,S1,2,0.005,1,8,1024,8192,0.9356689453125,0.9301492517044774,0.9407802356293458,0.0706787109375,0.0106201171875,0.00634765625,nan,0.030029296875,0.0343017578125,nan,nan,0.030029296875,0,0.931640625,0.93994140625,0.006423662824516676,8,2,8,33,27,20260920,761,1.3920585999730974
adder,S1,2,0.005,2,8,1024,8192,0.9393310546875,0.9339527816657825,0.9442974914960077,0.0706787109375,-0.0479736328125,0.0113525390625,nan,0.010009765625,nan,0.04931640625,nan,0.010009765625,0,0.93408203125,0.9442138671875,0.007975379045825685,8,2,8,33,27,20260920,761,1.4862322999397293
adder,S1,2,0.01,0,8,1024,8192,0.87744140625,0.8701627189573929,0.8843662737117527,0.1763916015625,0.1763916015625,0.0179443359375,0.12255859375,nan,0.035888671875,nan,0.12255859375,nan,0,0.869873046875,0.88720703125,0.01331853681346275,8,2,8,33,27,20260920,761,1.6260040000779554
adder,S1,2,0.01,1,8,1024,8192,0.8792724609375,0.8720387653979653,0.8861506201851639,0.1380615234375,0.0323486328125,0.017333984375,nan,0.0528564453125,0.06787109375,nan,nan,0.0528564453125,0,0.872314453125,0.88623046875,0.010810929352062541,8,2,8,33,27,20260920,761,1.3455160000594333
adder,S1,2,0.01,2,8,1024,8192,0.879638671875,0.8724140372334477,0.8865074269324782,0.13916015625,-0.09912109375,0.02001953125,nan,0.018798828125,nan,0.100341796875,nan,0.018798828125,0,0.8719482421875,0.88623046875,0.01095877932404693,8,2,8,33,27,20260920,761,1.3922537000617012
adder,S1,2,0.02,0,8,1024,8192,0.77001953125,0.7607814774680353,0.7790044642474079,0.32958984375,0.32958984375,0.0303955078125,0.22998046875,nan,0.0692138671875,nan,0.22998046875,nan,0,0.7626953125,0.779052734375,0.012689945637574584,8,2,8,33,27,20260920,761,1.5016731000505388
adder,S1,2,0.02,1,8,1024,8192,0.778076171875,0.7689485826271796,0.7869430879097914,0.2581787109375,0.0675048828125,0.0362548828125,nan,0.0953369140625,0.1265869140625,nan,nan,0.0953369140625,0,0.76904296875,0.7884521484375,0.014945372153986315,8,2,8,33,27,20260920,761,1.3534825999522582
adder,S1,2,0.02,2,8,1024,8192,0.77734375,0.7682059191510201,0.7862215942203573,0.263916015625,-0.193359375,0.0352783203125,nan,0.041259765625,nan,0.1873779296875,nan,0.041259765625,0,0.7708740234375,0.7833282470703125,0.00966747552403483,8,2,8,33,27,20260920,761,1.3987649999326095
adder,S1,2,0.03,0,8,1024,8192,0.6881103515625,0.6779922591211933,0.6980521062420517,0.4664306640625,0.4664306640625,0.0484619140625,0.3118896484375,nan,0.1060791015625,nan,0.3118896484375,nan,0,0.6767578125,0.699462890625,0.017823937742621074,8,2,8,33,27,20260920,761,1.447576400008984
adder,S1,2,0.03,1,8,1024,8192,0.6939697265625,0.683901309775034,0.7038563129129584,0.3619384765625,0.1016845703125,0.055908203125,nan,0.130126953125,0.1759033203125,nan,nan,0.130126953125,0,0.68603515625,0.701904296875,0.012185388179485777,8,2,8,33,27,20260920,761,1.3558648999314755
adder,S1,2,0.03,2,8,1024,8192,0.6923828125,0.6823007557838099,0.7022845263787301,0.3687744140625,-0.2601318359375,0.0543212890625,nan,0.0611572265625,nan,0.2532958984375,nan,0.0611572265625,0,0.6878662109375,0.6968994140625,0.006905339660024878,8,2,8,33,27,20260920,761,1.4098091999767348
adder,S1,2,0.05,0,8,1024,8192,0.558837890625,0.5480606517722354,0.5695599738637699,0.691162109375,0.691162109375,0.0767822265625,0.441162109375,nan,0.1732177734375,nan,0.441162109375,nan,0,0.547607421875,0.5699462890625,0.01730276324052125,8,2,8,33,27,20260920,761,1.4674257000442594
adder,S1,2,0.05,1,8,1024,8192,0.5703125,0.5595622245175641,0.5809968633794048,0.5089111328125,0.1444091796875,0.0792236328125,nan,0.1822509765625,0.2474365234375,nan,nan,0.1822509765625,0,0.56396484375,0.5782470703125,0.011073177920192204,8,2,8,33,27,20260920,761,1.3542648000875488
adder,S1,2,0.05,2,8,1024,8192,0.562255859375,0.5514860413969075,0.5729673176785338,0.5384521484375,-0.3673095703125,0.0855712890625,nan,0.1007080078125,nan,0.3521728515625,nan,0.1007080078125,0,0.5533447265625,0.5736083984375,0.01580489010731832,8,2,8,33,27,20260920,761,1.411750299972482
adder,S1,4,0.0,0,8,1024,8192,1.0,0.9995312917117791,1.0,0.0,0.0,0.0,0.0,nan,0.0,nan,0.0,nan,1,1.0,1.0,0.0,8,3,16,96,105,20260920,761,0.2241300999885425
adder,S1,4,0.0,1,8,1024,8192,1.0,0.9995312917117791,1.0,0.0,0.0,0.0,nan,0.0,0.0,nan,0.0,nan,1,1.0,1.0,0.0,8,3,16,96,105,20260920,761,0.20145760010927916
adder,S1,4,0.0,2,8,1024,8192,1.0,0.9995312917117791,1.0,0.0,0.0,0.0,nan,0.0,nan,0.0,nan,0.0,1,1.0,1.0,0.0,8,3,16,96,105,20260920,761,0.2548929000040516
adder,S1,4,0.0,3,8,1024,8192,1.0,0.9995312917117791,1.0,0.0,0.0,0.0,nan,0.0,nan,0.0,nan,0.0,1,1.0,1.0,0.0,8,3,16,96,105,20260920,761,0.20146419992670417
adder,S1,4,0.0,4,8,1024,8192,1.0,0.9995312917117791,1.0,0.0,0.0,0.0,nan,0.0,nan,0.0,nan,0.0,1,1.0,1.0,0.0,8,3,16,96,105,20260920,761,0.22032999992370605
adder,S1,4,0.001,0,8,1024,8192,0.9437255859375,0.9385240893651126,0.9485111267902382,0.1171875,0.1171875,0.0045166015625,0.0562744140625,nan,0.0286865234375,nan,0.0286865234375,nan,1,0.9384765625,0.949951171875,0.008842186610041956,8,3,16,96,105,20260920,761,8.230675700004213
adder,S1,4,0.001,1,8,1024,8192,0.9405517578125,0.9352217860067675,0.9454687490976783,0.097900390625,0.0634765625,0.0068359375,nan,0.0172119140625,0.042236328125,nan,0.042236328125,nan,1,0.936767578125,0.944091796875,0.005680814877396306,8,3,16,96,105,20260920,761,7.565454900031909
adder,S1,4,0.001,2,8,1024,8192,0.9412841796875,0.9359834794666093,0.9461712128034301,0.0902099609375,0.0313720703125,0.00634765625,nan,0.0069580078125,nan,0.0224609375,nan,0.0224609375,1,0.935302734375,0.947509765625,0.009460027307340196,8,3,16,96,105,20260920,761,7.7590084000257775
adder,S1,4,0.001,3,8,1024,8192,0.9437255859375,0.9385240893651126,0.9485111267902382,0.0902099609375,-0.0059814453125,0.01220703125,nan,0.002197265625,nan,0.010986328125,nan,0.010986328125,1,0.9412841796875,0.9459228515625,0.0035379337759251558,8,3,16,96,105,20260920,761,7.892231700010598
adder,S1,4,0.001,4,8,1024,8192,0.9439697265625,0.9387782923092246,0.9487449762346573,0.0908203125,-0.0615234375,0.0106201171875,nan,0.003173828125,nan,0.0076904296875,nan,0.0076904296875,1,0.9359130859375,0.9498291015625,0.01102308150424647,8,3,16,96,105,20260920,761,7.544974600081332
adder,S1,4,0.003,0,8,1024,8192,0.8460693359375,0.8380924640208239,0.8537217967220699,0.300537109375,0.300537109375,0.01123046875,0.1539306640625,nan,0.069580078125,nan,0.069580078125,nan,1,0.831298828125,0.861328125,0.023553109006536996,8,3,16,96,105,20260920,761,8.032008600072004
adder,S1,4,0.003,1,8,1024,8192,0.8392333984375,0.8311205467655653,0.8470282470984567,0.2861328125,0.19384765625,0.022216796875,nan,0.046142578125,0.1146240234375,nan,0.1146240234375,nan,1,0.83056640625,0.8477783203125,0.01327691528362635,8,3,16,96,105,20260920,761,7.574299299973063
adder,S1,4,0.003,2,8,1024,8192,0.845947265625,0.8379679192086702,0.8536023153399581,0.235595703125,0.07958984375,0.0147705078125,nan,0.02001953125,nan,0.0579833984375,nan,0.0579833984375,1,0.839599609375,0.8526611328125,0.009928194828869388,8,3,16,96,105,20260920,761,6.636188999982551
adder,S1,4,0.003,3,8,1024,8192,0.8502197265625,0.8423280186039321,0.8577831327439913,0.2352294921875,-0.0396728515625,0.0260009765625,nan,0.008544921875,nan,0.0311279296875,nan,0.0311279296875,1,0.8389892578125,0.8594970703125,0.016037535881645415,8,3,16,96,105,20260920,761,4.884611899964511
adder,S1,4,0.003,4,8,1024,8192,0.8365478515625,0.8283829891279154,0.844397228462264,0.2752685546875,-0.1666259765625,0.038330078125,nan,0.0125732421875,nan,0.02587890625,nan,0.02587890625,1,0.8204345703125,0.853515625,0.025715520390130125,8,3,16,96,105,20260920,761,4.865305399987847
adder,S1,4,0.005,0,8,1024,8192,0.76123046875,0.751877276333333,0.770338779394989,0.4705810546875,0.4705810546875,0.0157470703125,0.23876953125,nan,0.11083984375,nan,0.11083984375,nan,1,0.7496337890625,0.7708740234375,0.016490403856905363,8,3,16,96,105,20260920,761,4.928045600070618
adder,S1,4,0.005,1,8,1024,8192,0.7540283203125,0.7445848076376824,0.7632337026289708,0.443359375,0.308837890625,0.03173828125,nan,0.0672607421875,0.1787109375,nan,0.1787109375,nan,1,0.74267578125,0.76611328125,0.018220808747114542,8,3,16,96,105,20260920,761,4.723313300055452
adder,S1,4,0.005,2,8,1024,8192,0.759033203125,0.749652076673429,0.7681715075581127,0.3807373046875,0.1295166015625,0.028564453125,nan,0.0321044921875,nan,0.093505859375,nan,0.093505859375,1,0.74951171875,0.76904296875,0.014999967302559229,8,3,16,96,105,20260920,761,4.70221669995226
adder,S1,4,0.005,3,8,1024,8192,0.7615966796875,0.7522481756189932,0.7706999586921257,0.3798828125,-0.0361328125,0.0462646484375,nan,0.0118408203125,nan,0.0447998046875,nan,0.0447998046875,1,0.7503662109375,0.77099609375,0.016134932862593477,8,3,16,96,105,20260920,761,4.840462299995124
adder,S1,4,0.005,4,8,1024,8192,0.7589111328125,0.7495284642869898,0.7680510937502864,0.40478515625,-0.24658203125,0.054443359375,nan,0.013671875,nan,0.0377197265625,nan,0.0377197265625,1,0.743896484375,0.774658203125,0.024172563945150872,8,3,16,96,105,20260920,761,4.78650349995587
adder,S1,4,0.01,0,8,1024,8192,0.5938720703125,0.5831956323405483,0.6044605110496759,0.875732421875,0.875732421875,0.0374755859375,0.4061279296875,nan,0.2135009765625,nan,0.2135009765625,nan,1,0.5820281982421875,0.60595703125,0.01833262248126729,8,3,16,96,105,20260920,761,4.815915300045162
adder,S1,4,0.01,1,8,1024,8192,0.584228515625,0.5735188258496777,0.5948592481935664,0.768798828125,0.561767578125,0.057373046875,nan,0.103515625,0.312255859375,nan,0.312255859375,nan,1,0.56689453125,0.6014404296875,0.026548699392215953,8,3,16,96,105,20260920,761,4.718559400062077
adder,S1,4,0.01,2,8,1024,8192,0.588134765625,0.5774380361072556,0.5987488761524867,0.6873779296875,0.2525634765625,0.060546875,nan,0.05712890625,nan,0.1602783203125,nan,0.1602783203125,1,0.5753143310546875,0.600341796875,0.01968238123914443,8,3,16,96,105,20260920,761,4.862929400056601
adder,S1,4,0.01,3,8,1024,8192,0.60009765625,0.5894449378681708,0.6106565414295975,0.64990234375,-0.1259765625,0.0736083984375,nan,0.0299072265625,nan,0.09423828125,nan,0.09423828125,1,0.5823974609375,0.6175537109375,0.026942204697708284,8,3,16,96,105,20260920,761,4.712691599968821
adder,S1,4,0.01,4,8,1024,8192,0.56103515625,0.550262628610628,0.5717504685221575,0.7835693359375,-0.4654541015625,0.1014404296875,nan,0.032958984375,nan,0.0748291015625,nan,0.0748291015625,1,0.5501708984375,0.5723876953125,0.017050936259216037,8,3,16,96,105,20260920,761,4.90925160003826
adder,S1,4,0.02,0,8,1024,8192,0.3714599609375,0.36105902094530223,0.38198139649305146,1.5673828125,1.5673828125,0.0911865234375,0.6285400390625,nan,0.3834228515625,nan,0.3834228515625,nan,1,0.3590087890625,0.3839111328125,0.019690599262456754,8,3,16,96,105,20260920,761,4.919282300048508
adder,S1,4,0.02,1,8,1024,8192,0.36474609375,0.3543880335833224,0.37523094317042494,1.322265625,1.03369140625,0.1173095703125,nan,0.144287109375,0.490966796875,nan,0.490966796875,nan,1,0.3489990234375,0.383056640625,0.02640591154421727,8,3,16,96,105,20260920,761,4.9063531999709085
adder,S1,4,0.02,2,8,1024,8192,0.3865966796875,0.376106960195628,0.39719270533165646,1.1142578125,0.479736328125,0.119384765625,nan,0.092041015625,nan,0.2252197265625,nan,0.2252197265625,1,0.37548828125,0.3992919921875,0.018917804236484544,8,3,16,96,105,20260920,761,4.692559299990535
adder,S1,4,0.02,3,8,1024,8192,0.39599609375,0.3854566629909074,0.406633019494826,1.058349609375,-0.118896484375,0.135498046875,nan,0.0587158203125,nan,0.1556396484375,nan,0.1556396484375,1,0.3759765625,0.41528625488281246,0.029551534570170953,8,3,16,96,105,20260920,761,4.7484564000042155
adder,S1,4,0.02,4,8,1024,8192,0.3507080078125,0.340446701948413,0.3611092624647936,1.2210693359375,-0.7242431640625,0.1522216796875,nan,0.0616455078125,nan,0.13525390625,nan,0.13525390625,1,0.33349609375,0.367431640625,0.02652142337894275,8,3,16,96,105,20260920,761,4.96445109997876
adder,S1,4,0.03,0,8,1024,8192,0.28076171875,0.2711351934629745,0.29059376163605993,1.946533203125,1.946533203125,0.12548828125,0.71923828125,nan,0.4827880859375,nan,0.4827880859375,nan,1,0.267822265625,0.2950439453125,0.020834059929665697,8,3,16,96,105,20260920,761,4.821666300063953
adder,S1,4,0.03,1,8,1024,8192,0.2630615234375,0.2536396777429444,0.27270547918758226,1.596435546875,1.281005859375,0.14697265625,nan,0.15771484375,0.5792236328125,nan,0.5792236328125,nan,1,0.250732421875,0.275634765625,0.019221437202115912,8,3,16,96,105,20260920,761,4.904624400078319
adder,S1,4,0.03,2,8,1024,8192,0.30078125,0.29094569579026075,0.31080355516832725,1.3074951171875,0.5675048828125,0.1444091796875,nan,0.1126708984375,nan,0.25732421875,nan,0.25732421875,1,0.2882080078125,0.31494140625,0.020762003540497363,8,3,16,96,105,20260920,761,4.867590900044888
adder,S1,4,0.03,3,8,1024,8192,0.2896728515625,0.27995042029181405,0.299592446988607,1.3201904296875,-0.0936279296875,0.1778564453125,nan,0.082275390625,nan,0.1988525390625,nan,0.1988525390625,1,0.280029296875,0.3006591796875,0.015866725863666477,8,3,16,96,105,20260920,761,4.815394799923524
adder,S1,4,0.03,4,8,1024,8192,0.2381591796875,0.2290592603172991,0.247504552983051,1.5028076171875,-0.8333740234375,0.197509765625,nan,0.0748291015625,nan,0.1773681640625,nan,0.1773681640625,1,0.2205780029296875,0.2568359375,0.02829594809011652,8,3,16,96,105,20260920,761,4.740776399965398
adder,S1,4,0.05,0,8,1024,8192,0.1817626953125,0.17356135295155367,0.1902623585981026,2.600341796875,2.600341796875,0.208251953125,0.8182373046875,nan,0.6353759765625,nan,0.6353759765625,nan,1,0.1702880859375,0.1920166015625,0.016918082167060953,8,3,16,96,105,20260920,761,4.792842600028962
adder,S1,4,0.05,1,8,1024,8192,0.17626953125,0.16817027839455725,0.1846722544131483,2.0450439453125,1.7547607421875,0.2203369140625,nan,0.1451416015625,0.6785888671875,nan,0.6785888671875,nan,1,0.1689453125,0.18603515625,0.013400121262902477,8,3,16,96,105,20260920,761,4.7529656999977306
adder,S1,4,0.05,2,8,1024,8192,0.2042236328125,0.1956334641900332,0.21309106710448816,1.673095703125,0.8720703125,0.22509765625,nan,0.1282958984375,nan,0.272216796875,nan,0.272216796875,1,0.1956787109375,0.213134765625,0.013323011376603763,8,3,16,96,105,20260920,761,4.855664600036107
adder,S1,4,0.05,3,8,1024,8192,0.2119140625,0.20320061293662453,0.22089756859662776,1.5712890625,-0.0166015625,0.23095703125,nan,0.1121826171875,nan,0.24169921875,nan,0.24169921875,1,0.1986083984375,0.224853515625,0.020656745556785268,8,3,16,96,105,20260920,761,4.812624600017443
adder,S1,4,0.05,4,8,1024,8192,0.15087890625,0.14329173018747338,0.1587933542129934,1.8099365234375,-0.8465576171875,0.2606201171875,nan,0.107421875,nan,0.2269287109375,nan,0.2269287109375,1,0.1468505859375,0.1552734375,0.006540573755430269,8,3,16,96,105,20260920,761,4.803150700055994
adder,S1,6,0.0,0,8,1024,8192,1.0,0.9995312917117791,1.0,0.0,0.0,0.0,0.0,nan,0.0,nan,0.0,nan,1,1.0,1.0,0.0,8,3,22,189,206,20260920,761,0.154328600037843
adder,S1,6,0.0,1,8,1024,8192,1.0,0.9995312917117791,1.0,0.0,0.0,0.0,nan,0.0,0.0,nan,0.0,nan,1,1.0,1.0,0.0,8,3,22,189,206,20260920,761,0.18877460004296154
adder,S1,6,0.0,2,8,1024,8192,1.0,0.9995312917117791,1.0,0.0,0.0,0.0,nan,0.0,nan,0.0,nan,0.0,1,1.0,1.0,0.0,8,3,22,189,206,20260920,761,0.18414649995975196
adder,S1,6,0.0,3,8,1024,8192,1.0,0.9995312917117791,1.0,0.0,0.0,0.0,nan,0.0,nan,0.0,nan,0.0,1,1.0,1.0,0.0,8,3,22,189,206,20260920,761,0.18604319996666163
adder,S1,6,0.0,4,8,1024,8192,1.0,0.9995312917117791,1.0,0.0,0.0,0.0,nan,0.0,nan,0.0,nan,0.0,1,1.0,1.0,0.0,8,3,22,189,206,20260920,761,0.17944370000623167
adder,S1,6,0.0,5,8,1024,8192,1.0,0.9995312917117791,1.0,0.0,0.0,0.0,nan,0.0,nan,0.0,nan,0.0,1,1.0,1.0,0.0,8,3,22,189,206,20260920,761,0.1793539000209421
adder,S1,6,0.0,6,8,1024,8192,1.0,0.9995312917117791,1.0,0.0,0.0,0.0,nan,0.0,nan,0.0,nan,0.0,1,1.0,1.0,0.0,8,3,22,189,206,20260920,761,0.1789186999667436
adder,S1,6,0.001,0,8,1024,8192,0.8779296875,0.8706629473517237,0.8848421500944844,0.285400390625,0.285400390625,0.002197265625,0.1220703125,nan,0.062255859375,nan,0.062255859375,nan,1,0.8697509765625,0.885498046875,0.01208504901099761,8,3,22,189,206,20260920,761,14.526307000080124
adder,S1,6,0.001,1,8,1024,8192,0.87939453125,0.8721638536771019,0.8862695581002928,0.2510986328125,0.2010498046875,0.0107421875,nan,0.0250244140625,0.0955810546875,nan,0.0955810546875,nan,1,0.87060546875,0.886962890625,0.012722112851761159,8,3,22,189,206,20260920,761,14.0804410999408
adder,S1,6,0.001,2,8,1024,8192,0.8863525390625,0.8792978374855236,0.8930450673650088,0.2012939453125,0.1068115234375,0.00341796875,nan,0.01220703125,nan,0.0350341796875,nan,0.0350341796875,1,0.88037109375,0.892578125,0.009595866882607579,8,3,22,189,206,20260920,761,13.971986099961214
adder,S1,6,0.001,3,8,1024,8192,0.88232421875,0.8751666790028908,0.8891233614368778,0.197998046875,0.056884765625,0.014404296875,nan,0.003173828125,nan,0.015625,nan,0.015625,1,0.8736572265625,0.8895263671875,0.012495203460308637,8,3,22,189,206,20260920,761,14.021225900040008
adder,S1,6,0.001,4,8,1024,8192,0.889404296875,0.8824293228513781,0.8960142368557936,0.1822509765625,-0.0406494140625,0.00537109375,nan,0.00927734375,nan,0.0111083984375,nan,0.0111083984375,1,0.8809814453125,0.9000244140625,0.015072453220586706,8,3,22,189,206,20260920,761,13.850119299953803
adder,S1,6,0.001,5,8,1024,8192,0.8863525390625,0.8792978374855236,0.8930450673650088,0.1796875,-0.084716796875,0.0157470703125,nan,0.001953125,nan,0.009521484375,nan,0.009521484375,1,0.8829345703125,0.8895263671875,0.005270271763897193,8,3,22,189,206,20260920,761,13.69401790003758
adder,S1,6,0.001,6,8,1024,8192,0.8837890625,0.8766686088749416,0.8905497458960139,0.217041015625,-0.163330078125,0.02685546875,nan,0.0064697265625,nan,0.0086669921875,nan,0.0086669921875,1,0.876953125,0.88916015625,0.009482503051320552,8,3,22,189,206,20260920,761,13.45484729995951
adder,S1,6,0.003,0,8,1024,8192,0.6878662109375,0.6777460894153691,0.6978102235593449,0.7841796875,0.7841796875,0.0096435546875,0.3121337890625,nan,0.1695556640625,nan,0.1695556640625,nan,1,0.6806640625,0.69287109375,0.009917039068159132,8,3,22,189,206,20260920,761,14.251053499989212
adder,S1,6,0.003,1,8,1024,8192,0.6942138671875,0.6841475611889569,0.7040981138875666,0.6572265625,0.52392578125,0.024169921875,nan,0.066650390625,0.2391357421875,nan,0.2391357421875,nan,1,0.6864013671875,0.701171875,0.011548209177630518,8,3,22,189,206,20260920,761,14.175455300020985
adder,S1,6,0.003,2,8,1024,8192,0.7108154296875,0.7009005113194051,0.7205327261772361,0.5478515625,0.33642578125,0.01513671875,nan,0.0262451171875,nan,0.0794677734375,nan,0.0794677734375,1,0.6971435546875,0.7286376953125,0.025036363041714246,8,3,22,189,206,20260920,761,13.840901999967173
adder,S1,6,0.003,3,8,1024,8192,0.6966552734375,0.6866102569995979,0.706515941962237,0.527587890625,0.156982421875,0.0361328125,nan,0.0113525390625,nan,0.0428466796875,nan,0.0428466796875,1,0.6857879638671875,0.7093536376953125,0.018454835145472907,8,3,22,189,206,20260920,761,13.813822700059973
adder,S1,6,0.003,4,8,1024,8192,0.7100830078125,0.7001610790400459,0.719808001291002,0.4814453125,-0.09228515625,0.01806640625,nan,0.0233154296875,nan,0.03173828125,nan,0.03173828125,1,0.7047119140625,0.7156982421875,0.008600049372940026,8,3,22,189,206,20260920,761,13.79276369989384
adder,S1,6,0.003,5,8,1024,8192,0.702880859375,0.6928916388746531,0.712679895994726,0.501708984375,-0.279541015625,0.0360107421875,nan,0.00830078125,nan,0.0316162109375,nan,0.0316162109375,1,0.6900604248046875,0.7188720703125,0.022407800596843292,8,3,22,189,206,20260920,761,14.286828799988143
adder,S1,6,0.003,6,8,1024,8192,0.710693359375,0.7007772704459284,0.7204119408564472,0.5838623046875,-0.4783935546875,0.052734375,nan,0.018310546875,nan,0.0274658203125,nan,0.0274658203125,1,0.700927734375,0.71923828125,0.0141973898563033,8,3,22,189,206,20260920,761,13.605491299997084
adder,S1,6,0.005,0,8,1024,8192,0.5440673828125,0.5332639965925295,0.5548294595373416,1.216064453125,1.216064453125,0.018798828125,0.4559326171875,nan,0.2685546875,nan,0.2685546875,nan,1,0.530029296875,0.5565185546875,0.020293694478850682,8,3,22,189,206,20260920,761,15.893778700032271
adder,S1,6,0.005,1,8,1024,8192,0.5501708984375,0.5393771540255141,0.5609176118176356,0.9891357421875,0.8126220703125,0.0338134765625,nan,0.0882568359375,0.361572265625,nan,0.361572265625,nan,1,0.542724609375,0.5574951171875,0.011530499453455413,8,3,22,189,206,20260920,761,13.817345899995416
adder,S1,6,0.005,2,8,1024,8192,0.5673828125,0.5566250967600944,0.5780773624745007,0.845703125,0.51318359375,0.0260009765625,nan,0.046630859375,nan,0.11962890625,nan,0.11962890625,1,0.552734375,0.580810546875,0.021698908588419174,8,3,22,189,206,20260920,761,14.367492599994875
adder,S1,6,0.005,3,8,1024,8192,0.5579833984375,0.5472043850865088,0.5687080571896374,0.7789306640625,0.2091064453125,0.0474853515625,nan,0.021728515625,nan,0.072021484375,nan,0.072021484375,1,0.541259765625,0.57568359375,0.026779582820480843,8,3,22,189,206,20260920,761,15.853670099982992
adder,S1,6,0.005,4,8,1024,8192,0.5799560546875,0.5692329790521751,0.5906041781917739,0.7232666015625,-0.1517333984375,0.0296630859375,nan,0.035400390625,nan,0.0537109375,nan,0.0537109375,1,0.567626953125,0.592041015625,0.018968148717330456,8,3,22,189,206,20260920,761,14.905240599997342
adder,S1,6,0.005,5,8,1024,8192,0.571044921875,0.5602965662258511,0.5817266788367111,0.748046875,-0.404541015625,0.0556640625,nan,0.013427734375,nan,0.0478515625,nan,0.0478515625,1,0.556640625,0.585693359375,0.02267974987765769,8,3,22,189,206,20260920,761,15.113529599970207
adder,S1,6,0.005,6,8,1024,8192,0.5640869140625,0.5533212843821441,0.5747924676072808,0.9212646484375,-0.7733154296875,0.073974609375,nan,0.02880859375,nan,0.046630859375,nan,0.046630859375,1,0.553466796875,0.574462890625,0.0161728850602767,8,3,22,189,206,20260920,761,14.376808100030757
adder,S1,6,0.01,0,8,1024,8192,0.3292236328125,0.3191295037004199,0.33947785052204615,2.0255126953125,2.0255126953125,0.0413818359375,0.6707763671875,nan,0.4608154296875,nan,0.4608154296875,nan,1,0.3172607421875,0.34021301269531246,0.018010232560066397,8,3,22,189,206,20260920,761,14.057133900001645
adder,S1,6,0.01,1,8,1024,8192,0.3306884765625,0.32058219761567824,0.34095347093797473,1.6217041015625,1.3853759765625,0.0599365234375,nan,0.1181640625,0.5511474609375,nan,0.5511474609375,nan,1,0.323486328125,0.3382568359375,0.011291715995534699,8,3,22,189,206,20260920,761,15.479004799970426
adder,S1,6,0.01,2,8,1024,8192,0.3544921875,0.3442038450614914,0.3649169313739479,1.3641357421875,0.8853759765625,0.049072265625,nan,0.068603515625,nan,0.1707763671875,nan,0.1707763671875,1,0.349365234375,0.359130859375,0.007546388580523728,8,3,22,189,206,20260920,761,15.58780699991621
adder,S1,6,0.01,3,8,1024,8192,0.35107421875,0.3408102653706624,0.36147777762534095,1.226806640625,0.33203125,0.070068359375,nan,0.0462646484375,nan,0.1221923828125,nan,0.1221923828125,1,0.3408203125,0.3616943359375,0.01628255078177057,8,3,22,189,206,20260920,761,13.900562499999069
adder,S1,6,0.01,4,8,1024,8192,0.385009765625,0.37452884581837215,0.39559847918346,1.1326904296875,-0.2105712890625,0.058837890625,nan,0.048828125,nan,0.091552734375,nan,0.091552734375,1,0.3775634765625,0.3924560546875,0.01155189528617906,8,3,22,189,206,20260920,761,13.823513599927537
adder,S1,6,0.01,5,8,1024,8192,0.3560791015625,0.34577963211558616,0.36651348484530555,1.2603759765625,-0.7242431640625,0.0882568359375,nan,0.0352783203125,nan,0.093994140625,nan,0.093994140625,1,0.3416748046875,0.370361328125,0.022335865256802107,8,3,22,189,206,20260920,761,13.973615999915637
adder,S1,6,0.01,6,8,1024,8192,0.3443603515625,0.33414600099193736,0.3547206013194596,1.489990234375,-1.258056640625,0.115966796875,nan,0.0460205078125,nan,0.090576171875,nan,0.090576171875,1,0.3271484375,0.361572265625,0.026636753959665256,8,3,22,189,206,20260920,761,13.88599650003016
adder,S1,6,0.02,0,8,1024,8192,0.1729736328125,0.1649370424858727,0.18131678307666244,2.87060546875,2.87060546875,0.0794677734375,0.8270263671875,nan,0.6522216796875,nan,0.6522216796875,nan,1,0.165771484375,0.1805419921875,0.011500922645850873,8,3,22,189,206,20260920,761,13.938239100039937
adder,S1,6,0.02,1,8,1024,8192,0.17626953125,0.16817027839455725,0.1846722544131483,2.2501220703125,2.0169677734375,0.080078125,nan,0.1165771484375,0.7071533203125,nan,0.7071533203125,nan,1,0.17041015625,0.1844482421875,0.011146754662632912,8,3,22,189,206,20260920,761,14.141282600001432
adder,S1,6,0.02,2,8,1024,8192,0.2061767578125,0.19755482518402823,0.21507412521874225,1.86865234375,1.25146484375,0.0921630859375,nan,0.0953369140625,nan,0.2132568359375,nan,0.2132568359375,1,0.1939697265625,0.2193603515625,0.019921037244946628,8,3,22,189,206,20260920,761,14.113601800054312
adder,S1,6,0.02,3,8,1024,8192,0.1881103515625,0.17979457654279926,0.1967184971086667,1.697265625,0.4970703125,0.1005859375,nan,0.0838623046875,nan,0.18408203125,nan,0.18408203125,1,0.1820068359375,0.1942138671875,0.009336811578833301,8,3,22,189,206,20260920,761,13.871789500000887
adder,S1,6,0.02,4,8,1024,8192,0.208251953125,0.19959661255019034,0.21718078315509481,1.6046142578125,-0.3533935546875,0.0938720703125,nan,0.082275390625,nan,0.1580810546875,nan,0.1580810546875,1,0.19580078125,0.2200927734375,0.019184633604496685,8,3,22,189,206,20260920,761,13.729013300035149
adder,S1,6,0.02,5,8,1024,8192,0.197021484375,0.18855119349097332,0.20577579234187932,1.78759765625,-1.134033203125,0.1072998046875,nan,0.0748291015625,nan,0.158935546875,nan,0.158935546875,1,0.18310546875,0.2093505859375,0.020188103701824344,8,3,22,189,206,20260920,761,13.809478800045326
adder,S1,6,0.02,6,8,1024,8192,0.1883544921875,0.18003438974202104,0.19696673629797604,2.1058349609375,-1.8570556640625,0.1243896484375,nan,0.071044921875,nan,0.1474609375,nan,0.1474609375,1,0.1793212890625,0.1995849609375,0.015759029473012984,8,3,22,189,206,20260920,761,13.656544900033623
adder,S1,6,0.03,0,8,1024,8192,0.12890625,0.12182337831117297,0.13633699112149103,3.251708984375,3.251708984375,0.0989990234375,0.87109375,nan,0.72900390625,nan,0.72900390625,nan,1,0.122802734375,0.135009765625,0.00939590303598367,8,3,22,189,206,20260920,761,15.70194480009377
adder,S1,6,0.03,1,8,1024,8192,0.1314697265625,0.12432470752372535,0.13896021198851563,2.5435791015625,2.3106689453125,0.10009765625,nan,0.116455078125,0.7520751953125,nan,0.7520751953125,nan,1,0.1234130859375,0.138916015625,0.011683091908208397,8,3,22,189,206,20260920,761,14.165944900014438
adder,S1,6,0.03,2,8,1024,8192,0.1611328125,0.15333048219030077,0.16925280252847397,2.0762939453125,1.4232177734375,0.108154296875,nan,0.1070556640625,nan,0.219482421875,nan,0.219482421875,1,0.154052734375,0.1680908203125,0.010824310681512737,8,3,22,189,206,20260920,761,13.476152700022794
adder,S1,6,0.03,3,8,1024,8192,0.1444091796875,0.13696407362853336,0.15218762247585815,1.850830078125,0.50341796875,0.105712890625,nan,0.1053466796875,nan,0.2152099609375,nan,0.2152099609375,1,0.1351318359375,0.152587890625,0.01361633229061627,8,3,22,189,206,20260920,761,13.864812199957669
adder,S1,6,0.03,4,8,1024,8192,0.1683349609375,0.16038840728882095,0.1765924228916225,1.79443359375,-0.340576171875,0.11474609375,nan,0.0968017578125,nan,0.1942138671875,nan,0.1942138671875,1,0.15869140625,0.178466796875,0.01527168818621078,8,3,22,189,206,20260920,761,13.992121099960059
adder,S1,6,0.03,5,8,1024,8192,0.1640625,0.15620083843013782,0.17223907495101065,1.9825439453125,-1.2911376953125,0.113525390625,nan,0.0955810546875,nan,0.19189453125,nan,0.19189453125,1,0.155517578125,0.1732177734375,0.013859915409620303,8,3,22,189,206,20260920,761,13.737631399999373
adder,S1,6,0.03,6,8,1024,8192,0.14794921875,0.1404257487742646,0.15580270696382847,2.41552734375,-2.150390625,0.132568359375,nan,0.094482421875,nan,0.1920166015625,nan,0.1920166015625,1,0.138916015625,0.155517578125,0.013070728435124676,8,3,22,189,206,20260920,761,13.998096800060011
adder,S1,6,0.05,0,8,1024,8192,0.1214599609375,0.11456305610061397,0.12871171548185018,3.4515380859375,3.4515380859375,0.1158447265625,0.8785400390625,nan,0.7545166015625,nan,0.7545166015625,nan,1,0.1142578125,0.12841796875,0.011194776599597046,8,3,22,189,206,20260920,761,14.103011700091884
adder,S1,6,0.05,1,8,1024,8192,0.123046875,0.11610963921214779,0.13033747289576877,2.711669921875,2.47021484375,0.1163330078125,nan,0.1207275390625,0.7562255859375,nan,0.7562255859375,nan,1,0.1175537109375,0.128173828125,0.008286407592029853,8,3,22,189,206,20260920,761,14.153468400007114
adder,S1,6,0.05,2,8,1024,8192,0.132080078125,0.124920398652013,0.13958465183155583,2.234619140625,1.56396484375,0.1263427734375,nan,0.11181640625,nan,0.2235107421875,nan,0.2235107421875,1,0.1236572265625,0.140869140625,0.013448327856913751,8,3,22,189,206,20260920,761,13.95754199998919
adder,S1,6,0.05,3,8,1024,8192,0.1341552734375,0.12694613475834843,0.14170736102773512,1.9266357421875,0.5447998046875,0.1151123046875,nan,0.1097412109375,nan,0.2266845703125,nan,0.2266845703125,1,0.126708984375,0.140625,0.010836104014244213,8,3,22,189,206,20260920,761,14.31112599989865
adder,S1,6,0.05,4,8,1024,8192,0.1412353515625,0.13386182780077244,0.14894518725271422,1.91064453125,-0.47119140625,0.1151123046875,nan,0.114013671875,nan,0.234619140625,nan,0.234619140625,1,0.13427734375,0.148681640625,0.01098594059336352,8,3,22,189,206,20260920,761,13.97342029993888
adder,S1,6,0.05,5,8,1024,8192,0.134033203125,0.12682695742029076,0.14158251217152723,2.1754150390625,-1.4293212890625,0.1241455078125,nan,0.118408203125,nan,0.2294921875,nan,0.2294921875,1,0.125244140625,0.1412353515625,0.012104761325875757,8,3,22,189,206,20260920,761,14.558526800014079
adder,S1,6,0.05,6,8,1024,8192,0.1204833984375,0.11361150631625072,0.12771105571208885,2.7088623046875,-2.4720458984375,0.118408203125,nan,0.12646484375,nan,0.23583984375,nan,0.23583984375,1,0.1136474609375,0.1273193359375,0.010620217408958552,8,3,22,189,206,20260920,761,14.015863499953412
adder,S2,2,0.0,0,8,1024,8192,0.9395751953125,0.934206534702171,0.9445317908481504,0.077880859375,0.077880859375,0.000732421875,0.0604248046875,nan,0.0167236328125,nan,0.0604248046875,nan,0,0.9345703125,0.9449462890625,0.007802684612582692,8,2,8,33,27,20260920,761,1.387518799980171
adder,S2,2,0.0,1,8,1024,8192,0.9278564453125,0.9220509954818554,0.9332608154189712,0.0882568359375,0.0147705078125,0.01611328125,nan,0.0367431640625,0.035400390625,nan,nan,0.0367431640625,0,0.921142578125,0.933837890625,0.009868839321976434,8,2,8,33,27,20260920,761,1.3349135000025854
adder,S2,2,0.0,2,8,1024,8192,0.9156494140625,0.9094347200367219,0.9214744714375476,0.10693359375,-0.06494140625,0.02099609375,nan,0.0225830078125,nan,0.0633544921875,nan,0.0225830078125,0,0.9111328125,0.9202880859375,0.0068843451065216926,8,2,8,33,27,20260920,761,1.3229379000840709
adder,S2,2,0.001,0,8,1024,8192,0.9281005859375,0.9223037620731902,0.9334961012161676,0.094482421875,0.094482421875,0.0025634765625,0.0718994140625,nan,0.02001953125,nan,0.0718994140625,nan,0,0.923095703125,0.932861328125,0.0075090607906395015,8,2,8,33,27,20260920,761,1.943818400031887
adder,S2,2,0.001,1,8,1024,8192,0.9136962890625,0.9074198070673364,0.9195849652986839,0.103515625,0.018310546875,0.0172119140625,nan,0.0426025390625,0.043701171875,nan,nan,0.0426025390625,0,0.9056396484375,0.9205322265625,0.01162463954946837,8,2,8,33,27,20260920,761,1.5359662000555545
adder,S2,2,0.001,2,8,1024,8192,0.903076171875,0.8964793187102434,0.9092951747546721,0.1197509765625,-0.0726318359375,0.0235595703125,nan,0.0228271484375,nan,0.0733642578125,nan,0.0228271484375,0,0.8973388671875,0.907958984375,0.00823280001329273,8,2,8,33,27,20260920,761,1.5316329000052065
adder,S2,2,0.003,0,8,1024,8192,0.9012451171875,0.8945955093554936,0.9075185911954384,0.1358642578125,0.1358642578125,0.0074462890625,0.0987548828125,nan,0.0296630859375,nan,0.0987548828125,nan,0,0.8968475341796875,0.9056396484375,0.006734286875744056,8,2,8,33,27,20260920,761,1.967158899991773
adder,S2,2,0.003,1,8,1024,8192,0.8858642578125,0.8787969473813303,0.8925698526921398,0.13818359375,0.028076171875,0.0240478515625,nan,0.0550537109375,0.05908203125,nan,nan,0.0550537109375,0,0.8748779296875,0.8955078125,0.01618551601701643,8,2,8,33,27,20260920,761,1.5565030999714509
adder,S2,2,0.003,2,8,1024,8192,0.876220703125,0.868912307431168,0.8831764232953221,0.1533203125,-0.10302734375,0.025146484375,nan,0.029541015625,nan,0.0986328125,nan,0.029541015625,0,0.8695068359375,0.88232421875,0.009845515847495875,8,2,8,33,27,20260920,761,1.5228701999876648
adder,S2,2,0.005,0,8,1024,8192,0.882568359375,0.8754169764241074,0.8893611164041922,0.1663818359375,0.1663818359375,0.0123291015625,0.117431640625,nan,0.03662109375,nan,0.117431640625,nan,0,0.8775634765625,0.888427734375,0.008493447478893945,8,2,8,33,27,20260920,761,1.9809345999965444
adder,S2,2,0.005,1,8,1024,8192,0.8623046875,0.8546728978390736,0.8695968467411412,0.1629638671875,0.0274658203125,0.0252685546875,nan,0.0677490234375,0.0699462890625,nan,nan,0.0677490234375,0,0.8516845703125,0.8721923828125,0.01598701713256338,8,2,8,33,27,20260920,761,1.5568437000038102
adder,S2,2,0.005,2,8,1024,8192,0.8582763671875,0.8505558935451322,0.8656609866243189,0.1727294921875,-0.1102294921875,0.03125,nan,0.031005859375,nan,0.1104736328125,nan,0.031005859375,0,0.851806640625,0.865234375,0.010234788992359451,8,2,8,33,27,20260920,761,1.5275726000545546
adder,S2,2,0.01,0,8,1024,8192,0.8272705078125,0.818931813242789,0.835302413583207,0.2451171875,0.2451171875,0.020263671875,0.1727294921875,nan,0.0521240234375,nan,0.1727294921875,nan,0,0.821533203125,0.8341064453125,0.009882634665872475,8,2,8,33,27,20260920,761,1.9999833999900147
adder,S2,2,0.01,1,8,1024,8192,0.816162109375,0.8076265701502051,0.8244012729976239,0.2154541015625,0.0457763671875,0.0316162109375,nan,0.0848388671875,0.0989990234375,nan,nan,0.0848388671875,0,0.8079833984375,0.8251953125,0.013397579268900112,8,2,8,33,27,20260920,761,1.5696492999559268
adder,S2,2,0.01,2,8,1024,8192,0.8037109375,0.79496838059595,0.8121687907367907,0.23583984375,-0.156982421875,0.0394287109375,nan,0.03955078125,nan,0.1568603515625,nan,0.03955078125,0,0.7938232421875,0.81298828125,0.014708767135153126,8,2,8,33,27,20260920,761,1.5554620999610052
adder,S2,2,0.02,0,8,1024,8192,0.72802734375,0.7182862909170934,0.7375546399709932,0.394775390625,0.394775390625,0.034423828125,0.27197265625,nan,0.08837890625,nan,0.27197265625,nan,0,0.7183837890625,0.7381591796875,0.01568591641036036,8,2,8,33,27,20260920,761,1.9786536999745294
adder,S2,2,0.02,1,8,1024,8192,0.726318359375,0.7165592470162626,0.735865317152106,0.3226318359375,0.0792236328125,0.0489501953125,nan,0.1217041015625,0.1519775390625,nan,nan,0.1217041015625,0,0.7197265625,0.734375,0.011289453504412532,8,2,8,33,27,20260920,761,1.5624976999824867
adder,S2,2,0.02,2,8,1024,8192,0.716796875,0.706940380026629,0.7264501409890252,0.3453369140625,-0.2408447265625,0.05224609375,nan,0.0621337890625,nan,0.23095703125,nan,0.0621337890625,0,0.7071533203125,0.7259521484375,0.014569167958206113,8,2,8,33,27,20260920,761,1.5510950000025332
adder,S2,2,0.03,0,8,1024,8192,0.654541015625,0.6441735242096619,0.6647636377305511,0.5206298828125,0.5206298828125,0.0511474609375,0.345458984375,nan,0.1240234375,nan,0.345458984375,nan,0,0.6439208984375,0.6654052734375,0.016620016660270454,8,2,8,33,27,20260920,761,1.9496948000742123
adder,S2,2,0.03,1,8,1024,8192,0.656982421875,0.6466311056993587,0.6671865801261657,0.4088134765625,0.1080322265625,0.0657958984375,nan,0.150390625,0.192626953125,nan,nan,0.150390625,0,0.6507568359375,0.6630889892578125,0.009593204445502197,8,2,8,33,27,20260920,761,1.562291600042954
adder,S2,2,0.03,2,8,1024,8192,0.6429443359375,0.6325040824070105,0.6532505910779731,0.432861328125,-0.293701171875,0.069580078125,nan,0.0758056640625,nan,0.2874755859375,nan,0.0758056640625,0,0.6358642578125,0.650634765625,0.011471269579499701,8,2,8,33,27,20260920,761,1.559615100035444
adder,S2,2,0.05,0,8,1024,8192,0.5380859375,0.52727468502318,0.5488614875876783,0.727783203125,0.727783203125,0.080078125,0.4619140625,nan,0.185791015625,nan,0.4619140625,nan,0,0.5283203125,0.5487060546875,0.015910135493195223,8,2,8,33,27,20260920,761,1.9568759000394493
adder,S2,2,0.05,1,8,1024,8192,0.5391845703125,0.5283746454254389,0.5499577629338094,0.550537109375,0.150634765625,0.0897216796875,nan,0.199951171875,0.2608642578125,nan,nan,0.199951171875,0,0.5330810546875,0.546142578125,0.010234788992359451,8,2,8,33,27,20260920,761,1.5484923999756575
adder,S2,2,0.05,2,8,1024,8192,0.5263671875,0.5155450479749375,0.5371646099864258,0.58837890625,-0.39990234375,0.09423828125,nan,0.11474609375,nan,0.37939453125,nan,0.11474609375,0,0.5189208984375,0.5350341796875,0.012396685207323137,8,2,8,33,27,20260920,761,1.5475951000116765
adder,S2,4,0.0,0,8,1024,8192,0.833984375,0.8257705856243275,0.841885081886275,0.338623046875,0.338623046875,0.006591796875,0.166015625,nan,0.08837890625,nan,0.08837890625,nan,1,0.818603515625,0.848876953125,0.02325660286005679,8,3,16,96,105,20260920,761,4.956582900020294
adder,S2,4,0.0,1,8,1024,8192,0.7816162109375,0.7725386953567572,0.7904297348139151,0.3963623046875,0.2525634765625,0.03662109375,nan,0.0718994140625,0.146484375,nan,0.146484375,nan,1,0.759521484375,0.8037109375,0.034316679788044084,8,3,16,96,105,20260920,761,5.008454499999061
adder,S2,4,0.0,2,8,1024,8192,0.7548828125,0.7454498300837368,0.7640768635427756,0.419189453125,0.077392578125,0.0360107421875,nan,0.05126953125,nan,0.11962890625,nan,0.11962890625,1,0.74658203125,0.765380859375,0.014764237226922938,8,3,16,96,105,20260920,761,5.1335943000158295
adder,S2,4,0.0,3,8,1024,8192,0.74072265625,0.731121446387393,0.7500982087043131,0.4600830078125,-0.0687255859375,0.0540771484375,nan,0.0169677734375,nan,0.0706787109375,nan,0.0706787109375,1,0.7254638671875,0.7545166015625,0.022572872288148305,8,3,16,96,105,20260920,761,4.9895509000634775
adder,S2,4,0.0,4,8,1024,8192,0.7049560546875,0.6949859190545303,0.7147340611173635,0.5435791015625,-0.3450927734375,0.0687255859375,nan,0.03271484375,nan,0.0587158203125,nan,0.0587158203125,1,0.69189453125,0.7213134765625,0.022839501333779412,8,3,16,96,105,20260920,761,4.933593499939889
adder,S2,4,0.001,0,8,1024,8192,0.7908935546875,0.7819518707826842,0.7995625501521715,0.4315185546875,0.4315185546875,0.0135498046875,0.2091064453125,nan,0.1044921875,nan,0.1044921875,nan,1,0.7742919921875,0.8072509765625,0.025718169221841124,8,3,16,96,105,20260920,761,7.972255699918605
adder,S2,4,0.001,1,8,1024,8192,0.731689453125,0.7219877044081299,0.7411740123079239,0.484619140625,0.307861328125,0.0416259765625,nan,0.08837890625,0.179931640625,nan,0.179931640625,nan,1,0.7135009765625,0.7515869140625,0.029407112170330187,8,3,16,96,105,20260920,761,6.047534800018184
adder,S2,4,0.001,2,8,1024,8192,0.72509765625,0.7153257534231343,0.7346585488025787,0.451904296875,0.107666015625,0.03515625,nan,0.0496826171875,nan,0.1224365234375,nan,0.1224365234375,1,0.7095947265625,0.7388916015625,0.022427551857264045,8,3,16,96,105,20260920,761,6.093859100015834
adder,S2,4,0.001,3,8,1024,8192,0.6998291015625,0.6898122580605467,0.7096586219521931,0.5205078125,-0.0576171875,0.0635986328125,nan,0.0167236328125,nan,0.0697021484375,nan,0.0697021484375,1,0.681634521484375,0.7144775390625,0.025694319905977932,8,3,16,96,105,20260920,761,5.985215900000185
adder,S2,4,0.001,4,8,1024,8192,0.667724609375,0.6574480660582104,0.6778439248626843,0.5887451171875,-0.3690185546875,0.07763671875,nan,0.0301513671875,nan,0.0648193359375,nan,0.0648193359375,1,0.6496551513671875,0.6851806640625,0.027247668805280675,8,3,16,96,105,20260920,761,6.205323999980465
adder,S2,4,0.003,0,8,1024,8192,0.717041015625,0.7071869499522285,0.7266916234519567,0.6053466796875,0.6053466796875,0.0225830078125,0.282958984375,nan,0.14599609375,nan,0.14599609375,nan,1,0.6978759765625,0.7333984375,0.02745190464690974,8,3,16,96,105,20260920,761,8.035335899912752
adder,S2,4,0.003,1,8,1024,8192,0.6619873046875,0.651670091686845,0.6721526681035679,0.5927734375,0.372314453125,0.0469970703125,nan,0.1102294921875,0.227783203125,nan,0.227783203125,nan,1,0.6391571044921875,0.6834747314453125,0.03367345738572925,8,3,16,96,105,20260920,761,5.986270900000818
adder,S2,4,0.003,2,8,1024,8192,0.641845703125,0.631398901624936,0.6521595361116577,0.6282958984375,0.1944580078125,0.058349609375,nan,0.0640869140625,nan,0.15283203125,nan,0.15283203125,1,0.6295166015625,0.654052734375,0.018710066641119235,8,3,16,96,105,20260920,761,6.056394000072032
adder,S2,4,0.003,3,8,1024,8192,0.6370849609375,0.6266104679272396,0.6474309482329966,0.6202392578125,-0.1219482421875,0.0694580078125,nan,0.025634765625,nan,0.09716796875,nan,0.09716796875,1,0.6221923828125,0.65087890625,0.022231930738828024,8,3,16,96,105,20260920,761,6.094817199977115
adder,S2,4,0.003,4,8,1024,8192,0.5980224609375,0.5873616385315628,0.6085913954636908,0.749755859375,-0.459716796875,0.0933837890625,nan,0.0418701171875,nan,0.0850830078125,nan,0.0850830078125,1,0.5810546875,0.6162109375,0.026835486173652036,8,3,16,96,105,20260920,761,6.16074550000485
adder,S2,4,0.005,0,8,1024,8192,0.6337890625,0.6232960450593918,0.6441566638556739,0.8104248046875,0.8104248046875,0.0352783203125,0.3662109375,nan,0.193603515625,nan,0.193603515625,nan,1,0.6192626953125,0.649658203125,0.024000401811415054,8,3,16,96,105,20260920,761,8.017442999989726
adder,S2,4,0.005,1,8,1024,8192,0.58837890625,0.5776830097076018,0.5989919549406717,0.7919921875,0.561767578125,0.0684814453125,nan,0.1151123046875,0.2965087890625,nan,0.2965087890625,nan,1,0.565673828125,0.6123077392578125,0.036100748925239345,8,3,16,96,105,20260920,761,5.99914319999516
adder,S2,4,0.005,2,8,1024,8192,0.5831298828125,0.5724166723210244,0.5937651659738294,0.709716796875,0.21337890625,0.061767578125,nan,0.072998046875,nan,0.1751708984375,nan,0.1751708984375,1,0.567138671875,0.6015625,0.026278877722758172,8,3,16,96,105,20260920,761,5.998941999976523
adder,S2,4,0.005,3,8,1024,8192,0.5665283203125,0.5557685064610391,0.5772257694136971,0.775634765625,-0.0888671875,0.095947265625,nan,0.033447265625,nan,0.114013671875,nan,0.114013671875,1,0.5516357421875,0.5821533203125,0.02359645167593392,8,3,16,96,105,20260920,761,6.144691699999385
adder,S2,4,0.005,4,8,1024,8192,0.5517578125,0.5409668428484412,0.5625002635201609,0.8087158203125,-0.4906005859375,0.1033935546875,nan,0.0377197265625,nan,0.0860595703125,nan,0.0860595703125,1,0.530877685546875,0.5697052001953125,0.030077037897794343,8,3,16,96,105,20260920,761,5.9583394000073895
adder,S2,4,0.01,0,8,1024,8192,0.4964599609375,0.48563705547994196,0.5072861848863565,1.2034912109375,1.2034912109375,0.06298828125,0.5035400390625,nan,0.296630859375,nan,0.296630859375,nan,1,0.4793701171875,0.5166015625,0.02837047925482345,8,3,16,96,105,20260920,761,7.996525399968959
adder,S2,4,0.01,1,8,1024,8192,0.4754638671875,0.46466356690016863,0.48628716805245153,0.9935302734375,0.7218017578125,0.0794677734375,nan,0.1358642578125,0.388671875,nan,0.388671875,nan,1,0.4525146484375,0.5047607421875,0.04027633278128142,8,3,16,96,105,20260920,761,6.172251300071366
adder,S2,4,0.01,2,8,1024,8192,0.4737548828125,0.46295726394035547,0.4845771042925468,0.8980712890625,0.2957763671875,0.07861328125,nan,0.085205078125,nan,0.2159423828125,nan,0.2159423828125,1,0.4622802734375,0.4835205078125,0.016336325765213693,8,3,16,96,105,20260920,761,6.148796800058335
adder,S2,4,0.01,3,8,1024,8192,0.459228515625,0.44845882131786796,0.4700364297974313,0.9647216796875,-0.1783447265625,0.11083984375,nan,0.0572509765625,nan,0.156494140625,nan,0.156494140625,1,0.4345703125,0.4835205078125,0.03836127721816458,8,3,16,96,105,20260920,761,6.118800399941392
adder,S2,4,0.01,4,8,1024,8192,0.40673828125,0.3961470383990778,0.41741694918202593,1.12548828125,-0.65234375,0.1436767578125,nan,0.0604248046875,nan,0.12353515625,nan,0.12353515625,1,0.3939208984375,0.419921875,0.02027060411490086,8,3,16,96,105,20260920,761,6.121764500043355
adder,S2,4,0.02,0,8,1024,8192,0.35009765625,0.33984077775013904,0.36049505569173973,1.675537109375,1.675537109375,0.1033935546875,0.64990234375,nan,0.4119873046875,nan,0.4119873046875,nan,1,0.3365478515625,0.364013671875,0.020925409205521567,8,3,16,96,105,20260920,761,7.879362100036815
adder,S2,4,0.02,1,8,1024,8192,0.3150634765625,0.305092620825081,0.3252076948625789,1.455078125,1.123779296875,0.1337890625,nan,0.1656494140625,0.519287109375,nan,0.519287109375,nan,1,0.30224609375,0.3289794921875,0.02070903025513723,8,3,16,96,105,20260920,761,6.200235099997371
adder,S2,4,0.02,2,8,1024,8192,0.34130859375,0.3311175394341214,0.3516484080206362,1.216064453125,0.4638671875,0.1295166015625,nan,0.109619140625,nan,0.2664794921875,nan,0.2664794921875,1,0.3253173828125,0.35901184082031246,0.025932154408272064,8,3,16,96,105,20260920,761,6.134099799906835
adder,S2,4,0.02,3,8,1024,8192,0.3341064453125,0.3239722496071995,0.3443961523858894,1.1964111328125,-0.1680908203125,0.149169921875,nan,0.0740966796875,nan,0.1912841796875,nan,0.1912841796875,1,0.3173797607421875,0.3511962890625,0.026449408325698066,8,3,16,96,105,20260920,761,6.173626899952069
adder,S2,4,0.02,4,8,1024,8192,0.2734375,0.26389334007908244,0.2831940433640177,1.416748046875,-0.77978515625,0.185546875,nan,0.068603515625,nan,0.1639404296875,nan,0.1639404296875,1,0.2626953125,0.2847900390625,0.017026948998205758,8,3,16,96,105,20260920,761,6.086446700035594
adder,S2,4,0.03,0,8,1024,8192,0.24755859375,0.23833229867932498,0.25702153157947405,2.2236328125,2.2236328125,0.1617431640625,0.75244140625,nan,0.53955078125,nan,0.53955078125,nan,1,0.2408447265625,0.2545166015625,0.010452933981545308,8,3,16,96,105,20260920,761,8.234049900085665
adder,S2,4,0.03,1,8,1024,8192,0.239013671875,0.22990201200422264,0.24836998465598645,1.7158203125,1.39794921875,0.16943359375,nan,0.158935546875,0.60205078125,nan,0.60205078125,nan,1,0.2281494140625,0.2484130859375,0.015753084810528763,8,3,16,96,105,20260920,761,6.075049299979582
adder,S2,4,0.03,2,8,1024,8192,0.2666015625,0.2571372320024533,0.2762846845617748,1.4422607421875,0.6568603515625,0.1744384765625,nan,0.1221923828125,nan,0.2705078125,nan,0.2705078125,1,0.2523193359375,0.2825927734375,0.023553470525005893,8,3,16,96,105,20260920,761,6.125304899993353
adder,S2,4,0.03,3,8,1024,8192,0.2567138671875,0.24737019674074057,0.26628559808797636,1.4012451171875,-0.1339111328125,0.18798828125,nan,0.097900390625,nan,0.22607421875,nan,0.22607421875,1,0.24658203125,0.267578125,0.016227548201058463,8,3,16,96,105,20260920,761,6.175522200064734
adder,S2,4,0.03,4,8,1024,8192,0.197265625,0.1887911984877464,0.20602383973363741,1.6241455078125,-0.8685302734375,0.214599609375,nan,0.088134765625,nan,0.194091796875,nan,0.194091796875,1,0.1827392578125,0.212646484375,0.023186199258977504,8,3,16,96,105,20260920,761,6.175578000023961
adder,S2,4,0.05,0,8,1024,8192,0.185791015625,0.17751662163412496,0.19435995432629516,2.6087646484375,2.6087646484375,0.213134765625,0.814208984375,nan,0.6304931640625,nan,0.6304931640625,nan,1,0.180419921875,0.19091796875,0.008183004395118248,8,3,16,96,105,20260920,761,8.018692999961786
adder,S2,4,0.05,1,8,1024,8192,0.17041015625,0.16242305276387228,0.17870622271908584,2.1182861328125,1.8114013671875,0.2403564453125,nan,0.1534423828125,0.6761474609375,nan,0.6761474609375,nan,1,0.15966796875,0.18017578125,0.01587584636822132,8,3,16,96,105,20260920,761,6.10522259993013
adder,S2,4,0.05,2,8,1024,8192,0.19775390625,0.18927122381952616,0.20651991917891993,1.740966796875,0.91748046875,0.2421875,nan,0.1334228515625,nan,0.2783203125,nan,0.2783203125,1,0.1805419921875,0.2154541015625,0.026688171071982635,8,3,16,96,105,20260920,761,6.175949300057255
adder,S2,4,0.05,3,8,1024,8192,0.202392578125,0.19383247417077185,0.21123166420976594,1.614013671875,0.00830078125,0.2408447265625,nan,0.115966796875,nan,0.2510986328125,nan,0.2510986328125,1,0.191162109375,0.2119140625,0.016052925721243918,8,3,16,96,105,20260920,761,6.037957600085065
adder,S2,4,0.05,4,8,1024,8192,0.1429443359375,0.13553210994512882,0.15069127182807585,1.832763671875,-0.908203125,0.2530517578125,nan,0.1092529296875,nan,0.23583984375,nan,0.23583984375,1,0.135009765625,0.151611328125,0.012965420477759632,8,3,16,96,105,20260920,761,6.126146900001913
adder,S2,6,0.0,0,8,1024,8192,0.7078857421875,0.6979429683149659,0.7176336405193017,0.816162109375,0.816162109375,0.005126953125,0.2921142578125,nan,0.1943359375,nan,0.1943359375,nan,1,0.6976318359375,0.717529296875,0.015347329613122815,8,3,22,189,206,20260920,761,13.622414799989201
adder,S2,6,0.0,1,8,1024,8192,0.61669921875,0.6061185119875381,0.6271705297303478,0.8463134765625,0.6177978515625,0.0206298828125,nan,0.1142578125,0.26904296875,nan,0.26904296875,nan,1,0.5831268310546875,0.6517333984375,0.052353223256563323,8,3,22,189,206,20260920,761,13.696469799964689
adder,S2,6,0.0,2,8,1024,8192,0.606689453125,0.5960637939475005,0.6172150998406086,0.77490234375,0.38720703125,0.0145263671875,nan,0.052490234375,nan,0.141357421875,nan,0.141357421875,1,0.5855712890625,0.6260986328125,0.03228674878996119,8,3,22,189,206,20260920,761,13.654774399939924
adder,S2,6,0.0,3,8,1024,8192,0.56640625,0.555646139068496,0.5771041106119746,0.8328857421875,0.1092529296875,0.0599365234375,nan,0.027587890625,nan,0.1005859375,nan,0.1005859375,1,0.5391845703125,0.5928955078125,0.04164522618474769,8,3,22,189,206,20260920,761,14.124878600006923
adder,S2,6,0.0,4,8,1024,8192,0.5587158203125,0.5479383259848485,0.5694382734568912,0.789306640625,-0.28662109375,0.0252685546875,nan,0.044677734375,nan,0.0667724609375,nan,0.0667724609375,1,0.54931640625,0.568359375,0.014722075882898701,8,3,22,189,206,20260920,761,13.540641200030223
adder,S2,6,0.0,5,8,1024,8192,0.5291748046875,0.5183547289185437,0.5399675315109278,0.9044189453125,-0.5584716796875,0.060546875,nan,0.01953125,nan,0.0733642578125,nan,0.0733642578125,1,0.5098876953125,0.5491943359375,0.030430260125933223,8,3,22,189,206,20260920,761,14.247456199955195
adder,S2,6,0.0,6,8,1024,8192,0.5262451171875,0.5154228957074533,0.5370427360596445,1.0009765625,-0.845458984375,0.0777587890625,nan,0.0220947265625,nan,0.04443359375,nan,0.04443359375,1,0.5128173828125,0.5386962890625,0.02013869491675826,8,3,22,189,206,20260920,761,13.919475200003944
adder,S2,6,0.001,0,8,1024,8192,0.6337890625,0.6232960450593918,0.6441566638556739,0.9896240234375,0.9896240234375,0.007080078125,0.3662109375,nan,0.2313232421875,nan,0.2313232421875,nan,1,0.6260986328125,0.640380859375,0.010849454294209587,8,3,22,189,206,20260920,761,19.878689900040627
adder,S2,6,0.001,1,8,1024,8192,0.5438232421875,0.533019504261389,0.5545858994799511,1.0316162109375,0.7755126953125,0.026123046875,nan,0.1280517578125,0.328125,nan,0.328125,nan,1,0.51953125,0.5711669921875,0.04031690368594688,8,3,22,189,206,20260920,761,15.879379599937238
adder,S2,6,0.001,2,8,1024,8192,0.5345458984375,0.5237307264991768,0.5453286864779798,0.9224853515625,0.4097900390625,0.021240234375,nan,0.0738525390625,nan,0.1824951171875,nan,0.1824951171875,1,0.50732421875,0.5610382080078125,0.04147127295063579,8,3,22,189,206,20260920,761,16.36859440000262
adder,S2,6,0.001,3,8,1024,8192,0.5179443359375,0.5071180595414982,0.5287537910155408,0.9310302734375,0.1649169921875,0.06787109375,nan,0.029541015625,nan,0.1097412109375,nan,0.1097412109375,1,0.4991455078125,0.5352783203125,0.027358382066422365,8,3,22,189,206,20260920,761,15.779359200038016
adder,S2,6,0.001,4,8,1024,8192,0.5025634765625,0.4917375813525018,0.5133869687270751,0.9283447265625,-0.3072509765625,0.0362548828125,nan,0.054931640625,nan,0.0830078125,nan,0.0830078125,1,0.4923095703125,0.5135498046875,0.016605152415167922,8,3,22,189,206,20260920,761,16.416760900057852
adder,S2,6,0.001,5,8,1024,8192,0.4901123046875,0.47929421906953645,0.5009396591949522,0.988037109375,-0.62451171875,0.057861328125,nan,0.023681640625,nan,0.0821533203125,nan,0.0821533203125,1,0.47802734375,0.5037872314453125,0.020016553703876595,8,3,22,189,206,20260920,761,17.86233709997032
adder,S2,6,0.001,6,8,1024,8192,0.476806640625,0.46600432251085694,0.4876307005786846,1.158935546875,-0.987548828125,0.085693359375,nan,0.031982421875,nan,0.062255859375,nan,0.062255859375,1,0.462890625,0.489501953125,0.02017460220979293,8,3,22,189,206,20260920,761,17.213624199968763
adder,S2,6,0.003,0,8,1024,8192,0.518310546875,0.5074843863283846,0.5291195428114511,1.3782958984375,1.3782958984375,0.0159912109375,0.481689453125,nan,0.3192138671875,nan,0.3192138671875,nan,1,0.50341796875,0.5341796875,0.024253096594879783,8,3,22,189,206,20260920,761,20.928503899951465
adder,S2,6,0.003,1,8,1024,8192,0.4599609375,0.4491896149122572,0.47076979336863556,1.2445068359375,0.9810791015625,0.03759765625,nan,0.1317138671875,0.4083251953125,nan,0.4083251953125,nan,1,0.4390869140625,0.4813232421875,0.03307568109814259,8,3,22,189,206,20260920,761,16.12359860003926
adder,S2,6,0.003,2,8,1024,8192,0.4510498046875,0.4402998878729152,0.4618456082265908,1.113037109375,0.59716796875,0.031982421875,nan,0.07177734375,nan,0.1861572265625,nan,0.1861572265625,1,0.4296844482421875,0.4774169921875,0.03759969447455297,8,3,22,189,206,20260920,761,16.149665700038895
adder,S2,6,0.003,3,8,1024,8192,0.41064453125,0.40003575696749294,0.421337068830109,1.1392822265625,0.2171630859375,0.0748291015625,nan,0.040283203125,nan,0.1331787109375,nan,0.1331787109375,1,0.3904998779296875,0.429931640625,0.030620223582060953,8,3,22,189,206,20260920,761,16.363592399982736
adder,S2,6,0.003,4,8,1024,8192,0.4166259765625,0.40599169993371115,0.42733840938290385,1.0841064453125,-0.3070068359375,0.0494384765625,nan,0.055419921875,nan,0.0946044921875,nan,0.0946044921875,1,0.3996490478515625,0.4306640625,0.02407938858186588,8,3,22,189,206,20260920,761,16.12789579993114
adder,S2,6,0.003,5,8,1024,8192,0.409423828125,0.39882045779446085,0.42011210606048544,1.182861328125,-0.759033203125,0.0689697265625,nan,0.0340576171875,nan,0.099365234375,nan,0.099365234375,1,0.3956298828125,0.4251708984375,0.022942539158999402,8,3,22,189,206,20260920,761,15.879900000058115
adder,S2,6,0.003,6,8,1024,8192,0.39990234375,0.38934345857040253,0.41055506213182924,1.3570556640625,-1.1575927734375,0.0997314453125,nan,0.03759765625,nan,0.07763671875,nan,0.07763671875,1,0.3876953125,0.413330078125,0.019883815623376204,8,3,22,189,206,20260920,761,16.147115800064057
adder,S2,6,0.005,0,8,1024,8192,0.4144287109375,0.4038036142797542,0.42513402354008045,1.7454833984375,1.7454833984375,0.025390625,0.5855712890625,nan,0.404296875,nan,0.404296875,nan,1,0.4063720703125,0.4229736328125,0.012657023949481282,8,3,22,189,206,20260920,761,19.69296019989997
adder,S2,6,0.005,1,8,1024,8192,0.3663330078125,0.35596461604717994,0.3768267012320197,1.5062255859375,1.2327880859375,0.0474853515625,nan,0.13671875,0.4969482421875,nan,0.4969482421875,nan,1,0.351806640625,0.3824462890625,0.02386627359627263,8,3,22,189,206,20260920,761,15.803012699936517
adder,S2,6,0.005,2,8,1024,8192,0.379150390625,0.36870298841410976,0.3897110792629749,1.3197021484375,0.7542724609375,0.04541015625,nan,0.0821533203125,nan,0.2005615234375,nan,0.2005615234375,1,0.36083984375,0.396484375,0.027757894878074257,8,3,22,189,206,20260920,761,15.916529500042088
adder,S2,6,0.005,3,8,1024,8192,0.35009765625,0.33984077775013904,0.36049505569173973,1.28759765625,0.291259765625,0.0841064453125,nan,0.0484619140625,nan,0.1461181640625,nan,0.1461181640625,1,0.33544921875,0.3665771484375,0.024034436905533512,8,3,22,189,206,20260920,761,15.739601999986917
adder,S2,6,0.005,4,8,1024,8192,0.359130859375,0.34881034026122687,0.3695834315563042,1.2176513671875,-0.3272705078125,0.05908203125,nan,0.058837890625,nan,0.109375,nan,0.109375,1,0.341552734375,0.3760986328125,0.02660508788851344,8,3,22,189,206,20260920,761,16.092370200087316
adder,S2,6,0.005,5,8,1024,8192,0.3419189453125,0.33172319403321515,0.35226288439287035,1.3646240234375,-0.8729248046875,0.081298828125,nan,0.045654296875,nan,0.115966796875,nan,0.115966796875,1,0.3238525390625,0.359619140625,0.0272810860205847,8,3,22,189,206,20260920,761,16.27632380009163
adder,S2,6,0.005,6,8,1024,8192,0.3212890625,0.3112626986518773,0.33148295294332675,1.572998046875,-1.35400390625,0.1094970703125,nan,0.044677734375,nan,0.0947265625,nan,0.0947265625,1,0.306396484375,0.33544921875,0.02255475843826986,8,3,22,189,206,20260920,761,16.069139000028372
adder,S2,6,0.01,0,8,1024,8192,0.2767333984375,0.2671517734182692,0.2865243172700013,2.3231201171875,2.3231201171875,0.0533447265625,0.7232666015625,nan,0.534912109375,nan,0.534912109375,nan,1,0.268310546875,0.285888671875,0.013440094250653456,8,3,22,189,206,20260920,761,19.841580100008287
adder,S2,6,0.01,1,8,1024,8192,0.2637939453125,0.25436324484234357,0.2734460692537764,1.888427734375,1.607177734375,0.065673828125,nan,0.140625,0.5955810546875,nan,0.5955810546875,nan,1,0.25390625,0.27490234375,0.016336325765213693,8,3,22,189,206,20260920,761,16.017572800046764
adder,S2,6,0.01,2,8,1024,8192,0.261474609375,0.2520720657647552,0.27110075064031897,1.6329345703125,0.9742431640625,0.0643310546875,nan,0.10205078125,nan,0.227294921875,nan,0.227294921875,1,0.2513427734375,0.271484375,0.015420943640234904,8,3,22,189,206,20260920,761,16.355848200037144
adder,S2,6,0.01,3,8,1024,8192,0.2486572265625,0.23941655274346246,0.25813351326372674,1.523193359375,0.31640625,0.0914306640625,nan,0.0731201171875,nan,0.1820068359375,nan,0.1820068359375,1,0.2392578125,0.2579345703125,0.01438033579488292,8,3,22,189,206,20260920,761,16.197862999979407
adder,S2,6,0.01,4,8,1024,8192,0.248046875,0.23881417937113378,0.2575157556647276,1.5103759765625,-0.4241943359375,0.0789794921875,nan,0.0791015625,nan,0.1558837890625,nan,0.1558837890625,1,0.2308349609375,0.2642822265625,0.02571585150901493,8,3,22,189,206,20260920,761,15.94686999998521
adder,S2,6,0.01,5,8,1024,8192,0.252197265625,0.2429108084150216,0.2617160172258692,1.624267578125,-1.040283203125,0.096923828125,nan,0.06005859375,nan,0.1378173828125,nan,0.1378173828125,1,0.237060546875,0.266357421875,0.0224017197824581,8,3,22,189,206,20260920,761,16.024381799972616
adder,S2,6,0.01,6,8,1024,8192,0.2279052734375,0.2189502812139032,0.23711533176813893,1.93212890625,-1.690185546875,0.1209716796875,nan,0.0653076171875,nan,0.1259765625,nan,0.1259765625,1,0.2156982421875,0.239501953125,0.018454835145472907,8,3,22,189,206,20260920,761,16.243414799915627
adder,S2,6,0.02,0,8,1024,8192,0.16064453125,0.15285217972128565,0.1687550002204268,2.975341796875,2.975341796875,0.0814208984375,0.83935546875,nan,0.6788330078125,nan,0.6788330078125,nan,1,0.15380859375,0.1680908203125,0.011376608838099952,8,3,22,189,206,20260920,761,19.930417699972168
adder,S2,6,0.02,1,8,1024,8192,0.1695556640625,0.16158520415094313,0.17783588797215605,2.3084716796875,2.0423583984375,0.086669921875,nan,0.133056640625,0.6973876953125,nan,0.6973876953125,nan,1,0.1624755859375,0.17724609375,0.011459386867954113,8,3,22,189,206,20260920,761,16.221644400036894
adder,S2,6,0.02,2,8,1024,8192,0.1839599609375,0.17571858506402113,0.19249759798241542,1.9422607421875,1.2977294921875,0.088134765625,nan,0.1009521484375,nan,0.2213134765625,nan,0.2213134765625,1,0.173583984375,0.1932373046875,0.01526276454908264,8,3,22,189,206,20260920,761,19.01890889997594
adder,S2,6,0.02,3,8,1024,8192,0.1690673828125,0.16110646703378678,0.17733852031225011,1.7501220703125,0.3963623046875,0.0977783203125,nan,0.100830078125,nan,0.21240234375,nan,0.21240234375,1,0.1600341796875,0.17919921875,0.014960747176556571,8,3,22,189,206,20260920,761,17.634361899923533
adder,S2,6,0.02,4,8,1024,8192,0.172119140625,0.16409897236936616,0.18044666983330998,1.726318359375,-0.378173828125,0.1021728515625,nan,0.090576171875,nan,0.1817626953125,nan,0.1817626953125,1,0.1678466796875,0.1763916015625,0.006576924981207125,8,3,22,189,206,20260920,761,17.51830119988881
adder,S2,6,0.02,5,8,1024,8192,0.173583984375,0.16553570869649517,0.1819382478373678,1.941162109375,-1.28271484375,0.108154296875,nan,0.09033203125,nan,0.18603515625,nan,0.18603515625,1,0.1640625,0.1839599609375,0.015614097060984823,8,3,22,189,206,20260920,761,16.707165400031954
adder,S2,6,0.02,6,8,1024,8192,0.156005859375,0.14830961853985353,0.16402456601976723,2.331787109375,-2.08984375,0.1209716796875,nan,0.084228515625,nan,0.1773681640625,nan,0.1773681640625,1,0.1488037109375,0.16259765625,0.010579248224220676,8,3,22,189,206,20260920,761,16.034332099952735
adder,S2,6,0.03,0,8,1024,8192,0.14306640625,0.1356514299674096,0.15081597800006064,3.245849609375,3.245849609375,0.0980224609375,0.85693359375,nan,0.7255859375,nan,0.7255859375,nan,1,0.136962890625,0.1502685546875,0.01030856763499507,8,3,22,189,206,20260920,761,19.730082999914885
adder,S2,6,0.03,1,8,1024,8192,0.1329345703125,0.12575445332494894,0.14045878051847888,2.5604248046875,2.3140869140625,0.1048583984375,nan,0.1231689453125,0.743896484375,nan,0.743896484375,nan,1,0.126953125,0.1402587890625,0.010367048252963952,8,3,22,189,206,20260920,761,15.861589399981312
adder,S2,6,0.03,2,8,1024,8192,0.146484375,0.1389931452790194,0.15430699612788684,2.1099853515625,1.4132080078125,0.1085205078125,nan,0.11328125,nan,0.235107421875,nan,0.235107421875,1,0.14111328125,0.153076171875,0.009264485332524549,8,3,22,189,206,20260920,761,15.98793319996912
adder,S2,6,0.03,3,8,1024,8192,0.148681640625,0.14114214791517818,0.1565504649885083,1.891357421875,0.513671875,0.1175537109375,nan,0.111572265625,nan,0.2222900390625,nan,0.2222900390625,1,0.1419677734375,0.1558837890625,0.010795954121042268,8,3,22,189,206,20260920,761,16.228659800020978
adder,S2,6,0.03,4,8,1024,8192,0.1522216796875,0.1446056446700646,0.16016372786732347,1.8282470703125,-0.4661865234375,0.1070556640625,nan,0.1055908203125,nan,0.207275390625,nan,0.207275390625,1,0.1458740234375,0.15783996582031246,0.00941672350275158,8,3,22,189,206,20260920,761,16.43464479991235
adder,S2,6,0.03,5,8,1024,8192,0.1517333984375,0.144127833136533,0.1596654346237928,2.0606689453125,-1.3443603515625,0.1212158203125,nan,0.0994873046875,nan,0.2042236328125,nan,0.2042236328125,1,0.138427734375,0.1658935546875,0.021433187169275343,8,3,22,189,206,20260920,761,16.338994099991396
adder,S2,6,0.03,6,8,1024,8192,0.134521484375,0.12730367897091469,0.1420818953979656,2.5501708984375,-2.3074951171875,0.121337890625,nan,0.103271484375,nan,0.2073974609375,nan,0.2073974609375,1,0.1304931640625,0.138427734375,0.0061486888591068675,8,3,22,189,206,20260920,761,16.277053999947384
adder,S2,6,0.05,0,8,1024,8192,0.1278076171875,0.12075166767631586,0.135212466007958,3.4705810546875,3.4705810546875,0.1187744140625,0.8721923828125,nan,0.756103515625,nan,0.756103515625,nan,1,0.1226806640625,0.13427734375,0.009226725455857298,8,3,22,189,206,20260920,761,19.93573600007221
adder,S2,6,0.05,1,8,1024,8192,0.119140625,0.11230336966784302,0.12633490422357527,2.7081298828125,2.4642333984375,0.120361328125,nan,0.1219482421875,0.7589111328125,nan,0.7589111328125,nan,1,0.1134033203125,0.125244140625,0.009249768110631013,8,3,22,189,206,20260920,761,16.029088499955833
adder,S2,6,0.05,2,8,1024,8192,0.134033203125,0.12682695742029076,0.14158251217152723,2.2099609375,1.50537109375,0.1207275390625,nan,0.116455078125,nan,0.23583984375,nan,0.23583984375,1,0.127685546875,0.1405029296875,0.009790008620978233,8,3,22,189,206,20260920,761,16.245209700078703
adder,S2,6,0.05,3,8,1024,8192,0.131591796875,0.12444384158419167,0.13908510412231487,1.960205078125,0.5166015625,0.1199951171875,nan,0.1175537109375,nan,0.2392578125,nan,0.2392578125,1,0.12841796875,0.135009765625,0.0051078179796380605,8,3,22,189,206,20260920,761,16.06332910002675
adder,S2,6,0.05,4,8,1024,8192,0.1373291015625,0.13004545294307232,0.14495272389391609,1.930908203125,-0.47998046875,0.1192626953125,nan,0.1187744140625,nan,0.2310791015625,nan,0.2310791015625,1,0.130615234375,0.1441650390625,0.010645843065054944,8,3,22,189,206,20260920,761,16.015717100002803
adder,S2,6,0.05,5,8,1024,8192,0.138427734375,0.1311186069888489,0.14607580559652963,2.1859130859375,-1.4661865234375,0.11962890625,nan,0.1175537109375,nan,0.23486328125,nan,0.23486328125,1,0.132568359375,0.1435546875,0.008509472865744739,8,3,22,189,206,20260920,761,16.115334799978882
adder,S2,6,0.05,6,8,1024,8192,0.1273193359375,0.12027540799117334,0.13471262091603822,2.70068359375,-2.462890625,0.118896484375,nan,0.1170654296875,nan,0.2379150390625,nan,0.2379150390625,1,0.1239013671875,0.130615234375,0.005270271763897193,8,3,22,189,206,20260920,761,16.073618500027806
phase,S1,2,0.0,0,8,1024,8192,1.0,0.9995312917117791,1.0,0.0,0.0,0.0,0.0,nan,0.0,nan,0.0,nan,0,1.0,1.0,0.0,8,2,8,45,37,20260920,761,0.09526819991879165
phase,S1,2,0.0,1,8,1024,8192,1.0,0.9995312917117791,1.0,0.0,0.0,0.0,nan,0.0,0.0,nan,nan,0.0,0,1.0,1.0,0.0,8,2,8,45,37,20260920,761,0.12870079989079386
phase,S1,2,0.0,2,8,1024,8192,1.0,0.9995312917117791,1.0,0.0,0.0,0.0,nan,0.0,nan,0.0,nan,0.0,0,1.0,1.0,0.0,8,2,8,45,37,20260920,761,0.121586799970828
phase,S1,2,0.001,0,8,1024,8192,0.9810791015625,0.9778953345436294,0.983811897056986,0.032470703125,0.032470703125,0.0052490234375,0.0189208984375,nan,0.00830078125,nan,0.0189208984375,nan,0,0.97705078125,0.984619140625,0.005811220933666659,8,2,8,45,37,20260920,761,1.8758995999814942
phase,S1,2,0.001,1,8,1024,8192,0.9798583984375,0.9765837349678786,0.9826832346900812,0.0238037109375,0.0072021484375,0.003662109375,nan,0.00830078125,0.0118408203125,nan,nan,0.00830078125,0,0.9774169921875,0.98193359375,0.0034600604981126974,8,2,8,45,37,20260920,761,1.8191720999311656
phase,S1,2,0.001,2,8,1024,8192,0.9805908203125,0.9773703315297909,0.9833607952937623,0.0225830078125,-0.0147705078125,0.00390625,nan,0.003173828125,nan,0.0155029296875,nan,0.003173828125,0,0.9766845703125,0.9842529296875,0.005869538711021146,8,2,8,45,37,20260920,761,1.7938592000864446
phase,S1,2,0.003,0,8,1024,8192,0.9420166015625,0.9367453957397474,0.9468734536958854,0.0963134765625,0.0963134765625,0.013427734375,0.0579833984375,nan,0.02490234375,nan,0.0579833984375,nan,0,0.938720703125,0.945556640625,0.005321721640368291,8,2,8,45,37,20260920,761,1.8563580999616534
phase,S1,2,0.003,1,8,1024,8192,0.9405517578125,0.9352217860067675,0.9454687490976783,0.0712890625,0.028564453125,0.0118408203125,nan,0.0213623046875,0.0380859375,nan,nan,0.0213623046875,0,0.936279296875,0.9447021484375,0.006549680476158665,8,2,8,45,37,20260920,761,1.7884408000390977
phase,S1,2,0.003,2,8,1024,8192,0.9443359375,0.9391596463513577,0.9490957007753208,0.0657958984375,-0.0411376953125,0.0123291015625,nan,0.0101318359375,nan,0.0433349609375,nan,0.0101318359375,0,0.94140625,0.947265625,0.004550643535239981,8,2,8,45,37,20260920,761,1.723400800023228
phase,S1,2,0.005,0,8,1024,8192,0.9033203125,0.8967305457612591,0.9095320000921876,0.1632080078125,0.1632080078125,0.023681640625,0.0966796875,nan,0.0428466796875,nan,0.0966796875,nan,0,0.896728515625,0.909912109375,0.01012185108661666,8,2,8,45,37,20260920,761,1.790279799955897
phase,S1,2,0.005,1,8,1024,8192,0.906005859375,0.8994948762856235,0.9121362458416659,0.11181640625,0.03955078125,0.017822265625,nan,0.0361328125,0.057861328125,nan,nan,0.0361328125,0,0.9005126953125,0.9119873046875,0.008885415549068692,8,2,8,45,37,20260920,761,1.8543238999554887
phase,S1,2,0.005,2,8,1024,8192,0.9083251953125,0.9018835124576714,0.9143841073606638,0.1092529296875,-0.0662841796875,0.021484375,nan,0.017578125,nan,0.0701904296875,nan,0.017578125,0,0.9034423828125,0.9127197265625,0.00716555259553457,8,2,8,45,37,20260920,761,1.7955917000072077
phase,S1,2,0.01,0,8,1024,8192,0.8153076171875,0.8067574222764885,0.8235622375114816,0.314208984375,0.314208984375,0.04541015625,0.1846923828125,nan,0.0841064453125,nan,0.1846923828125,nan,0,0.8079833984375,0.8214111328125,0.010471652996934701,8,2,8,45,37,20260920,761,1.8516039000824094
phase,S1,2,0.01,1,8,1024,8192,0.81689453125,0.8083716080977547,0.8251203922156679,0.2198486328125,0.0792236328125,0.0367431640625,nan,0.0703125,0.11279296875,nan,nan,0.0703125,0,0.80908203125,0.824462890625,0.011994523024667789,8,2,8,45,37,20260920,761,1.821136899990961
phase,S1,2,0.01,2,8,1024,8192,0.8243408203125,0.8159490483669364,0.832428549796686,0.2109375,-0.1181640625,0.04638671875,nan,0.0352783203125,nan,0.1292724609375,nan,0.0352783203125,0,0.8194580078125,0.830322265625,0.008472368158199782,8,2,8,45,37,20260920,761,1.7837729000020772
phase,S1,2,0.02,0,8,1024,8192,0.6876220703125,0.6774999229503323,0.6975683376358505,0.535400390625,0.535400390625,0.077392578125,0.3123779296875,nan,0.1456298828125,nan,0.3123779296875,nan,0,0.681640625,0.6947021484375,0.0101411812470397,8,2,8,45,37,20260920,761,1.8063458999386057
phase,S1,2,0.02,1,8,1024,8192,0.6900634765625,0.6799617336865595,0.6999870507849346,0.380126953125,0.14892578125,0.0701904296875,nan,0.1156005859375,0.1943359375,nan,nan,0.1156005859375,0,0.6815185546875,0.6981201171875,0.012700006644179642,8,2,8,45,37,20260920,761,1.8410287000006065
phase,S1,2,0.02,2,8,1024,8192,0.6883544921875,0.6782384320698831,0.698293985681893,0.3829345703125,-0.2374267578125,0.07275390625,nan,0.0712890625,nan,0.2388916015625,nan,0.0712890625,0,0.68017578125,0.69580078125,0.012134971462357435,8,2,8,45,37,20260920,761,1.8090576999820769
phase,S1,2,0.03,0,8,1024,8192,0.5745849609375,0.5638462222151246,0.5852537824811392,0.7335205078125,0.7335205078125,0.10107421875,0.4254150390625,nan,0.20703125,nan,0.4254150390625,nan,0,0.5665283203125,0.582275390625,0.012061775281751641,8,2,8,45,37,20260920,761,1.8339621999766678
phase,S1,2,0.03,1,8,1024,8192,0.5888671875,0.5781729650251142,0.5994781044002215,0.5142822265625,0.2103271484375,0.1031494140625,nan,0.1519775390625,0.2591552734375,nan,nan,0.1519775390625,0,0.5791015625,0.5994873046875,0.01614812081770137,8,2,8,45,37,20260920,761,1.8370716000208631
phase,S1,2,0.03,2,8,1024,8192,0.5828857421875,0.5721717567153107,0.593522029191012,0.51416015625,-0.30419921875,0.10498046875,nan,0.0970458984375,nan,0.3121337890625,nan,0.0970458984375,0,0.5758026123046875,0.58935546875,0.01044560001799702,8,2,8,45,37,20260920,761,1.8151027000276372
phase,S1,2,0.05,0,8,1024,8192,0.4376220703125,0.426911001035892,0.4483916136944011,1.0147705078125,1.0147705078125,0.1517333984375,0.5623779296875,nan,0.3006591796875,nan,0.5623779296875,nan,0,0.4290771484375,0.4464111328125,0.013333233310687597,8,2,8,45,37,20260920,761,1.8839308000169694
phase,S1,2,0.05,1,8,1024,8192,0.44921875,0.43847366288785533,0.4600114402976671,0.6944580078125,0.2850341796875,0.1436767578125,nan,0.2047119140625,0.3460693359375,nan,nan,0.2047119140625,0,0.4427490234375,0.453857421875,0.008858542336153763,8,2,8,45,37,20260920,761,1.808421399910003
phase,S1,2,0.05,2,8,1024,8192,0.4471435546875,0.4364041194109817,0.4579325384720261,0.7015380859375,-0.4093017578125,0.1461181640625,nan,0.148681640625,nan,0.40673828125,nan,0.148681640625,0,0.437255859375,0.457763671875,0.015828039579815954,8,2,8,45,37,20260920,761,1.7982985000126064
phase,S1,4,0.0,0,8,1024,8192,1.0,0.9995312917117791,1.0,0.0,0.0,0.0,0.0,nan,0.0,nan,0.0,nan,1,1.0,1.0,0.0,8,3,15,89,106,20260920,761,0.1354309000307694
phase,S1,4,0.0,1,8,1024,8192,1.0,0.9995312917117791,1.0,0.0,0.0,0.0,nan,0.0,0.0,nan,0.0,nan,1,1.0,1.0,0.0,8,3,15,89,106,20260920,761,0.14996949990745634
phase,S1,4,0.0,2,8,1024,8192,1.0,0.9995312917117791,1.0,0.0,0.0,0.0,nan,0.0,nan,0.0,nan,0.0,1,1.0,1.0,0.0,8,3,15,89,106,20260920,761,0.1542143999831751
phase,S1,4,0.0,3,8,1024,8192,1.0,0.9995312917117791,1.0,0.0,0.0,0.0,nan,0.0,nan,0.0,nan,0.0,1,1.0,1.0,0.0,8,3,15,89,106,20260920,761,0.15835080004762858
phase,S1,4,0.0,4,8,1024,8192,1.0,0.9995312917117791,1.0,0.0,0.0,0.0,nan,0.0,nan,0.0,nan,0.0,1,1.0,1.0,0.0,8,3,15,89,106,20260920,761,0.15357070008758456
phase,S1,4,0.001,0,8,1024,8192,0.9359130859375,0.9304026633999634,0.9410148763223909,0.2037353515625,0.2037353515625,0.0191650390625,0.0640869140625,nan,0.03857421875,nan,0.03857421875,nan,1,0.928955078125,0.9432373046875,0.01102308150424647,8,3,15,89,106,20260920,761,4.81053380004596
phase,S1,4,0.001,1,8,1024,8192,0.93310546875,0.9274897227684854,0.9383152144857606,0.1409912109375,0.1124267578125,0.0162353515625,nan,0.0142822265625,0.0526123046875,nan,0.0526123046875,nan,1,0.9290771484375,0.937255859375,0.0063503385472885275,8,3,15,89,106,20260920,761,4.7371358999516815
phase,S1,4,0.001,2,8,1024,8192,0.93212890625,0.9264771740273421,0.9373755536727795,0.1312255859375,0.0738525390625,0.017333984375,nan,0.0045166015625,nan,0.024169921875,nan,0.024169921875,1,0.9246826171875,0.9390869140625,0.011158970287846664,8,3,15,89,106,20260920,761,4.625913500087336
phase,S1,4,0.001,3,8,1024,8192,0.94140625,0.9361104499335051,0.9462882685307998,0.10400390625,0.030517578125,0.0169677734375,nan,0.001953125,nan,0.0047607421875,nan,0.0047607421875,1,0.9381103515625,0.9437255859375,0.004304477851713591,8,3,15,89,106,20260920,761,4.666143299895339
phase,S1,4,0.001,4,8,1024,8192,0.9368896484375,0.9314165303825999,0.9419532188938788,0.108642578125,-0.04833984375,0.017578125,nan,0.00732421875,nan,0.0106201171875,nan,0.0106201171875,1,0.929931640625,0.944091796875,0.011133760875566947,8,3,15,89,106,20260920,761,4.705148000037298
phase,S1,4,0.003,0,8,1024,8192,0.8287353515625,0.8204235168074508,0.836739024349732,0.5125732421875,0.5125732421875,0.047119140625,0.1712646484375,nan,0.09521484375,nan,0.09521484375,nan,1,0.8221405029296875,0.83544921875,0.010147896150107555,8,3,15,89,106,20260920,761,4.755523500032723
phase,S1,4,0.003,1,8,1024,8192,0.82958984375,0.8212937772809141,0.8375769472361276,0.3941650390625,0.3248291015625,0.049560546875,nan,0.03466796875,0.1357421875,nan,0.1357421875,nan,1,0.8211669921875,0.8377685546875,0.013039421256191877,8,3,15,89,106,20260920,761,4.680702799931169
phase,S1,4,0.003,2,8,1024,8192,0.828125,0.819801947412727,0.836140462773128,0.3526611328125,0.2071533203125,0.05029296875,nan,0.0130615234375,nan,0.0596923828125,nan,0.0596923828125,1,0.822509765625,0.83447265625,0.00927917921222985,8,3,15,89,106,20260920,761,4.743802799959667
phase,S1,4,0.003,3,8,1024,8192,0.8304443359375,0.822164112027844,0.8384147958490569,0.302734375,0.07275390625,0.04833984375,nan,0.00830078125,nan,0.019775390625,nan,0.019775390625,1,0.82421875,0.836669921875,0.00963836585511637,8,3,15,89,106,20260920,761,4.7432539000874385
phase,S1,4,0.003,4,8,1024,8192,0.820068359375,0.81160068832277,0.8282359930415573,0.3341064453125,-0.1429443359375,0.0535888671875,nan,0.025146484375,nan,0.0350341796875,nan,0.0350341796875,1,0.8076171875,0.8327667236328125,0.0195713177181601,8,3,15,89,106,20260920,761,4.670284299994819
phase,S1,4,0.005,0,8,1024,8192,0.7288818359375,0.7191498800383881,0.7383992342095577,0.844970703125,0.844970703125,0.08056640625,0.2711181640625,nan,0.1563720703125,nan,0.1563720703125,nan,1,0.718505859375,0.7384033203125,0.015298427866457328,8,3,15,89,106,20260920,761,4.733912899973802
phase,S1,4,0.005,1,8,1024,8192,0.72802734375,0.7182862909170934,0.7375546399709932,0.6251220703125,0.5098876953125,0.0770263671875,nan,0.0576171875,0.21435546875,nan,0.21435546875,nan,1,0.7188690185546875,0.738525390625,0.015254393898255184,8,3,15,89,106,20260920,761,4.798059400054626
phase,S1,4,0.005,2,8,1024,8192,0.7305908203125,0.7208771932868846,0.7400882876807792,0.536865234375,0.2841796875,0.0733642578125,nan,0.02783203125,nan,0.0985107421875,nan,0.0985107421875,1,0.720458984375,0.739990234375,0.01506058492284155,8,3,15,89,106,20260920,761,4.740183799993247
phase,S1,4,0.005,3,8,1024,8192,0.7335205078125,0.7238387232045663,0.742983386425471,0.4957275390625,0.0926513671875,0.0762939453125,nan,0.0174560546875,nan,0.0433349609375,nan,0.0433349609375,1,0.723388671875,0.74267578125,0.015141780727614795,8,3,15,89,106,20260920,761,4.670146599994041
phase,S1,4,0.005,4,8,1024,8192,0.721435546875,0.7116258145617553,0.7310377018359906,0.512939453125,-0.19775390625,0.08837890625,nan,0.033935546875,nan,0.0506591796875,nan,0.0506591796875,1,0.71044921875,0.7327880859375,0.01732636865837391,8,3,15,89,106,20260920,761,4.753426399896853
phase,S1,4,0.01,0,8,1024,8192,0.5479736328125,0.53717622908277,0.5587260652635995,1.4400634765625,1.4400634765625,0.1444091796875,0.4520263671875,nan,0.2752685546875,nan,0.2752685546875,nan,1,0.54052734375,0.55517578125,0.011357881897275239,8,3,15,89,106,20260920,761,4.9442802999401465
phase,S1,4,0.01,1,8,1024,8192,0.5537109375,0.5429235350053604,0.5644479904714909,1.0657958984375,0.8961181640625,0.1300048828125,nan,0.0848388671875,0.3614501953125,nan,0.3614501953125,nan,1,0.5382080078125,0.5692169189453125,0.023565036187635138,8,3,15,89,106,20260920,761,4.737821499933489
phase,S1,4,0.01,2,8,1024,8192,0.5615234375,0.5507519858066993,0.5722372161031485,0.919921875,0.538818359375,0.1341552734375,nan,0.041015625,nan,0.1495361328125,nan,0.1495361328125,1,0.5523651123046875,0.569580078125,0.013511495550003628,8,3,15,89,106,20260920,761,4.66507999994792
phase,S1,4,0.01,3,8,1024,8192,0.5635986328125,0.5528318717167053,0.5743057754956571,0.822265625,0.17041015625,0.1318359375,nan,0.031494140625,nan,0.0750732421875,nan,0.0750732421875,1,0.5491943359375,0.5782470703125,0.022393736207768505,8,3,15,89,106,20260920,761,4.718818999943323
phase,S1,4,0.01,4,8,1024,8192,0.550537109375,0.5397439954669132,0.5612828489590331,0.8682861328125,-0.3240966796875,0.142333984375,nan,0.0579833984375,nan,0.0911865234375,nan,0.0911865234375,1,0.53564453125,0.566162109375,0.02362710462726657,8,3,15,89,106,20260920,761,4.7735979000572115
phase,S1,4,0.02,0,8,1024,8192,0.333740234375,0.32360900086410993,0.3440273225461823,2.25634765625,2.25634765625,0.2230224609375,0.666259765625,nan,0.46484375,nan,0.46484375,nan,1,0.3233642578125,0.3436279296875,0.01580489010731832,8,3,15,89,106,20260920,761,4.746126699959859
phase,S1,4,0.02,1,8,1024,8192,0.3388671875,0.3286951103305615,0.3491903132388848,1.7474365234375,1.5360107421875,0.2215576171875,nan,0.105712890625,0.555419921875,nan,0.555419921875,nan,1,0.3280029296875,0.34912109375,0.01629091582253906,8,3,15,89,106,20260920,761,4.656900500063784
phase,S1,4,0.02,2,8,1024,8192,0.3533935546875,0.34311298844430377,0.36381155224274536,1.4276123046875,0.8521728515625,0.2120361328125,nan,0.07275390625,nan,0.2149658203125,nan,0.2149658203125,1,0.3427734375,0.3641357421875,0.016344663284488328,8,3,15,89,106,20260920,761,4.694366700015962
phase,S1,4,0.02,3,8,1024,8192,0.3460693359375,0.33584214478230245,0.3564408242488124,1.3243408203125,0.3109130859375,0.2266845703125,nan,0.0589599609375,nan,0.1363525390625,nan,0.1363525390625,1,0.3314208984375,0.3592529296875,0.021439542686571122,8,3,15,89,106,20260920,761,4.767143300035968
phase,S1,4,0.02,4,8,1024,8192,0.3355712890625,0.32542531365500676,0.345871402669269,1.3319091796875,-0.4349365234375,0.2314453125,nan,0.08056640625,nan,0.138427734375,nan,0.138427734375,1,0.3288543701171875,0.3421630859375,0.0103209503032849,8,3,15,89,106,20260920,761,4.671829900005832
phase,S1,4,0.03,0,8,1024,8192,0.2288818359375,0.2199127148173964,0.23810510771877028,2.7347412109375,2.7347412109375,0.275390625,0.7711181640625,nan,0.57177734375,nan,0.57177734375,nan,1,0.2186279296875,0.238037109375,0.014965299705281664,8,3,15,89,106,20260920,761,4.670500700012781
phase,S1,4,0.03,1,8,1024,8192,0.2381591796875,0.2290592603172991,0.247504552983051,2.104248046875,1.849853515625,0.2694091796875,nan,0.127197265625,0.6346435546875,nan,0.6346435546875,nan,1,0.23193359375,0.2445068359375,0.00975777446726761,8,3,15,89,106,20260920,761,4.7320114999311045
phase,S1,4,0.03,2,8,1024,8192,0.2442626953125,0.23508002515898505,0.2536850978546436,1.74609375,1.044677734375,0.268798828125,nan,0.100830078125,nan,0.2498779296875,nan,0.2498779296875,1,0.2352294921875,0.2532958984375,0.013874038446951818,8,3,15,89,106,20260920,761,4.656184599967673
phase,S1,4,0.03,3,8,1024,8192,0.245849609375,0.23664584278084946,0.2552916207582316,1.5738525390625,0.3248291015625,0.2698974609375,nan,0.0816650390625,nan,0.1842041015625,nan,0.1842041015625,1,0.23681640625,0.2554931640625,0.014538744796991328,8,3,15,89,106,20260920,761,4.625048299902119
phase,S1,4,0.03,4,8,1024,8192,0.2264404296875,0.21750676192413643,0.23563053672671885,1.605712890625,-0.4951171875,0.2823486328125,nan,0.0872802734375,nan,0.17724609375,nan,0.17724609375,1,0.2166748046875,0.23583984375,0.014896865692085464,8,3,15,89,106,20260920,761,4.676970100030303
phase,S1,4,0.05,0,8,1024,8192,0.1553955078125,0.14771209251859313,0.16340196106969979,3.1485595703125,3.1485595703125,0.3243408203125,0.8446044921875,nan,0.6800537109375,nan,0.6800537109375,nan,1,0.147216796875,0.1636962890625,0.012844011322004275,8,3,15,89,106,20260920,761,4.692604699986987
phase,S1,4,0.05,1,8,1024,8192,0.1622314453125,0.1544067574407737,0.1703727630263912,2.489990234375,2.237060546875,0.332763671875,nan,0.12646484375,0.7113037109375,nan,0.7113037109375,nan,1,0.1566162109375,0.1671142578125,0.008227627031309605,8,3,15,89,106,20260920,761,4.699272500001825
phase,S1,4,0.05,2,8,1024,8192,0.1650390625,0.15715782787156463,0.1732342950637084,2.04541015625,1.3076171875,0.3245849609375,nan,0.1170654296875,nan,0.2518310546875,nan,0.2518310546875,1,0.1572265625,0.1727294921875,0.012005876101534689,8,3,15,89,106,20260920,761,4.733137900009751
phase,S1,4,0.05,3,8,1024,8192,0.16357421875,0.1557223817350839,0.1717414268690023,1.8251953125,0.404296875,0.33056640625,nan,0.1021728515625,nan,0.2237548828125,nan,0.2237548828125,1,0.15576171875,0.1722412109375,0.012786204506015178,8,3,15,89,106,20260920,761,4.739360300009139
phase,S1,4,0.05,4,8,1024,8192,0.152587890625,0.1449640215724647,0.16053742954772007,1.8387451171875,-0.4888916015625,0.3394775390625,nan,0.1041259765625,nan,0.2091064453125,nan,0.2091064453125,1,0.1478271484375,0.1571044921875,0.00717149172013107,8,3,15,89,106,20260920,761,4.800441100029275
phase,S1,6,0.0,0,8,1024,8192,1.0,0.9995312917117791,1.0,0.0,0.0,0.0,0.0,nan,0.0,nan,0.0,nan,1,1.0,1.0,0.0,8,3,21,105,165,20260920,761,0.15441620000638068
phase,S1,6,0.0,1,8,1024,8192,1.0,0.9995312917117791,1.0,0.0,0.0,0.0,nan,0.0,0.0,nan,0.0,nan,1,1.0,1.0,0.0,8,3,21,105,165,20260920,761,0.19341740000527352
phase,S1,6,0.0,2,8,1024,8192,1.0,0.9995312917117791,1.0,0.0,0.0,0.0,nan,0.0,nan,0.0,nan,0.0,1,1.0,1.0,0.0,8,3,21,105,165,20260920,761,0.16743350005708635
phase,S1,6,0.0,3,8,1024,8192,1.0,0.9995312917117791,1.0,0.0,0.0,0.0,nan,0.0,nan,0.0,nan,0.0,1,1.0,1.0,0.0,8,3,21,105,165,20260920,761,0.17490399989765137
phase,S1,6,0.0,4,8,1024,8192,1.0,0.9995312917117791,1.0,0.0,0.0,0.0,nan,0.0,nan,0.0,nan,0.0,1,1.0,1.0,0.0,8,3,21,105,165,20260920,761,0.17048349999822676
phase,S1,6,0.0,5,8,1024,8192,1.0,0.9995312917117791,1.0,0.0,0.0,0.0,nan,0.0,nan,0.0,nan,0.0,1,1.0,1.0,0.0,8,3,21,105,165,20260920,761,0.16945409995969385
phase,S1,6,0.0,6,8,1024,8192,1.0,0.9995312917117791,1.0,0.0,0.0,0.0,nan,0.0,nan,0.0,nan,0.0,1,1.0,1.0,0.0,8,3,21,105,165,20260920,761,0.17184500000439584
phase,S1,6,0.001,0,8,1024,8192,0.9056396484375,0.8991178311171387,0.911781212427354,0.27490234375,0.27490234375,0.01220703125,0.0943603515625,nan,0.048828125,nan,0.048828125,nan,1,0.8984375,0.9132080078125,0.011303774966794512,8,3,21,105,165,20260920,761,10.3766309999628
phase,S1,6,0.001,1,8,1024,8192,0.9071044921875,0.900626187335786,0.9132011705398934,0.19873046875,0.161376953125,0.0067138671875,nan,0.0186767578125,0.07421875,nan,0.07421875,nan,1,0.9010009765625,0.9134521484375,0.009460027307340196,8,3,21,105,165,20260920,761,10.234659300069325
phase,S1,6,0.001,2,8,1024,8192,0.9034423828125,0.8968561639632686,0.9096504080844436,0.18212890625,0.11279296875,0.007080078125,nan,0.00537109375,nan,0.029296875,nan,0.029296875,1,0.8973388671875,0.9093017578125,0.009256209774524193,8,3,21,105,165,20260920,761,10.26094190008007
phase,S1,6,0.001,3,8,1024,8192,0.911376953125,0.9050283044286316,0.917339970246343,0.15087890625,0.0400390625,0.009521484375,nan,0.0045166015625,nan,0.01123046875,nan,0.01123046875,1,0.905517578125,0.91796875,0.009873152437571526,8,3,21,105,165,20260920,761,9.997318200068548
phase,S1,6,0.001,4,8,1024,8192,0.9071044921875,0.900626187335786,0.9132011705398934,0.1627197265625,-0.0474853515625,0.0069580078125,nan,0.011474609375,nan,0.016357421875,nan,0.016357421875,1,0.9027069091796875,0.9114990234375,0.006854596266850081,8,3,21,105,165,20260920,761,10.293301299912855
phase,S1,6,0.001,5,8,1024,8192,0.902587890625,0.895976901873505,0.9088214868143484,0.1903076171875,-0.1287841796875,0.007080078125,nan,0.00927734375,nan,0.021240234375,nan,0.021240234375,1,0.8975830078125,0.9071044921875,0.007377503346606172,8,3,21,105,165,20260920,761,10.27304749994073
phase,S1,6,0.001,6,8,1024,8192,0.903564453125,0.8969817852899762,0.9097688129520016,0.20263671875,-0.174560546875,0.0140380859375,nan,0.0062255859375,nan,0.0128173828125,nan,0.0128173828125,1,0.8970947265625,0.9094268798828125,0.009593204445502197,8,3,21,105,165,20260920,761,10.28685829997994
phase,S1,6,0.003,0,8,1024,8192,0.7501220703125,0.7406310463297797,0.7593786257203753,0.764404296875,0.764404296875,0.0283203125,0.2498779296875,nan,0.14404296875,nan,0.14404296875,nan,1,0.7393798828125,0.7593994140625,0.015576423338907245,8,3,21,105,165,20260920,761,10.493317099986598
phase,S1,6,0.003,1,8,1024,8192,0.748046875,0.738531025310259,0.7573302014373813,0.55712890625,0.45849609375,0.017822265625,nan,0.04931640625,0.20263671875,nan,0.20263671875,nan,1,0.7410888671875,0.7552490234375,0.010974308280857777,8,3,21,105,165,20260920,761,10.320050899987109
phase,S1,6,0.003,2,8,1024,8192,0.7518310546875,0.7423606908164475,0.7610653479534255,0.48779296875,0.3076171875,0.0201416015625,nan,0.0166015625,nan,0.073486328125,nan,0.073486328125,1,0.7432861328125,0.7607421875,0.013394401097993362,8,3,21,105,165,20260920,761,10.150763700017706
phase,S1,6,0.003,3,8,1024,8192,0.750244140625,0.7407545858932112,0.7594991123512094,0.4525146484375,0.1229248046875,0.0303955078125,nan,0.0174560546875,nan,0.037353515625,nan,0.037353515625,1,0.7407196044921875,0.761962890625,0.0166282119352558,8,3,21,105,165,20260920,761,10.34306079999078
phase,S1,6,0.003,4,8,1024,8192,0.751220703125,0.7417429382125476,0.7604629695859977,0.44970703125,-0.1435546875,0.01806640625,nan,0.0301513671875,nan,0.047607421875,nan,0.047607421875,1,0.738525390625,0.76708984375,0.022298092223726258,8,3,21,105,165,20260920,761,10.047429899917915
phase,S1,6,0.003,5,8,1024,8192,0.749755859375,0.7402604335964658,0.7590171598708926,0.4820556640625,-0.3270263671875,0.013427734375,nan,0.0206298828125,nan,0.0501708984375,nan,0.0501708984375,1,0.7413330078125,0.7598876953125,0.014149328141338848,8,3,21,105,165,20260920,761,10.316229399992153
phase,S1,6,0.003,6,8,1024,8192,0.7540283203125,0.7445848076376824,0.7632337026289708,0.5587158203125,-0.4935302734375,0.0325927734375,nan,0.015380859375,nan,0.038818359375,nan,0.038818359375,1,0.745361328125,0.76318359375,0.013696142962798247,8,3,21,105,165,20260920,761,10.084056099993177
phase,S1,6,0.005,0,8,1024,8192,0.6131591796875,0.6025620395845445,0.6236502424996399,1.190185546875,1.190185546875,0.0460205078125,0.3868408203125,nan,0.22607421875,nan,0.22607421875,nan,1,0.6063201904296875,0.620849609375,0.011357881897275239,8,3,21,105,165,20260920,761,10.244165499927476
phase,S1,6,0.005,1,8,1024,8192,0.6273193359375,0.6167914812937064,0.6377278393252842,0.8575439453125,0.7298583984375,0.0262451171875,nan,0.0638427734375,0.308837890625,nan,0.308837890625,nan,1,0.621337890625,0.6334228515625,0.009495962963065535,8,3,21,105,165,20260920,761,10.330330100026913
phase,S1,6,0.005,2,8,1024,8192,0.6290283203125,0.6185094723909775,0.6394262149477311,0.748779296875,0.484130859375,0.0333251953125,nan,0.0272216796875,nan,0.1051025390625,nan,0.1051025390625,1,0.6201171875,0.6358642578125,0.012346441654923686,8,3,21,105,165,20260920,761,10.06951790000312
phase,S1,6,0.005,3,8,1024,8192,0.62548828125,0.6149509316355347,0.6359079960694723,0.681640625,0.16357421875,0.0440673828125,nan,0.0279541015625,nan,0.0595703125,nan,0.0595703125,1,0.61572265625,0.6356201171875,0.01572928369358862,8,3,21,105,165,20260920,761,10.257178000058047
phase,S1,6,0.005,4,8,1024,8192,0.6317138671875,0.6212094560232605,0.6420948075892906,0.6851806640625,-0.2088623046875,0.0322265625,nan,0.044189453125,nan,0.072021484375,nan,0.072021484375,1,0.6219482421875,0.6439208984375,0.01708635567082294,8,3,21,105,165,20260920,761,10.386396799935028
phase,S1,6,0.005,5,8,1024,8192,0.622314453125,0.6117610242480083,0.6327532224060939,0.7994384765625,-0.5643310546875,0.02880859375,nan,0.0377197265625,nan,0.087646484375,nan,0.087646484375,1,0.6080322265625,0.6356201171875,0.0216470480048808,8,3,21,105,165,20260920,761,10.232528799911961
phase,S1,6,0.005,6,8,1024,8192,0.619384765625,0.6088169188639687,0.6298406991277599,0.8739013671875,-0.7664794921875,0.0537109375,nan,0.0302734375,nan,0.0611572265625,nan,0.0611572265625,1,0.60400390625,0.6374542236328125,0.025778026296694425,8,3,21,105,165,20260920,761,10.246744999894872
phase,S1,6,0.01,0,8,1024,8192,0.4085693359375,0.39796978870832816,0.4192545917867591,1.8922119140625,1.8922119140625,0.0692138671875,0.5914306640625,nan,0.3798828125,nan,0.3798828125,nan,1,0.3962371826171875,0.4210205078125,0.019121949452115507,8,3,21,105,165,20260920,761,10.206701899995096
phase,S1,6,0.01,1,8,1024,8192,0.4215087890625,0.41085489219528876,0.43223626489194905,1.4647216796875,1.2679443359375,0.0516357421875,nan,0.098388671875,0.4801025390625,nan,0.4801025390625,nan,1,0.4075927734375,0.435546875,0.02151566246069821,8,3,21,105,165,20260920,761,10.246028500027023
phase,S1,6,0.01,2,8,1024,8192,0.4259033203125,0.41523268126181634,0.43664341881898205,1.21923828125,0.78857421875,0.06201171875,nan,0.0504150390625,nan,0.1649169921875,nan,0.1649169921875,1,0.415283203125,0.4344482421875,0.015078666219873506,8,3,21,105,165,20260920,761,10.233661500038579
phase,S1,6,0.01,3,8,1024,8192,0.4237060546875,0.41304367849675283,0.4344399500872652,1.1160888671875,0.2855224609375,0.0712890625,nan,0.0484619140625,nan,0.109130859375,nan,0.109130859375,1,0.41455078125,0.43359375,0.014535816137372752,8,3,21,105,165,20260920,761,10.421251200023107
phase,S1,6,0.01,4,8,1024,8192,0.41796875,0.40732897072573115,0.4286854267278051,1.1339111328125,-0.3065185546875,0.0577392578125,nan,0.072998046875,nan,0.1234130859375,nan,0.1234130859375,1,0.4107666015625,0.42578125,0.011822918715255749,8,3,21,105,165,20260920,761,10.245243299985304
phase,S1,6,0.01,5,8,1024,8192,0.4268798828125,0.4162056407465678,0.43762266888835516,1.21435546875,-0.83642578125,0.0491943359375,nan,0.0606689453125,nan,0.124755859375,nan,0.124755859375,1,0.4158935546875,0.43725891113281246,0.016699239146029735,8,3,21,105,165,20260920,761,10.245049600023776
phase,S1,6,0.01,6,8,1024,8192,0.4127197265625,0.4021019209005166,0.42341935019960014,1.484619140625,-1.3408203125,0.0718994140625,nan,0.0528564453125,nan,0.116943359375,nan,0.116943359375,1,0.4014892578125,0.4228515625,0.016662485869874566,8,3,21,105,165,20260920,761,10.168241300038062
phase,S1,6,0.02,0,8,1024,8192,0.2252197265625,0.21630395005768402,0.23439308665051553,2.69189453125,2.69189453125,0.096923828125,0.7747802734375,nan,0.56689453125,nan,0.56689453125,nan,1,0.2205810546875,0.230224609375,0.007545260148580145,8,3,21,105,165,20260920,761,10.311432800022885
phase,S1,6,0.02,1,8,1024,8192,0.240478515625,0.23134684751905193,0.249853463472344,2.0765380859375,1.8524169921875,0.0865478515625,nan,0.112060546875,0.6474609375,nan,0.6474609375,nan,1,0.2320556640625,0.249267578125,0.013161615691691974,8,3,21,105,165,20260920,761,10.206365999998525
phase,S1,6,0.02,2,8,1024,8192,0.2430419921875,0.23387566686410596,0.252449194206867,1.7353515625,1.123779296875,0.0859375,nan,0.0892333984375,nan,0.216552734375,nan,0.216552734375,1,0.2292449951171875,0.2547607421875,0.019818187335697724,8,3,21,105,165,20260920,761,10.134644599980675
phase,S1,6,0.02,3,8,1024,8192,0.2486572265625,0.23941655274346246,0.25813351326372674,1.5797119140625,0.3839111328125,0.099853515625,nan,0.0863037109375,nan,0.181396484375,nan,0.181396484375,1,0.23876953125,0.2613525390625,0.01740628979255959,8,3,21,105,165,20260920,761,10.213740900042467
phase,S1,6,0.02,4,8,1024,8192,0.240966796875,0.23182849244188725,0.25034792332657096,1.5548095703125,-0.3956298828125,0.08837890625,nan,0.093994140625,nan,0.1676025390625,nan,0.1676025390625,1,0.232421875,0.24853515625,0.012503378275354065,8,3,21,105,165,20260920,761,10.566967699909583
phase,S1,6,0.02,5,8,1024,8192,0.246337890625,0.2371276671935655,0.2557859011225779,1.738037109375,-1.176025390625,0.0833740234375,nan,0.09033203125,nan,0.1829833984375,nan,0.1829833984375,1,0.234619140625,0.2574462890625,0.017247558294573785,8,3,21,105,165,20260920,761,10.228530999971554
phase,S1,6,0.02,6,8,1024,8192,0.213623046875,0.20488284469673487,0.22263170355623543,2.1712646484375,-1.9774169921875,0.096923828125,nan,0.08642578125,nan,0.1790771484375,nan,0.1790771484375,1,0.20361328125,0.2222900390625,0.014416410142006,8,3,21,105,165,20260920,761,10.28093489992898
phase,S1,6,0.03,0,8,1024,8192,0.1610107421875,0.15321090413754368,0.1691283543869655,3.0924072265625,3.0924072265625,0.107666015625,0.8389892578125,nan,0.666748046875,nan,0.666748046875,nan,1,0.15283203125,0.1688232421875,0.012313293077405675,8,3,21,105,165,20260920,761,10.53344420006033
phase,S1,6,0.03,1,8,1024,8192,0.1680908203125,0.16014906633110057,0.1763437114608117,2.434814453125,2.185791015625,0.105712890625,nan,0.12451171875,0.7073974609375,nan,0.7073974609375,nan,1,0.1580810546875,0.177734375,0.015240432596893162,8,3,21,105,165,20260920,761,10.283325099968351
phase,S1,6,0.03,2,8,1024,8192,0.17431640625,0.16625415707229585,0.18268395662716058,1.975341796875,1.272705078125,0.1016845703125,nan,0.1112060546875,nan,0.2401123046875,nan,0.2401123046875,1,0.1651611328125,0.1854248046875,0.01594435087785936,8,3,21,105,165,20260920,761,10.290935200056992
phase,S1,6,0.03,3,8,1024,8192,0.1785888671875,0.17044615629957094,0.18703287419918047,1.7958984375,0.480712890625,0.1138916015625,nan,0.103759765625,nan,0.2060546875,nan,0.2060546875,1,0.16650390625,0.189453125,0.017843036529501425,8,3,21,105,165,20260920,761,10.224210499902256
phase,S1,6,0.03,4,8,1024,8192,0.1712646484375,0.16326097565026793,0.1795764831925492,1.8079833984375,-0.4876708984375,0.1077880859375,nan,0.1143798828125,nan,0.215576171875,nan,0.215576171875,1,0.1611328125,0.1795654296875,0.014389806668253296,8,3,21,105,165,20260920,761,10.311198299983516
phase,S1,6,0.03,5,8,1024,8192,0.171142578125,0.16314126785019276,0.17945216479835882,1.997802734375,-1.361572265625,0.0972900390625,nan,0.1038818359375,nan,0.2119140625,nan,0.2119140625,1,0.16162109375,0.1806640625,0.014826393018250953,8,3,21,105,165,20260920,761,10.05322330002673
phase,S1,6,0.03,6,8,1024,8192,0.156005859375,0.14830961853985353,0.16402456601976723,2.4736328125,-2.25048828125,0.111572265625,nan,0.1065673828125,nan,0.216552734375,nan,0.216552734375,1,0.14697265625,0.1663818359375,0.015144592206319163,8,3,21,105,165,20260920,761,10.621113399975002
phase,S1,6,0.05,0,8,1024,8192,0.127685546875,0.12063259950227317,0.1350875079877351,3.43115234375,3.43115234375,0.1226806640625,0.872314453125,nan,0.7373046875,nan,0.7373046875,nan,1,0.12255859375,0.133544921875,0.008461305651286789,8,3,21,105,165,20260920,761,10.311672699986957
phase,S1,6,0.05,1,8,1024,8192,0.133544921875,0.12635026846133832,0.1410830963534174,2.6265869140625,2.3914794921875,0.1142578125,nan,0.1175537109375,0.7489013671875,nan,0.7489013671875,nan,1,0.126708984375,0.141845703125,0.011831558043200891,8,3,21,105,165,20260920,761,10.023154999944381
phase,S1,6,0.05,2,8,1024,8192,0.1385498046875,0.13123785613480723,0.1462005826448369,2.1474609375,1.400146484375,0.114501953125,nan,0.1199951171875,nan,0.253662109375,nan,0.253662109375,1,0.130615234375,0.1463623046875,0.011839471889117837,8,3,21,105,165,20260920,761,10.18711479997728
phase,S1,6,0.05,3,8,1024,8192,0.133544921875,0.12635026846133832,0.1410830963534174,1.93505859375,0.49072265625,0.1156005859375,nan,0.1112060546875,nan,0.2373046875,nan,0.2373046875,1,0.1268310546875,0.139892578125,0.01010501219442598,8,3,21,105,165,20260920,761,10.28108450002037
phase,S1,6,0.05,4,8,1024,8192,0.14208984375,0.13469692250158102,0.14981827591176464,1.9228515625,-0.521484375,0.1151123046875,nan,0.1212158203125,nan,0.235595703125,nan,0.235595703125,1,0.1373291015625,0.146728515625,0.007289258079025185,8,3,21,105,165,20260920,761,10.431437299936078
phase,S1,6,0.05,5,8,1024,8192,0.134521484375,0.12730367897091469,0.1420818953979656,2.1531982421875,-1.4456787109375,0.1136474609375,nan,0.1220703125,nan,0.2303466796875,nan,0.2303466796875,1,0.1290283203125,0.138916015625,0.007613788447198556,8,3,21,105,165,20260920,761,10.183375500026159
phase,S1,6,0.05,6,8,1024,8192,0.128173828125,0.12110888517242181,0.13558732709464874,2.6583251953125,-2.4222412109375,0.1180419921875,nan,0.1187744140625,nan,0.23193359375,nan,0.23193359375,1,0.12158203125,0.1356201171875,0.010933887118537778,8,3,21,105,165,20260920,761,10.400461000041105
phase,S2,2,0.0,0,8,1024,8192,0.8773193359375,0.8700376675756942,0.8842472988991859,0.2021484375,0.2021484375,0.021728515625,0.1226806640625,nan,0.0577392578125,nan,0.1226806640625,nan,0,0.871826171875,0.882568359375,0.008186125495376083,8,2,8,45,37,20260920,761,1.8985948000336066
phase,S2,2,0.0,1,8,1024,8192,0.878662109375,0.8714133588709796,0.8855558957408218,0.1571044921875,0.0611572265625,0.0357666015625,nan,0.0479736328125,0.0733642578125,nan,nan,0.0479736328125,0,0.8746337890625,0.883056640625,0.006638778301523146,8,2,8,45,37,20260920,761,1.8489239999325946
phase,S2,2,0.0,2,8,1024,8192,0.883056640625,0.8759176002566658,0.8898365973486961,0.1480712890625,-0.0804443359375,0.0338134765625,nan,0.0311279296875,nan,0.0831298828125,nan,0.0311279296875,0,0.8778076171875,0.8885498046875,0.008347834730736185,8,2,8,45,37,20260920,761,1.8184543999377638
phase,S2,2,0.001,0,8,1024,8192,0.8614501953125,0.8537994173551632,0.8687621438651928,0.23291015625,0.23291015625,0.0281982421875,0.1385498046875,nan,0.066162109375,nan,0.1385498046875,nan,0,0.8577880859375,0.8651123046875,0.005704746799583947,8,2,8,45,37,20260920,761,2.4775923000415787
phase,S2,2,0.001,1,8,1024,8192,0.860107421875,0.8524269982833061,0.8674502748001285,0.178466796875,0.069580078125,0.03857421875,nan,0.054443359375,0.08544921875,nan,nan,0.054443359375,0,0.857666015625,0.8626708984375,0.003966815627263653,8,2,8,45,37,20260920,761,2.07134170003701
phase,S2,2,0.001,2,8,1024,8192,0.862060546875,0.854423322175386,0.8693583700162978,0.1744384765625,-0.1016845703125,0.036376953125,nan,0.0364990234375,nan,0.1015625,nan,0.0364990234375,0,0.8555908203125,0.8681640625,0.009649843783070657,8,2,8,45,37,20260920,761,2.0204465999267995
phase,S2,2,0.003,0,8,1024,8192,0.8302001953125,0.8219154373524478,0.838175418135922,0.281005859375,0.281005859375,0.0341796875,0.1697998046875,nan,0.0770263671875,nan,0.1697998046875,nan,0,0.824951171875,0.8343505859375,0.007390188394944006,8,2,8,45,37,20260920,761,2.475880299927667
phase,S2,2,0.003,1,8,1024,8192,0.82958984375,0.8212937772809141,0.8375769472361276,0.2154541015625,0.0850830078125,0.0450439453125,nan,0.065185546875,0.105224609375,nan,nan,0.065185546875,0,0.8262939453125,0.8331298828125,0.0052199461311020386,8,2,8,45,37,20260920,761,2.078671699971892
phase,S2,2,0.003,2,8,1024,8192,0.8328857421875,0.824651196000656,0.8408082357615563,0.209228515625,-0.121337890625,0.0439453125,nan,0.0421142578125,nan,0.1231689453125,nan,0.0421142578125,0,0.8248291015625,0.8392333984375,0.011261512073586033,8,2,8,45,37,20260920,761,2.0232135000405833
phase,S2,2,0.005,0,8,1024,8192,0.8001708984375,0.7913719701214985,0.8086884415775406,0.334716796875,0.334716796875,0.043701171875,0.1998291015625,nan,0.0911865234375,nan,0.1998291015625,nan,0,0.7930908203125,0.807861328125,0.011530499453455413,8,2,8,45,37,20260920,761,2.4683328000828624
phase,S2,2,0.005,1,8,1024,8192,0.8018798828125,0.7931080346299908,0.8103687437887663,0.2489013671875,0.0948486328125,0.05078125,nan,0.0770263671875,0.12109375,nan,nan,0.0770263671875,0,0.798095703125,0.80615234375,0.006207951378829964,8,2,8,45,37,20260920,761,2.0891375999199226
phase,S2,2,0.005,2,8,1024,8192,0.8017578125,0.7929840217792485,0.810248730445243,0.2457275390625,-0.1400146484375,0.0528564453125,nan,0.0474853515625,nan,0.1453857421875,nan,0.0474853515625,0,0.7940673828125,0.810302734375,0.012440567416075866,8,2,8,45,37,20260920,761,2.0329764999914914
phase,S2,2,0.01,0,8,1024,8192,0.7265625,0.7168059566359823,0.7361066599209176,0.465576171875,0.465576171875,0.0633544921875,0.2734375,nan,0.1287841796875,nan,0.2734375,nan,0,0.7198486328125,0.7333984375,0.010334966058846057,8,2,8,45,37,20260920,761,2.4727319000521675
phase,S2,2,0.01,1,8,1024,8192,0.7275390625,0.7177928315529597,0.7370719945580647,0.337890625,0.130126953125,0.0654296875,nan,0.1038818359375,0.1685791015625,nan,nan,0.1038818359375,0,0.7181396484375,0.736572265625,0.014522336696063733,8,2,8,45,37,20260920,761,2.0637821001000702
phase,S2,2,0.01,2,8,1024,8192,0.7259521484375,0.7161891894064762,0.7355032961790957,0.33984375,-0.202880859375,0.0684814453125,nan,0.0657958984375,nan,0.20556640625,nan,0.0657958984375,0,0.72021484375,0.7305908203125,0.008219343488276814,8,2,8,45,37,20260920,761,2.032563600107096
phase,S2,2,0.02,0,8,1024,8192,0.6275634765625,0.6170369000270183,0.6379704729805035,0.6473388671875,0.6473388671875,0.0931396484375,0.3724365234375,nan,0.1817626953125,nan,0.3724365234375,nan,0,0.6212158203125,0.634033203125,0.009889525121418236,8,2,8,45,37,20260920,761,2.4704222000436857
phase,S2,2,0.02,1,8,1024,8192,0.618896484375,0.6083262741197513,0.6293552390949149,0.4752197265625,0.1827392578125,0.0941162109375,nan,0.146240234375,0.23486328125,nan,nan,0.146240234375,0,0.6107177734375,0.6279296875,0.013529129652567121,8,2,8,45,37,20260920,761,2.044879899942316
phase,S2,2,0.02,2,8,1024,8192,0.6146240234375,0.6040336119898025,0.6251069844255687,0.4805908203125,-0.2916259765625,0.094482421875,nan,0.09521484375,nan,0.2908935546875,nan,0.09521484375,0,0.608154296875,0.620361328125,0.009204550237441857,8,2,8,45,37,20260920,761,2.025655600009486
phase,S2,2,0.03,0,8,1024,8192,0.5257568359375,0.5149342931130814,0.5365552338769541,0.825927734375,0.825927734375,0.1148681640625,0.4742431640625,nan,0.23681640625,nan,0.4742431640625,nan,0,0.5179443359375,0.5330810546875,0.011810668849515734,8,2,8,45,37,20260920,761,2.460431999992579
phase,S2,2,0.03,1,8,1024,8192,0.5328369140625,0.5220200455369183,0.5436230007205204,0.5897216796875,0.2476806640625,0.12255859375,nan,0.1710205078125,0.296142578125,nan,nan,0.1710205078125,0,0.5225830078125,0.54296875,0.015763351455808816,8,2,8,45,37,20260920,761,2.0801361000631005
phase,S2,2,0.03,2,8,1024,8192,0.52880859375,0.5179882293560847,0.5396019524905902,0.5924072265625,-0.3399658203125,0.126220703125,nan,0.1212158203125,nan,0.344970703125,nan,0.1212158203125,0,0.5220947265625,0.5345458984375,0.00975166412795831,8,2,8,45,37,20260920,761,2.060391500010155
phase,S2,2,0.05,0,8,1024,8192,0.4066162109375,0.39602552714879785,0.4172944342380403,1.074951171875,1.074951171875,0.158935546875,0.5933837890625,nan,0.3226318359375,nan,0.5933837890625,nan,0,0.4027099609375,0.41162414550781246,0.0069434604250357326,8,2,8,45,37,20260920,761,2.479168300051242
phase,S2,2,0.05,1,8,1024,8192,0.4197998046875,0.40915265279291546,0.43052213757460434,0.738525390625,0.299072265625,0.1583251953125,nan,0.2197265625,0.3604736328125,nan,nan,0.2197265625,0,0.413330078125,0.42724609375,0.010754070892585982,8,2,8,45,37,20260920,761,2.0534119999501854
phase,S2,2,0.05,2,8,1024,8192,0.4124755859375,0.4018588326492198,0.42317438606236574,0.7569580078125,-0.4427490234375,0.1571044921875,nan,0.16943359375,nan,0.430419921875,nan,0.16943359375,0,0.399658203125,0.42529296875,0.019669831320738726,8,2,8,45,37,20260920,761,2.0833675999892876
phase,S2,4,0.0,0,8,1024,8192,0.72607421875,0.7163125410342708,0.7356239707455667,0.83935546875,0.83935546875,0.0689697265625,0.27392578125,nan,0.16552734375,nan,0.16552734375,nan,1,0.7171630859375,0.734375,0.01315384996241425,8,3,15,89,106,20260920,761,4.734149900032207
phase,S2,4,0.0,1,8,1024,8192,0.698486328125,0.688457496532225,0.7083290953435935,0.732666015625,0.597412109375,0.0958251953125,nan,0.067626953125,0.23388671875,nan,0.23388671875,nan,1,0.6876220703125,0.7083770751953125,0.016086837405663017,8,3,15,89,106,20260920,761,4.763760100002401
phase,S2,4,0.0,2,8,1024,8192,0.69091796875,0.680823444346147,0.700833523485206,0.6512451171875,0.3441162109375,0.0948486328125,nan,0.037841796875,nan,0.11572265625,nan,0.11572265625,1,0.6844482421875,0.6971435546875,0.009890386090829298,8,3,15,89,106,20260920,761,4.871836000005715
phase,S2,4,0.0,3,8,1024,8192,0.6761474609375,0.6659337175195602,0.6861960808056587,0.6312255859375,0.1661376953125,0.1060791015625,nan,0.0179443359375,nan,0.0533447265625,nan,0.0533447265625,1,0.6666259765625,0.6865234375,0.015280606612074206,8,3,15,89,106,20260920,761,4.70755240006838
phase,S2,4,0.0,4,8,1024,8192,0.6912841796875,0.6811927611609183,0.7011962852532316,0.5999755859375,-0.2674560546875,0.0933837890625,nan,0.05078125,nan,0.06884765625,nan,0.06884765625,1,0.6780975341796875,0.7056915283203125,0.02134720249015365,8,3,15,89,106,20260920,761,4.722574800020084
phase,S2,4,0.001,0,8,1024,8192,0.68603515625,0.6758999197790636,0.6959960002816667,1.0074462890625,1.0074462890625,0.088134765625,0.31396484375,nan,0.19775390625,nan,0.19775390625,nan,1,0.677001953125,0.695068359375,0.013869741653612242,8,3,15,89,106,20260920,761,7.321369500015862
phase,S2,4,0.001,1,8,1024,8192,0.6568603515625,0.6465082194795534,0.6670654401517054,0.834228515625,0.6884765625,0.109375,nan,0.0728759765625,0.270263671875,nan,0.270263671875,nan,1,0.64404296875,0.6719970703125,0.021337627248394983,8,3,15,89,106,20260920,761,5.5888953999383375
phase,S2,4,0.001,2,8,1024,8192,0.653564453125,0.6431905756625322,0.6637943767235561,0.7242431640625,0.3856201171875,0.10400390625,nan,0.0396728515625,nan,0.129638671875,nan,0.129638671875,1,0.6434326171875,0.66357421875,0.015517820880928422,8,3,15,89,106,20260920,761,5.5681600999087095
phase,S2,4,0.001,3,8,1024,8192,0.646240234375,0.6358199814114598,0.6565233993186943,0.69091796875,0.171875,0.11376953125,nan,0.0225830078125,nan,0.0596923828125,nan,0.0596923828125,1,0.6348876953125,0.658935546875,0.01886236039348099,8,3,15,89,106,20260920,761,5.57615400000941
phase,S2,4,0.001,4,8,1024,8192,0.652099609375,0.6417162425947217,0.6623403954601798,0.68603515625,-0.299560546875,0.1060791015625,nan,0.05859375,nan,0.07861328125,nan,0.07861328125,1,0.635009765625,0.6702911376953125,0.02718259068655445,8,3,15,89,106,20260920,761,5.589161100098863
phase,S2,4,0.003,0,8,1024,8192,0.6199951171875,0.6094302406405772,0.6304475083224792,1.2115478515625,1.2115478515625,0.106689453125,0.3800048828125,nan,0.2403564453125,nan,0.2403564453125,nan,1,0.6083984375,0.6309814453125,0.017635675105818555,8,3,15,89,106,20260920,761,7.257006700034253
phase,S2,4,0.003,1,8,1024,8192,0.58740234375,0.5767031315312054,0.5980196235629434,0.9986572265625,0.8214111328125,0.128173828125,nan,0.088623046875,0.323974609375,nan,0.323974609375,nan,1,0.5743408203125,0.6015625,0.021325252864567004,8,3,15,89,106,20260920,761,5.756312799989246
phase,S2,4,0.003,2,8,1024,8192,0.583251953125,0.5725391311327235,0.593886733356396,0.88671875,0.49609375,0.12841796875,nan,0.04638671875,nan,0.14892578125,nan,0.14892578125,1,0.57080078125,0.5953369140625,0.01904207444099676,8,3,15,89,106,20260920,761,5.657858600025065
phase,S2,4,0.003,3,8,1024,8192,0.5736083984375,0.5628669508147633,0.584280844327376,0.822509765625,0.19482421875,0.1351318359375,nan,0.0264892578125,nan,0.0712890625,nan,0.0712890625,1,0.564697265625,0.583251953125,0.014596611258242805,8,3,15,89,106,20260920,761,5.715091499965638
phase,S2,4,0.003,4,8,1024,8192,0.57177734375,0.5610309318717693,0.5824564703563865,0.861572265625,-0.340576171875,0.13720703125,nan,0.0689697265625,nan,0.0970458984375,nan,0.0970458984375,1,0.5618896484375,0.5816650390625,0.015218627392069915,8,3,15,89,106,20260920,761,5.733345199958421
phase,S2,4,0.005,0,8,1024,8192,0.542724609375,0.5319193210606002,0.5534898469323496,1.494384765625,1.494384765625,0.1376953125,0.457275390625,nan,0.298828125,nan,0.298828125,nan,1,0.5283203125,0.5572509765625,0.022218521506353485,8,3,15,89,106,20260920,761,7.155079799937084
phase,S2,4,0.005,1,8,1024,8192,0.5224609375,0.5116364964965374,0.5332643232483276,1.1759033203125,0.9698486328125,0.1502685546875,nan,0.10302734375,0.37451171875,nan,0.37451171875,nan,1,0.5069580078125,0.5390625,0.024957675528809554,8,3,15,89,106,20260920,761,5.506854900042526
phase,S2,4,0.005,2,8,1024,8192,0.5274658203125,0.516644447527622,0.5382614461821316,1.0196533203125,0.5733642578125,0.1505126953125,nan,0.052734375,nan,0.17041015625,nan,0.17041015625,1,0.517822265625,0.53857421875,0.01594808873206584,8,3,15,89,106,20260920,761,5.629783799988218
phase,S2,4,0.005,3,8,1024,8192,0.51708984375,0.506263319653424,0.5279003475437559,0.9246826171875,0.1917724609375,0.1529541015625,nan,0.0364990234375,nan,0.0855712890625,nan,0.0855712890625,1,0.503662109375,0.5310119628906249,0.02151605821290706,8,3,15,89,106,20260920,761,5.7080212000291795
phase,S2,4,0.005,4,8,1024,8192,0.5174560546875,0.5066296328717487,0.5282661129082279,0.9429931640625,-0.3673095703125,0.1553955078125,nan,0.06884765625,nan,0.101318359375,nan,0.101318359375,1,0.5023162841796875,0.5341796875,0.024685640730697806,8,3,15,89,106,20260920,761,5.641761600039899
phase,S2,4,0.01,0,8,1024,8192,0.421630859375,0.4109764857477949,0.4323586975337085,1.9599609375,1.9599609375,0.1893310546875,0.578369140625,nan,0.3892822265625,nan,0.3892822265625,nan,1,0.4066131591796875,0.4344482421875,0.021847516915231537,8,3,15,89,106,20260920,761,7.180689699947834
phase,S2,4,0.01,1,8,1024,8192,0.411376953125,0.40076496897650876,0.42207201398668664,1.5086669921875,1.2750244140625,0.1920166015625,nan,0.1168212890625,0.4718017578125,nan,0.4718017578125,nan,1,0.4039306640625,0.418212890625,0.01105778781140636,8,3,15,89,106,20260920,761,5.642770200036466
phase,S2,4,0.01,2,8,1024,8192,0.408447265625,0.39784826726699785,0.4191320870338239,1.301513671875,0.763671875,0.1929931640625,nan,0.06884765625,nan,0.2000732421875,nan,0.2000732421875,1,0.39453125,0.4215087890625,0.020969310419212888,8,3,15,89,106,20260920,761,5.6086578000104055
phase,S2,4,0.01,3,8,1024,8192,0.413330078125,0.402709653349051,0.4240317487223935,1.169921875,0.25048828125,0.1953125,nan,0.0521240234375,nan,0.1180419921875,nan,0.1180419921875,1,0.3990447998046875,0.4254150390625,0.020289078508334352,8,3,15,89,106,20260920,761,5.593095800024457
phase,S2,4,0.01,4,8,1024,8192,0.4085693359375,0.39796978870832816,0.4192545917867591,1.199462890625,-0.39697265625,0.2056884765625,nan,0.0799560546875,nan,0.12841796875,nan,0.12841796875,1,0.3995361328125,0.4188232421875,0.015065107281602088,8,3,15,89,106,20260920,761,5.5462749999715015
phase,S2,4,0.02,0,8,1024,8192,0.28955078125,0.2798296323784017,0.2994692087077538,2.4857177734375,2.4857177734375,0.2462158203125,0.71044921875,nan,0.51806640625,nan,0.51806640625,nan,1,0.28173828125,0.297607421875,0.01224185879937517,8,3,15,89,106,20260920,761,7.322883400018327
phase,S2,4,0.02,1,8,1024,8192,0.2777099609375,0.26811736149159354,0.2875109387508015,1.947265625,1.69775390625,0.248779296875,nan,0.124755859375,0.5975341796875,nan,0.5975341796875,nan,1,0.2718505859375,0.28345031738281246,0.009100351446003525,8,3,15,89,106,20260920,761,5.8420044999802485
phase,S2,4,0.02,2,8,1024,8192,0.2828369140625,0.2731876366393049,0.2926897637622442,1.6495361328125,1.0128173828125,0.25244140625,nan,0.0867919921875,nan,0.2315673828125,nan,0.2315673828125,1,0.2711181640625,0.296142578125,0.01901477781115308,8,3,15,89,106,20260920,761,5.6919892999576405
phase,S2,4,0.02,3,8,1024,8192,0.2703857421875,0.2608768636489539,0.2801098649375069,1.5157470703125,0.3614501953125,0.2623291015625,nan,0.0738525390625,nan,0.161376953125,nan,0.161376953125,1,0.2620849609375,0.2791748046875,0.013158380528137045,8,3,15,89,106,20260920,761,5.633048800053075
phase,S2,4,0.02,4,8,1024,8192,0.26953125,0.2600323530091289,0.279246192217473,1.5323486328125,-0.4818115234375,0.26416015625,nan,0.0970458984375,nan,0.1663818359375,nan,0.1663818359375,1,0.2623291015625,0.276611328125,0.011048543456039806,8,3,15,89,106,20260920,761,5.742830600007437
phase,S2,4,0.03,0,8,1024,8192,0.2073974609375,0.1987558342297187,0.2163133781157075,2.83251953125,2.83251953125,0.287353515625,0.7926025390625,nan,0.599853515625,nan,0.599853515625,nan,1,0.20166015625,0.2135009765625,0.009010079144163054,8,3,15,89,106,20260920,761,7.18142080004327
phase,S2,4,0.03,1,8,1024,8192,0.2003173828125,0.19179169024381243,0.20912400283421062,2.30224609375,2.04248046875,0.305419921875,nan,0.1298828125,0.6697998046875,nan,0.6697998046875,nan,1,0.1925048828125,0.2080078125,0.011976762297324112,8,3,15,89,106,20260920,761,5.681360500049777
phase,S2,4,0.03,2,8,1024,8192,0.20947265625,0.20079782667790863,0.21841983097003226,1.8714599609375,1.1483154296875,0.2918701171875,nan,0.106201171875,nan,0.25537109375,nan,0.25537109375,1,0.2015380859375,0.2177734375,0.012341613032698925,8,3,15,89,106,20260920,761,5.671335199964233
phase,S2,4,0.03,3,8,1024,8192,0.2109375,0.20223944142068895,0.21990653055843878,1.677490234375,0.33349609375,0.2911376953125,nan,0.09619140625,nan,0.2015380859375,nan,0.2015380859375,1,0.2005615234375,0.2203369140625,0.015423152153477912,8,3,15,89,106,20260920,761,5.640674499911256
phase,S2,4,0.03,4,8,1024,8192,0.1982421875,0.1897512695547569,0.20701597822075146,1.6910400390625,-0.5252685546875,0.297607421875,nan,0.093017578125,nan,0.189697265625,nan,0.189697265625,1,0.19189453125,0.205810546875,0.010824310681512737,8,3,15,89,106,20260920,761,5.741304300026968
phase,S2,4,0.05,0,8,1024,8192,0.14697265625,0.13947065078185283,0.1548055954021157,3.2305908203125,3.2305908203125,0.33740234375,0.85302734375,nan,0.696533203125,nan,0.696533203125,nan,1,0.1409912109375,0.153076171875,0.009468124721516268,8,3,15,89,106,20260920,761,7.337593300035223
phase,S2,4,0.05,1,8,1024,8192,0.15966796875,0.1518956529832068,0.16775931740438108,2.5189208984375,2.2515869140625,0.3372802734375,nan,0.1336669921875,0.7066650390625,nan,0.7066650390625,nan,1,0.15087890625,0.1685791015625,0.01392855354279987,8,3,15,89,106,20260920,761,5.683017399976961
phase,S2,4,0.05,2,8,1024,8192,0.14599609375,0.13851566893163628,0.1538083676982077,2.1480712890625,1.4000244140625,0.35009765625,nan,0.12158203125,nan,0.25244140625,nan,0.25244140625,1,0.1395263671875,0.1513671875,0.008980734899236094,8,3,15,89,106,20260920,761,5.750763099989854
phase,S2,4,0.05,3,8,1024,8192,0.1536865234375,0.14603924565760798,0.16165844121096692,1.869140625,0.41064453125,0.3394775390625,nan,0.1107177734375,nan,0.232666015625,nan,0.232666015625,1,0.145751953125,0.1624755859375,0.012944387641479094,8,3,15,89,106,20260920,761,5.713602400035597
phase,S2,4,0.05,4,8,1024,8192,0.1480712890625,0.14054514414210967,0.15592733779024898,1.889404296875,-0.552978515625,0.3348388671875,nan,0.1143798828125,nan,0.2252197265625,nan,0.2252197265625,1,0.138427734375,0.157958984375,0.01526276454908264,8,3,15,89,106,20260920,761,5.6302893999964
phase,S2,6,0.0,0,8,1024,8192,0.6397705078125,0.6293114994590063,0.6500984929750726,1.1689453125,1.1689453125,0.036865234375,0.3602294921875,nan,0.236328125,nan,0.236328125,nan,1,0.6328125,0.646484375,0.010600957515685657,8,3,21,105,165,20260920,761,10.081868799985386
phase,S2,6,0.0,1,8,1024,8192,0.6165771484375,0.6059958652059874,0.627049150317633,0.9163818359375,0.7586669921875,0.03125,nan,0.078857421875,0.3045654296875,nan,0.3045654296875,nan,1,0.6051025390625,0.6292724609375,0.01870414940687035,8,3,21,105,165,20260920,761,9.863530700094998
phase,S2,6,0.0,2,8,1024,8192,0.611328125,0.6007227153590085,0.6218291738111923,0.828125,0.484375,0.0279541015625,nan,0.0438232421875,nan,0.1280517578125,nan,0.1280517578125,1,0.601806640625,0.62109375,0.014874556847390447,8,3,21,105,165,20260920,761,9.916307899984531
phase,S2,6,0.0,3,8,1024,8192,0.59326171875,0.582583050817974,0.6038529616009222,0.7894287109375,0.2386474609375,0.06298828125,nan,0.0291748046875,nan,0.0665283203125,nan,0.0665283203125,1,0.5838623046875,0.6025390625,0.014606524860447948,8,3,21,105,165,20260920,761,9.966687000007369
phase,S2,6,0.0,4,8,1024,8192,0.603759765625,0.593121832203472,0.6143004329222633,0.7625732421875,-0.2586669921875,0.0321044921875,nan,0.0576171875,nan,0.0810546875,nan,0.0810546875,1,0.587158203125,0.62158203125,0.026233799924432744,8,3,21,105,165,20260920,761,9.988113300059922
phase,S2,6,0.0,5,8,1024,8192,0.57373046875,0.5629893574064744,0.5844024639299306,0.897705078125,-0.603271484375,0.0401611328125,nan,0.0362548828125,nan,0.09912109375,nan,0.09912109375,1,0.5596923828125,0.5894775390625,0.02266322437295264,8,3,21,105,165,20260920,761,10.29825799993705
phase,S2,6,0.0,6,8,1024,8192,0.5743408203125,0.5636014003642936,0.5850105519434391,1.019775390625,-0.90478515625,0.0574951171875,nan,0.031494140625,nan,0.0693359375,nan,0.0693359375,1,0.5635986328125,0.5836181640625,0.01581942977999221,8,3,21,105,165,20260920,761,10.02207010006532
phase,S2,6,0.001,0,8,1024,8192,0.5771484375,0.5664170128534557,0.5878075419223853,1.365478515625,1.365478515625,0.046142578125,0.4228515625,nan,0.270751953125,nan,0.270751953125,nan,1,0.5628662109375,0.5899658203125,0.0207028617739331,8,3,21,105,165,20260920,761,15.261457500047982
phase,S2,6,0.001,1,8,1024,8192,0.5679931640625,0.5572369668586649,0.5786856233472583,1.0582275390625,0.8929443359375,0.0380859375,nan,0.0826416015625,0.349365234375,nan,0.349365234375,nan,1,0.552734375,0.5802001953125,0.021267277081332518,8,3,21,105,165,20260920,761,11.818582399981096
phase,S2,6,0.001,2,8,1024,8192,0.555908203125,0.5451250144994763,0.5666389824741552,0.944091796875,0.55517578125,0.0357666015625,nan,0.0479736328125,nan,0.146484375,nan,0.146484375,1,0.54931640625,0.5633544921875,0.010833746374731031,8,3,21,105,165,20260920,761,11.875918000005186
phase,S2,6,0.001,3,8,1024,8192,0.550048828125,0.5392548748546473,0.5607958647942368,0.8695068359375,0.2401123046875,0.06396484375,nan,0.03271484375,nan,0.0791015625,nan,0.0791015625,1,0.535888671875,0.5614013671875,0.019827208001669375,8,3,21,105,165,20260920,761,11.658182900049724
phase,S2,6,0.001,4,8,1024,8192,0.551025390625,0.5402331265577999,0.5617698226452089,0.8731689453125,-0.2972412109375,0.0357666015625,nan,0.064453125,nan,0.0960693359375,nan,0.0960693359375,1,0.5396728515625,0.5653076171875,0.02011373334163345,8,3,21,105,165,20260920,761,11.921196599956602
phase,S2,6,0.001,5,8,1024,8192,0.5211181640625,0.5102930849463426,0.5319234466616011,0.993896484375,-0.684326171875,0.041015625,nan,0.042724609375,nan,0.1070556640625,nan,0.1070556640625,1,0.508544921875,0.5345458984375,0.020175868358484686,8,3,21,105,165,20260920,761,11.870277100009844
phase,S2,6,0.001,6,8,1024,8192,0.52392578125,0.5131021256378978,0.5347270084381541,1.1695556640625,-1.0535888671875,0.0579833984375,nan,0.0399169921875,nan,0.0797119140625,nan,0.0797119140625,1,0.5054931640625,0.5443115234375,0.029684929987442703,8,3,21,105,165,20260920,761,11.615028000087477
phase,S2,6,0.003,0,8,1024,8192,0.4832763671875,0.4724654236350707,0.49410298775054606,1.713623046875,1.713623046875,0.0621337890625,0.5167236328125,nan,0.343994140625,nan,0.343994140625,nan,1,0.47265625,0.494140625,0.01674811805287353,8,3,21,105,165,20260920,761,15.673542800010182
phase,S2,6,0.003,1,8,1024,8192,0.4697265625,0.4589357664346579,0.48054573738748046,1.3499755859375,1.1507568359375,0.048828125,nan,0.099609375,0.4306640625,nan,0.4306640625,nan,1,0.4609375,0.480712890625,0.015659838393306116,8,3,21,105,165,20260920,761,12.214017900056206
phase,S2,6,0.003,2,8,1024,8192,0.474609375,0.46381039955871656,0.4854321520340447,1.1502685546875,0.7135009765625,0.0452880859375,nan,0.06005859375,nan,0.1583251953125,nan,0.1583251953125,1,0.4537353515625,0.49560546875,0.03218214268219547,8,3,21,105,165,20260920,761,12.076381399994716
phase,S2,6,0.003,3,8,1024,8192,0.45166015625,0.44090866225696507,0.46245696481386883,1.1005859375,0.321533203125,0.0814208984375,nan,0.0478515625,nan,0.101806640625,nan,0.101806640625,1,0.445068359375,0.45849609375,0.010295343039896815,8,3,21,105,165,20260920,761,12.188194400048815
phase,S2,6,0.003,4,8,1024,8192,0.471923828125,0.4611292230488977,0.482744752270021,1.04443359375,-0.3505859375,0.04638671875,nan,0.0758056640625,nan,0.1163330078125,nan,0.1163330078125,1,0.4610595703125,0.483642578125,0.017521843803914687,8,3,21,105,165,20260920,761,12.022308000014164
phase,S2,6,0.003,5,8,1024,8192,0.4395751953125,0.42885798079439297,0.4503490530441494,1.226318359375,-0.850830078125,0.0509033203125,nan,0.06005859375,nan,0.1405029296875,nan,0.1405029296875,1,0.4274871826171875,0.4510498046875,0.018384569499269744,8,3,21,105,165,20260920,761,11.985969300032593
phase,S2,6,0.003,6,8,1024,8192,0.4412841796875,0.4305617265431087,0.45206167401515157,1.4171142578125,-1.2767333984375,0.0701904296875,nan,0.0491943359375,nan,0.105712890625,nan,0.105712890625,1,0.4315185546875,0.450927734375,0.014942523191503278,8,3,21,105,165,20260920,761,12.028796500060707
phase,S2,6,0.005,0,8,1024,8192,0.4150390625,0.4044113939570108,0.42574637483415173,1.936767578125,1.936767578125,0.0665283203125,0.5849609375,nan,0.398193359375,nan,0.398193359375,nan,1,0.406982421875,0.422607421875,0.012096317124411476,8,3,21,105,165,20260920,761,15.872536399983801
phase,S2,6,0.005,1,8,1024,8192,0.41259765625,0.4019803764370566,0.4232968684687945,1.5135498046875,1.3013916015625,0.0489501953125,nan,0.1060791015625,0.4813232421875,nan,0.4813232421875,nan,1,0.401611328125,0.423095703125,0.016223874732261865,8,3,21,105,165,20260920,761,12.676420100033283
phase,S2,6,0.005,2,8,1024,8192,0.4052734375,0.39468894830810164,0.41594672494181517,1.3031005859375,0.8028564453125,0.055908203125,nan,0.06884765625,nan,0.1812744140625,nan,0.1812744140625,1,0.3880615234375,0.4222412109375,0.02657050004265522,8,3,21,105,165,20260920,761,12.475723900017329
phase,S2,6,0.005,3,8,1024,8192,0.397705078125,0.38715704943633217,0.40834899976911926,1.184814453125,0.314697265625,0.0791015625,nan,0.0540771484375,nan,0.1142578125,nan,0.1142578125,1,0.3853759765625,0.410400390625,0.019654674195685878,8,3,21,105,165,20260920,761,12.364896500017494
phase,S2,6,0.005,4,8,1024,8192,0.404541015625,0.3939599400389024,0.4152115760454211,1.16015625,-0.359619140625,0.0537109375,nan,0.0740966796875,nan,0.1226806640625,nan,0.1226806640625,1,0.3944091796875,0.4129638671875,0.014359596481998966,8,3,21,105,165,20260920,761,11.869378499919549
phase,S2,6,0.005,5,8,1024,8192,0.3934326171875,0.38290633667194757,0.40405879573420894,1.3255615234375,-0.8936767578125,0.0594482421875,nan,0.0673828125,nan,0.140869140625,nan,0.140869140625,1,0.380615234375,0.4066162109375,0.020158979837249038,8,3,21,105,165,20260920,761,11.872189400019124
phase,S2,6,0.005,6,8,1024,8192,0.3890380859375,0.37853505873130416,0.39964513068129176,1.5518798828125,-1.3873291015625,0.082275390625,nan,0.0584716796875,nan,0.11865234375,nan,0.11865234375,1,0.37939453125,0.398681640625,0.014809728656357287,8,3,21,105,165,20260920,761,11.764441299950704
phase,S2,6,0.01,0,8,1024,8192,0.2987060546875,0.2888911009260187,0.3087097047300546,2.38330078125,2.38330078125,0.0804443359375,0.7012939453125,nan,0.50048828125,nan,0.50048828125,nan,1,0.2845428466796875,0.3106689453125,0.020172491785370627,8,3,21,105,165,20260920,761,15.406468600034714
phase,S2,6,0.01,1,8,1024,8192,0.29443359375,0.2846618193373573,0.304398069519421,1.916748046875,1.684814453125,0.07080078125,nan,0.115966796875,0.589599609375,nan,0.589599609375,nan,1,0.2867431640625,0.302001953125,0.011857438259417286,8,3,21,105,165,20260920,761,12.032511400058866
phase,S2,6,0.01,2,8,1024,8192,0.3125,0.30255260654054394,0.3226231590675389,1.543212890625,0.97314453125,0.0723876953125,nan,0.0804443359375,nan,0.20458984375,nan,0.20458984375,1,0.30322265625,0.32177734375,0.014361968204945522,8,3,21,105,165,20260920,761,11.750083400052972
phase,S2,6,0.01,3,8,1024,8192,0.3004150390625,0.29058310263534276,0.31043406974044857,1.4547119140625,0.3892822265625,0.095458984375,nan,0.07275390625,nan,0.1573486328125,nan,0.1573486328125,1,0.2919921875,0.30810546875,0.012450829936656325,8,3,21,105,165,20260920,761,11.778892799979076
phase,S2,6,0.01,4,8,1024,8192,0.3118896484375,0.3019478937579482,0.32200774087880674,1.3953857421875,-0.4251708984375,0.0721435546875,nan,0.090576171875,nan,0.158447265625,nan,0.158447265625,1,0.2987060546875,0.3248291015625,0.02047082588876205,8,3,21,105,165,20260920,761,11.78869700001087
phase,S2,6,0.01,5,8,1024,8192,0.2899169921875,0.2801919987089981,0.2998389209599542,1.6112060546875,-1.0914306640625,0.076416015625,nan,0.0850830078125,nan,0.172607421875,nan,0.172607421875,1,0.277587890625,0.3035888671875,0.020394146494587012,8,3,21,105,165,20260920,761,11.90619400003925
phase,S2,6,0.01,6,8,1024,8192,0.27099609375,0.26148011313751923,0.28072674642026946,1.9300537109375,-1.7537841796875,0.088134765625,nan,0.0728759765625,nan,0.1575927734375,nan,0.1575927734375,1,0.2626953125,0.2791748046875,0.012818130159972282,8,3,21,105,165,20260920,761,11.846307500032708
phase,S2,6,0.02,0,8,1024,8192,0.1937255859375,0.1853116303384689,0.20242664824921333,2.9500732421875,2.9500732421875,0.1026611328125,0.8062744140625,nan,0.6285400390625,nan,0.6285400390625,nan,1,0.1845703125,0.20263671875,0.013986509362697758,8,3,21,105,165,20260920,761,15.302369299926795
phase,S2,6,0.02,1,8,1024,8192,0.186279296875,0.17799615024052667,0.19485653049695573,2.3458251953125,2.0982666015625,0.0953369140625,nan,0.123779296875,0.68994140625,nan,0.68994140625,nan,1,0.178466796875,0.1964111328125,0.01404301337726368,8,3,21,105,165,20260920,761,12.24870060000103
phase,S2,6,0.02,2,8,1024,8192,0.2003173828125,0.19179169024381243,0.20912400283421062,1.9068603515625,1.2698974609375,0.0946044921875,nan,0.0950927734375,nan,0.223388671875,nan,0.223388671875,1,0.189208984375,0.2125244140625,0.01793442759350058,8,3,21,105,165,20260920,761,12.096921699936502
phase,S2,6,0.02,3,8,1024,8192,0.1937255859375,0.1853116303384689,0.20242664824921333,1.6981201171875,0.3568115234375,0.098388671875,nan,0.1026611328125,nan,0.2032470703125,nan,0.2032470703125,1,0.188720703125,0.1986083984375,0.007635007700738227,8,3,21,105,165,20260920,761,12.151887800078839
phase,S2,6,0.02,4,8,1024,8192,0.2099609375,0.2012783458567026,0.21891541656830057,1.669921875,-0.42626953125,0.0985107421875,nan,0.1002197265625,nan,0.187744140625,nan,0.187744140625,1,0.2017822265625,0.2188720703125,0.013184885436061004,8,3,21,105,165,20260920,761,11.681206199922599
phase,S2,6,0.02,5,8,1024,8192,0.1925048828125,0.18411203265037734,0.20118598399464915,1.9317626953125,-1.3114013671875,0.095703125,nan,0.1075439453125,nan,0.2078857421875,nan,0.2078857421875,1,0.18310546875,0.2041015625,0.01621915047841778,8,3,21,105,165,20260920,761,11.893227899912745
phase,S2,6,0.02,6,8,1024,8192,0.1767578125,0.16864936716772677,0.18516927041704107,2.3848876953125,-2.1800537109375,0.1024169921875,nan,0.099609375,nan,0.20654296875,nan,0.20654296875,1,0.1668701171875,0.1865234375,0.015387777904716004,8,3,21,105,165,20260920,761,11.970195400062948
phase,S2,6,0.03,0,8,1024,8192,0.157958984375,0.1502219841078746,0.16601661955999533,3.1949462890625,3.1949462890625,0.111328125,0.842041015625,nan,0.68505859375,nan,0.68505859375,nan,1,0.1510009765625,0.16748046875,0.01337722592745708,8,3,21,105,165,20260920,761,15.29640550003387
phase,S2,6,0.03,1,8,1024,8192,0.152587890625,0.1449640215724647,0.16053742954772007,2.4796142578125,2.2296142578125,0.0992431640625,nan,0.125,0.722412109375,nan,0.722412109375,nan,1,0.14501953125,0.160888671875,0.012349889514929718,8,3,21,105,165,20260920,761,18.028653299901634
phase,S2,6,0.03,2,8,1024,8192,0.1593017578125,0.15153698246216288,0.1673859093426283,2.0712890625,1.376708984375,0.103759765625,nan,0.112060546875,nan,0.2352294921875,nan,0.2352294921875,1,0.1512451171875,0.1688232421875,0.013854385084703871,8,3,21,105,165,20260920,761,14.271670200047083
phase,S2,6,0.03,3,8,1024,8192,0.1607666015625,0.15297175290154338,0.16887945323443468,1.83154296875,0.43701171875,0.110595703125,nan,0.109130859375,nan,0.2232666015625,nan,0.2232666015625,1,0.150146484375,0.171630859375,0.016670660267064576,8,3,21,105,165,20260920,761,12.222540799994022
phase,S2,6,0.03,4,8,1024,8192,0.1702880859375,0.16230335554717804,0.17858189374151454,1.8123779296875,-0.4600830078125,0.1080322265625,nan,0.1138916015625,nan,0.2117919921875,nan,0.2117919921875,1,0.1658935546875,0.1748046875,0.0068843451065216926,8,3,21,105,165,20260920,761,13.808028899948113
phase,S2,6,0.03,5,8,1024,8192,0.1634521484375,0.15560277153773605,0.17161701087208453,2.043701171875,-1.378662109375,0.1068115234375,nan,0.1083984375,nan,0.218017578125,nan,0.218017578125,1,0.1546630859375,0.17065734863281246,0.012406984025421855,8,3,21,105,165,20260920,761,22.723593199974857
phase,S2,6,0.03,6,8,1024,8192,0.1451416015625,0.13768015584397506,0.1529356974260099,2.541259765625,-2.31787109375,0.1116943359375,nan,0.108154296875,nan,0.21923828125,nan,0.21923828125,1,0.1395263671875,0.1510009765625,0.008842186610041956,8,3,21,105,165,20260920,761,21.007495899917558
phase,S2,6,0.05,0,8,1024,8192,0.13427734375,0.12706531413103192,0.1418322078493172,3.3642578125,3.3642578125,0.1124267578125,0.86572265625,nan,0.73095703125,nan,0.73095703125,nan,1,0.127685546875,0.14013977050781246,0.0098489746622337,8,3,21,105,165,20260920,761,28.550943300011568
phase,S2,6,0.05,1,8,1024,8192,0.129150390625,0.12206155984286653,0.13658686197832862,2.6846923828125,2.4368896484375,0.1214599609375,nan,0.1239013671875,0.7469482421875,nan,0.7469482421875,nan,1,0.12451171875,0.13427734375,0.007505658149822556,8,3,21,105,165,20260920,761,20.64823010005057
phase,S2,6,0.05,2,8,1024,8192,0.1358642578125,0.12861483006851876,0.1434550324372828,2.169677734375,1.406005859375,0.11669921875,nan,0.127197265625,nan,0.254638671875,nan,0.254638671875,1,0.130859375,0.140380859375,0.007353225670447829,8,3,21,105,165,20260920,761,20.71115780004766
phase,S2,6,0.05,3,8,1024,8192,0.13330078125,0.1261119362508921,0.14083337617533245,1.9658203125,0.448486328125,0.1239013671875,nan,0.1273193359375,nan,0.2508544921875,nan,0.2508544921875,1,0.124267578125,0.142578125,0.014064824956616696,8,3,21,105,165,20260920,761,20.48695139994379
phase,S2,6,0.05,4,8,1024,8192,0.143798828125,0.13636738943920476,0.1515641756938589,1.923583984375,-0.51806640625,0.1099853515625,nan,0.1220703125,nan,0.238037109375,nan,0.238037109375,1,0.1368408203125,0.15002746582031246,0.010292034236006154,8,3,21,105,165,20260920,761,20.312186499941163
phase,S2,6,0.05,5,8,1024,8192,0.126953125,0.11991823605252125,0.1343377142718936,2.2197265625,-1.516357421875,0.115966796875,nan,0.1285400390625,nan,0.244140625,nan,0.244140625,1,0.1199951171875,0.13427734375,0.011110027199812805,8,3,21,105,165,20260920,761,20.77303109993227
phase,S2,6,0.05,6,8,1024,8192,0.129638671875,0.12253794851034272,0.1370865780879147,2.7152099609375,-2.4678955078125,0.1236572265625,nan,0.12939453125,nan,0.2486572265625,nan,0.2486572265625,1,0.1185302734375,0.14050598144531246,0.01727912557478489,8,3,21,105,165,20260920,761,20.519193300046027
depth_optimal,S1,2,0.0,0,8,1024,8192,1.0,0.9995312917117791,1.0,0.0,0.0,0.0,0.0,nan,0.0,nan,0.0,nan,0,1.0,1.0,0.0,8,2,8,37,28,20260920,761,1.1555508999153972
depth_optimal,S1,2,0.0,1,8,1024,8192,1.0,0.9995312917117791,1.0,0.0,0.0,0.0,nan,0.0,0.0,nan,nan,0.0,0,1.0,1.0,0.0,8,2,8,37,28,20260920,761,1.1066465999465436
depth_optimal,S1,2,0.0,2,8,1024,8192,1.0,0.9995312917117791,1.0,0.0,0.0,0.0,nan,0.0,nan,0.0,nan,0.0,0,1.0,1.0,0.0,8,2,8,37,28,20260920,761,1.1200394000625238
depth_optimal,S1,2,0.001,0,8,1024,8192,0.9888916015625,0.9863818247079311,0.990943083325681,0.015625,0.015625,0.000732421875,0.0111083984375,nan,0.0037841796875,nan,0.0111083984375,nan,0,0.986083984375,0.99169921875,0.004334048690716531,8,2,8,37,28,20260920,761,2.1371025999542326
depth_optimal,S1,2,0.001,1,8,1024,8192,0.9857177734375,0.9829112728675082,0.988068954115199,0.0185546875,0.009765625,0.0042724609375,nan,0.00439453125,0.0098876953125,nan,nan,0.00439453125,0,0.983154296875,0.988525390625,0.004238695899112539,8,2,8,37,28,20260920,761,1.9718266000272706
depth_optimal,S1,2,0.001,2,8,1024,8192,0.9874267578125,0.9847752242524173,0.989621369450008,0.0150146484375,-0.0137939453125,0.0006103515625,nan,0.00244140625,nan,0.011962890625,nan,0.00244140625,0,0.984375,0.9906005859375,0.0047966022227510985,8,2,8,37,28,20260920,761,1.9931276999413967
depth_optimal,S1,2,0.003,0,8,1024,8192,0.9632568359375,0.9589609553287756,0.9671184519090666,0.049072265625,0.049072265625,0.0023193359375,0.0367431640625,nan,0.010009765625,nan,0.0367431640625,nan,0,0.961181640625,0.96533203125,0.003172486409393646,8,2,8,37,28,20260920,761,2.0645719999447465
depth_optimal,S1,2,0.003,1,8,1024,8192,0.96044921875,0.9560083376469312,0.9644584671228028,0.0489501953125,0.0159912109375,0.0093994140625,nan,0.0164794921875,0.0230712890625,nan,nan,0.0164794921875,0,0.95751953125,0.96337890625,0.004520605955920662,8,2,8,37,28,20260920,761,1.970465699909255
depth_optimal,S1,2,0.003,2,8,1024,8192,0.964111328125,0.9598608133089704,0.9679267772887307,0.0433349609375,-0.0379638671875,0.002685546875,nan,0.0074462890625,nan,0.033203125,nan,0.0074462890625,0,0.9609375,0.9676513671875,0.005054191108464509,8,2,8,37,28,20260920,761,1.9571631000144407
depth_optimal,S1,2,0.005,0,8,1024,8192,0.939453125,0.9340796552198809,0.9444146441361749,0.0841064453125,0.0841064453125,0.005126953125,0.060546875,nan,0.0184326171875,nan,0.060546875,nan,0,0.934814453125,0.9437255859375,0.006885581852261756,8,2,8,37,28,20260920,761,2.0733986999839544
depth_optimal,S1,2,0.005,1,8,1024,8192,0.9371337890625,0.9316700527713804,0.9421877488936297,0.0782470703125,0.0299072265625,0.015380859375,nan,0.024169921875,0.0386962890625,nan,nan,0.024169921875,0,0.93408203125,0.940185546875,0.004725060522682286,8,2,8,37,28,20260920,761,2.0067775000352412
depth_optimal,S1,2,0.005,2,8,1024,8192,0.9422607421875,0.9369994180260858,0.9471074837980781,0.072509765625,-0.06396484375,0.0042724609375,nan,0.0147705078125,nan,0.053466796875,nan,0.0147705078125,0,0.93603515625,0.9490966796875,0.009992311791974514,8,2,8,37,28,20260920,761,1.965649800025858
depth_optimal,S1,2,0.01,0,8,1024,8192,0.881103515625,0.8739153358111685,0.8879344426859442,0.1707763671875,0.1707763671875,0.01123046875,0.118896484375,nan,0.0406494140625,nan,0.118896484375,nan,0,0.8731689453125,0.8907470703125,0.01353919597066558,8,2,8,37,28,20260920,761,2.0304727000184357
depth_optimal,S1,2,0.01,1,8,1024,8192,0.8828125,0.8756672834999859,0.8895988617168449,0.146484375,0.057373046875,0.029296875,nan,0.0445556640625,0.0726318359375,nan,nan,0.0445556640625,0,0.877685546875,0.887939453125,0.00791644026736111,8,2,8,37,28,20260920,761,1.9926908999914303
depth_optimal,S1,2,0.01,2,8,1024,8192,0.8807373046875,0.8735399793138925,0.8875777206004236,0.1495361328125,-0.1295166015625,0.010009765625,nan,0.0302734375,nan,0.1092529296875,nan,0.0302734375,0,0.872802734375,0.888671875,0.01242344437630914,8,2,8,37,28,20260920,761,2.0195371999870986
depth_optimal,S1,2,0.02,0,8,1024,8192,0.7813720703125,0.7722910707120978,0.7901893070700434,0.31298828125,0.31298828125,0.0203857421875,0.2186279296875,nan,0.073974609375,nan,0.2186279296875,nan,0,0.770263671875,0.789306640625,0.01569839677478179,8,2,8,37,28,20260920,761,2.093539400026202
depth_optimal,S1,2,0.02,1,8,1024,8192,0.78564453125,0.7766251660894085,0.7943961284920279,0.2666015625,0.10546875,0.05224609375,nan,0.08056640625,0.1337890625,nan,nan,0.08056640625,0,0.776611328125,0.79443359375,0.013879560940968648,8,2,8,37,28,20260920,761,1.9697632999159396
depth_optimal,S1,2,0.02,2,8,1024,8192,0.7772216796875,0.7680821458259623,0.7861013413511495,0.282470703125,-0.23779296875,0.0223388671875,nan,0.0596923828125,nan,0.200439453125,nan,0.0596923828125,0,0.76806640625,0.7867431640625,0.014356631277333162,8,2,8,37,28,20260920,761,1.9578806000063196
depth_optimal,S1,2,0.03,0,8,1024,8192,0.69384765625,0.6837781853035536,0.7037354111901732,0.4490966796875,0.4490966796875,0.0323486328125,0.30615234375,nan,0.110595703125,nan,0.30615234375,nan,0,0.687744140625,0.700439453125,0.009779565942143909,8,2,8,37,28,20260920,761,2.093633500044234
depth_optimal,S1,2,0.03,1,8,1024,8192,0.7041015625,0.6941235387375414,0.7138882580744933,0.3720703125,0.1533203125,0.076171875,nan,0.109375,0.1865234375,nan,nan,0.109375,0,0.6976318359375,0.7127685546875,0.011845942921514386,8,2,8,37,28,20260920,761,1.999852699926123
depth_optimal,S1,2,0.03,2,8,1024,8192,0.6939697265625,0.683901309775034,0.7038563129129584,0.3896484375,-0.328369140625,0.0306396484375,nan,0.0836181640625,nan,0.275390625,nan,0.0836181640625,0,0.6871337890625,0.701416015625,0.010898786266740892,8,2,8,37,28,20260920,761,2.055375999887474
depth_optimal,S1,2,0.05,0,8,1024,8192,0.5552978515625,0.5445134710725621,0.5660303949297416,0.6956787109375,0.6956787109375,0.062744140625,0.4447021484375,nan,0.188232421875,nan,0.4447021484375,nan,0,0.545654296875,0.5648193359375,0.014689650914348554,8,2,8,37,28,20260920,761,2.1097373999655247
depth_optimal,S1,2,0.05,1,8,1024,8192,0.5784912109375,0.5677637351080509,0.5891451078047112,0.52490234375,0.206787109375,0.1033935546875,nan,0.1590576171875,0.262451171875,nan,nan,0.1590576171875,0,0.5694580078125,0.589599609375,0.01581512312238025,8,2,8,37,28,20260920,761,2.11574889998883
depth_optimal,S1,2,0.05,2,8,1024,8192,0.5609130859375,0.5501402909607329,0.571628779977787,0.5643310546875,-0.4468994140625,0.0587158203125,nan,0.125244140625,nan,0.38037109375,nan,0.125244140625,0,0.554931640625,0.5675048828125,0.009750790909767354,8,2,8,37,28,20260920,761,1.9836643000598997
depth_optimal,S1,4,0.0,0,8,1024,8192,1.0,0.9995312917117791,1.0,0.0,0.0,0.0,0.0,nan,0.0,nan,0.0,nan,1,1.0,1.0,0.0,8,3,16,65,84,20260920,761,5.91489440004807
depth_optimal,S1,4,0.0,1,8,1024,8192,1.0,0.9995312917117791,1.0,0.0,0.0,0.0,nan,0.0,0.0,nan,0.0,nan,1,1.0,1.0,0.0,8,3,16,65,84,20260920,761,5.980846200021915
depth_optimal,S1,4,0.0,2,8,1024,8192,1.0,0.9995312917117791,1.0,0.0,0.0,0.0,nan,0.0,nan,0.0,nan,0.0,1,1.0,1.0,0.0,8,3,16,65,84,20260920,761,5.873052399954759
depth_optimal,S1,4,0.0,3,8,1024,8192,1.0,0.9995312917117791,1.0,0.0,0.0,0.0,nan,0.0,nan,0.0,nan,0.0,1,1.0,1.0,0.0,8,3,16,65,84,20260920,761,5.908588999998756
depth_optimal,S1,4,0.0,4,8,1024,8192,1.0,0.9995312917117791,1.0,0.0,0.0,0.0,nan,0.0,nan,0.0,nan,0.0,1,1.0,1.0,0.0,8,3,16,65,84,20260920,761,5.966010299976915
depth_optimal,S1,4,0.001,0,8,1024,8192,0.9530029296875,0.9482039106130942,0.95737729630644,0.124755859375,0.124755859375,0.0076904296875,0.0469970703125,nan,0.0257568359375,nan,0.0257568359375,nan,1,0.9495849609375,0.9564208984375,0.005257330622785102,8,3,16,65,84,20260920,761,9.035418699961156
depth_optimal,S1,4,0.001,1,8,1024,8192,0.953125,0.9483315761589772,0.9574936569548225,0.1064453125,0.090087890625,0.01416015625,nan,0.0081787109375,0.0386962890625,nan,0.0386962890625,nan,1,0.9503173828125,0.955810546875,0.004240704283920386,8,3,16,65,84,20260920,761,8.64409820002038
depth_optimal,S1,4,0.001,2,8,1024,8192,0.9508056640625,0.9459073509286858,0.9552813844940681,0.08984375,0.0380859375,0.009765625,nan,0.0054931640625,nan,0.0203857421875,nan,0.0203857421875,1,0.9443359375,0.9571533203125,0.009903291649915116,8,3,16,65,84,20260920,761,9.238770100055262
depth_optimal,S1,4,0.001,3,8,1024,8192,0.955078125,0.9503754040979252,0.9593542481241236,0.0828857421875,0.0172119140625,0.0128173828125,nan,0.0006103515625,nan,0.0076904296875,nan,0.0076904296875,1,0.9521484375,0.9580078125,0.004520605955920662,8,3,16,65,84,20260920,761,9.132787800044753
depth_optimal,S1,4,0.001,4,8,1024,8192,0.9522705078125,0.9474380942779214,0.9566789554760194,0.0987548828125,-0.0750732421875,0.0069580078125,nan,0.0118408203125,nan,0.0128173828125,nan,0.0128173828125,1,0.9461669921875,0.9578857421875,0.009062847262339153,8,3,16,65,84,20260920,761,8.416417200001888
depth_optimal,S1,4,0.003,0,8,1024,8192,0.869384765625,0.861914091536973,0.8765091723106451,0.3564453125,0.3564453125,0.022216796875,0.130615234375,nan,0.07470703125,nan,0.07470703125,nan,1,0.8621826171875,0.878662109375,0.012751528180859957,8,3,16,65,84,20260920,761,9.662260700017214
depth_optimal,S1,4,0.003,1,8,1024,8192,0.873779296875,0.8664121580234824,0.8807960488176961,0.297607421875,0.255859375,0.04052734375,nan,0.0208740234375,0.1053466796875,nan,0.1053466796875,nan,1,0.863525390625,0.8857421875,0.017753573205759612,8,3,16,65,84,20260920,761,8.979703100048937
depth_optimal,S1,4,0.003,2,8,1024,8192,0.874755859375,0.8674121109972852,0.881748305398018,0.2481689453125,0.1256103515625,0.0303955078125,nan,0.0145263671875,nan,0.0467529296875,nan,0.0467529296875,1,0.868896484375,0.8809814453125,0.009421243602614798,8,3,16,65,84,20260920,761,8.937132799997926
depth_optimal,S1,4,0.003,3,8,1024,8192,0.869384765625,0.861914091536973,0.8765091723106451,0.247802734375,0.064208984375,0.0399169921875,nan,0.0028076171875,nan,0.02001953125,nan,0.02001953125,1,0.8641357421875,0.8756103515625,0.008992105321471952,8,3,16,65,84,20260920,761,8.962207399890758
depth_optimal,S1,4,0.003,4,8,1024,8192,0.8680419921875,0.8605402319767623,0.8751987437339344,0.2613525390625,-0.1829833984375,0.021240234375,nan,0.0284423828125,nan,0.0301513671875,nan,0.0301513671875,1,0.8568115234375,0.8800048828125,0.0177895082551573,8,3,16,65,84,20260920,761,8.944883899996057
depth_optimal,S1,4,0.005,0,8,1024,8192,0.79150390625,0.7825713976778742,0.8001631542283095,0.59130859375,0.59130859375,0.038330078125,0.20849609375,nan,0.12451171875,nan,0.12451171875,nan,1,0.7811279296875,0.8018798828125,0.016424177067814103,8,3,16,65,84,20260920,761,9.390799700049683
depth_optimal,S1,4,0.005,1,8,1024,8192,0.7916259765625,0.7826953066599737,0.8002832714404756,0.4853515625,0.41748046875,0.0645751953125,nan,0.033935546875,0.1744384765625,nan,0.1744384765625,nan,1,0.7828338623046875,0.8021240234375,0.014828115848858289,8,3,16,65,84,20260920,761,9.469418799970299
depth_optimal,S1,4,0.005,2,8,1024,8192,0.80322265625,0.7944722601721735,0.8116888063835049,0.3917236328125,0.1927490234375,0.04931640625,nan,0.0245361328125,nan,0.074951171875,nan,0.074951171875,1,0.7916259765625,0.8160400390625,0.019136638615493577,8,3,16,65,84,20260920,761,9.408094799960963
depth_optimal,S1,4,0.005,3,8,1024,8192,0.7901611328125,0.7812084780401357,0.7988417857291267,0.408203125,0.092041015625,0.066162109375,nan,0.006591796875,nan,0.037841796875,nan,0.037841796875,1,0.7791717529296875,0.8035888671875,0.018960964832693748,8,3,16,65,84,20260920,761,9.08178919996135
depth_optimal,S1,4,0.005,4,8,1024,8192,0.796630859375,0.7877766196376347,0.8052070324277031,0.405029296875,-0.27294921875,0.0360107421875,nan,0.044189453125,nan,0.0482177734375,nan,0.0482177734375,1,0.78515625,0.8062744140625,0.016288824965080342,8,3,16,65,84,20260920,761,8.854922099970281
depth_optimal,S1,4,0.01,0,8,1024,8192,0.641357421875,0.630907729188724,0.6516746037708074,1.0179443359375,1.0179443359375,0.072265625,0.358642578125,nan,0.213134765625,nan,0.213134765625,nan,1,0.630859375,0.65380859375,0.017845422440661316,8,3,16,65,84,20260920,761,9.569443000014871
depth_optimal,S1,4,0.01,1,8,1024,8192,0.652587890625,0.6422076749993997,0.6628250678325642,0.871826171875,0.776611328125,0.1182861328125,nan,0.047607421875,0.2998046875,nan,0.2998046875,nan,1,0.6339111328125,0.673828125,0.031148473120769522,8,3,16,65,84,20260920,761,8.699984600069001
depth_optimal,S1,4,0.01,2,8,1024,8192,0.641357421875,0.630907729188724,0.6516746037708074,0.76904296875,0.421630859375,0.109375,nan,0.0452880859375,nan,0.12841796875,nan,0.12841796875,1,0.6263427734375,0.65771484375,0.02470942980487585,8,3,16,65,84,20260920,761,8.855651800055057
depth_optimal,S1,4,0.01,3,8,1024,8192,0.643798828125,0.6333637084933164,0.6540991483515264,0.72802734375,0.18115234375,0.1220703125,nan,0.0147705078125,nan,0.073974609375,nan,0.073974609375,1,0.6322021484375,0.652099609375,0.01584793182673969,8,3,16,65,84,20260920,761,9.090320999966934
depth_optimal,S1,4,0.01,4,8,1024,8192,0.6412353515625,0.6307849379068291,0.6515533688584365,0.71142578125,-0.41748046875,0.076904296875,nan,0.0653076171875,nan,0.07958984375,nan,0.07958984375,1,0.621337890625,0.66357421875,0.0325648400878193,8,3,16,65,84,20260920,761,8.982435200014152
depth_optimal,S1,4,0.02,0,8,1024,8192,0.4520263671875,0.44127393473640053,0.46282377091723004,1.6392822265625,1.6392822265625,0.1292724609375,0.5479736328125,nan,0.354736328125,nan,0.354736328125,nan,1,0.432861328125,0.4722900390625,0.030697710564452942,8,3,16,65,84,20260920,761,9.342023400007747
depth_optimal,S1,4,0.02,1,8,1024,8192,0.4229736328125,0.4123140589893553,0.4337054124290694,1.443359375,1.261474609375,0.184814453125,nan,0.0909423828125,0.486083984375,nan,0.486083984375,nan,1,0.4140625,0.43115234375,0.013220357346908311,8,3,16,65,84,20260920,761,9.21168820001185
depth_optimal,S1,4,0.02,2,8,1024,8192,0.4306640625,0.4199762611071395,0.44141686055001617,1.2333984375,0.68212890625,0.17431640625,nan,0.0745849609375,nan,0.2010498046875,nan,0.2010498046875,1,0.419921875,0.4410400390625,0.016424177067814103,8,3,16,65,84,20260920,761,9.233123500016518
depth_optimal,S1,4,0.02,3,8,1024,8192,0.458984375,0.4482152286637854,0.4697919700629828,1.1029052734375,0.2542724609375,0.183837890625,nan,0.0330810546875,nan,0.11572265625,nan,0.11572265625,1,0.4332275390625,0.488037109375,0.04235882560605676,8,3,16,65,84,20260920,761,8.63825249997899
depth_optimal,S1,4,0.02,4,8,1024,8192,0.4315185546875,0.420827779891928,0.44227352512508666,1.1981201171875,-0.6405029296875,0.1376953125,nan,0.1063232421875,nan,0.139892578125,nan,0.139892578125,1,0.4140625,0.4510498046875,0.028344055145298624,8,3,16,65,84,20260920,761,8.705328900017776
depth_optimal,S1,4,0.03,0,8,1024,8192,0.304443359375,0.29457203973559093,0.3144979970509642,2.2237548828125,2.2237548828125,0.1932373046875,0.695556640625,nan,0.4884033203125,nan,0.4884033203125,nan,1,0.2855224609375,0.32568359375,0.031139724163888625,8,3,16,65,84,20260920,761,9.258102799998596
depth_optimal,S1,4,0.03,1,8,1024,8192,0.320556640625,0.31053669966179703,0.33074479476781354,1.82763671875,1.6357421875,0.2425537109375,nan,0.095947265625,0.58349609375,nan,0.58349609375,nan,1,0.302978515625,0.33837890625,0.02771368655875967,8,3,16,65,84,20260920,761,9.246540299966
depth_optimal,S1,4,0.03,2,8,1024,8192,0.326171875,0.31610341772189093,0.3364032816439359,1.5064697265625,0.8585205078125,0.21826171875,nan,0.0928955078125,nan,0.2310791015625,nan,0.2310791015625,1,0.3138397216796875,0.34423828125,0.023835213743577145,8,3,16,65,84,20260920,761,9.115453299949877
depth_optimal,S1,4,0.03,3,8,1024,8192,0.3326416015625,0.3225192961707574,0.3429207914911447,1.389404296875,0.294677734375,0.2359619140625,nan,0.0555419921875,nan,0.1627197265625,nan,0.1627197265625,1,0.3175048828125,0.349853515625,0.02484243329475586,8,3,16,65,84,20260920,761,9.023189000086859
depth_optimal,S1,4,0.03,4,8,1024,8192,0.313232421875,0.3032782885876918,0.3233616341859845,1.4375,-0.668701171875,0.1910400390625,nan,0.103271484375,nan,0.1624755859375,nan,0.1624755859375,1,0.294189453125,0.33337707519531246,0.03031503658327794,8,3,16,65,84,20260920,761,8.701005299924873
depth_optimal,S1,4,0.05,0,8,1024,8192,0.1925048828125,0.18411203265037734,0.20118598399464915,2.7774658203125,2.7774658203125,0.2611083984375,0.8074951171875,nan,0.62109375,nan,0.62109375,nan,1,0.1806640625,0.205810546875,0.019492410461391232,8,3,16,65,84,20260920,761,9.042361399973743
depth_optimal,S1,4,0.05,1,8,1024,8192,0.2244873046875,0.2155823159661342,0.23365056357647196,2.18115234375,1.948974609375,0.2825927734375,nan,0.1160888671875,0.659423828125,nan,0.659423828125,nan,1,0.2049560546875,0.2457275390625,0.03183070548525597,8,3,16,65,84,20260920,761,9.240171500016004
depth_optimal,S1,4,0.05,2,8,1024,8192,0.21435546875,0.20560387150797216,0.2233748339105916,1.8358154296875,1.1068115234375,0.28076171875,nan,0.107177734375,nan,0.25732421875,nan,0.25732421875,1,0.198974609375,0.229248046875,0.023156801251391104,8,3,16,65,84,20260920,761,9.74439590005204
depth_optimal,S1,4,0.05,3,8,1024,8192,0.2039794921875,0.1953933161370303,0.2128431627689599,1.7357177734375,0.3482666015625,0.3023681640625,nan,0.0921630859375,nan,0.2193603515625,nan,0.2193603515625,1,0.193115234375,0.2154541015625,0.01726088278114468,8,3,16,65,84,20260920,761,9.130737100029364
depth_optimal,S1,4,0.05,4,8,1024,8192,0.19287109375,0.18447189819484267,0.20155819703298056,1.7447509765625,-0.6854248046875,0.263427734375,nan,0.1123046875,nan,0.2069091796875,nan,0.2069091796875,1,0.1804168701171875,0.2069091796875,0.02023697110000544,8,3,16,65,84,20260920,761,9.089602499967441
depth_optimal,S1,6,0.0,0,8,1024,8192,1.0,0.9995312917117791,1.0,0.0,0.0,0.0,0.0,nan,0.0,nan,0.0,nan,1,1.0,1.0,0.0,8,3,24,105,171,20260920,761,13.385373699944466
depth_optimal,S1,6,0.0,1,8,1024,8192,1.0,0.9995312917117791,1.0,0.0,0.0,0.0,nan,0.0,0.0,nan,0.0,nan,1,1.0,1.0,0.0,8,3,24,105,171,20260920,761,13.922522700042464
depth_optimal,S1,6,0.0,2,8,1024,8192,1.0,0.9995312917117791,1.0,0.0,0.0,0.0,nan,0.0,nan,0.0,nan,0.0,1,1.0,1.0,0.0,8,3,24,105,171,20260920,761,13.232382799964398
depth_optimal,S1,6,0.0,3,8,1024,8192,1.0,0.9995312917117791,1.0,0.0,0.0,0.0,nan,0.0,nan,0.0,nan,0.0,1,1.0,1.0,0.0,8,3,24,105,171,20260920,761,12.61476320005022
depth_optimal,S1,6,0.0,4,8,1024,8192,1.0,0.9995312917117791,1.0,0.0,0.0,0.0,nan,0.0,nan,0.0,nan,0.0,1,1.0,1.0,0.0,8,3,24,105,171,20260920,761,13.092983799986541
depth_optimal,S1,6,0.0,5,8,1024,8192,1.0,0.9995312917117791,1.0,0.0,0.0,0.0,nan,0.0,nan,0.0,nan,0.0,1,1.0,1.0,0.0,8,3,24,105,171,20260920,761,12.939575900090858
depth_optimal,S1,6,0.0,6,8,1024,8192,1.0,0.9995312917117791,1.0,0.0,0.0,0.0,nan,0.0,nan,0.0,nan,0.0,1,1.0,1.0,0.0,8,3,24,105,171,20260920,761,13.426733999978751
depth_optimal,S1,6,0.001,0,8,1024,8192,0.9151611328125,0.9089309029641802,0.921002183733027,0.237548828125,0.237548828125,0.0050048828125,0.0848388671875,nan,0.050048828125,nan,0.050048828125,nan,1,0.90576171875,0.923828125,0.0139426070539304,8,3,24,105,171,20260920,761,30.21979509992525
depth_optimal,S1,6,0.001,1,8,1024,8192,0.9150390625,0.9088049580153453,0.9208841024875963,0.213134765625,0.194580078125,0.0074462890625,nan,0.00927734375,0.07568359375,nan,0.07568359375,nan,1,0.90625,0.9232177734375,0.013287813504230644,8,3,24,105,171,20260920,761,29.177179699996486
depth_optimal,S1,6,0.001,2,8,1024,8192,0.91796875,0.9118286786543738,0.9237170105109415,0.170166015625,0.104248046875,0.001708984375,nan,0.0093994140625,nan,0.0235595703125,nan,0.0235595703125,1,0.91064453125,0.9249267578125,0.011183361508834309,8,3,24,105,171,20260920,761,30.198232399998233
depth_optimal,S1,6,0.001,3,8,1024,8192,0.9136962890625,0.9074198070673364,0.9195849652986839,0.1807861328125,0.0821533203125,0.0216064453125,nan,0.0015869140625,nan,0.01416015625,nan,0.01416015625,1,0.9080810546875,0.91845703125,0.008085652748501503,8,3,24,105,171,20260920,761,29.907689600018784
depth_optimal,S1,6,0.001,4,8,1024,8192,0.9171142578125,0.9109465331406299,0.9228909726648264,0.162841796875,-0.083740234375,0.0013427734375,nan,0.016357421875,nan,0.01806640625,nan,0.01806640625,1,0.90966796875,0.9244384765625,0.011465329763137962,8,3,24,105,171,20260920,761,28.802010799990967
depth_optimal,S1,6,0.001,5,8,1024,8192,0.909423828125,0.9030153913437764,0.915448464222949,0.187255859375,-0.1240234375,0.00927734375,nan,0.001708984375,nan,0.0220947265625,nan,0.0220947265625,1,0.9049072265625,0.9140625,0.006959384409172387,8,3,24,105,171,20260920,761,28.823172300006263
depth_optimal,S1,6,0.001,6,8,1024,8192,0.9189453125,0.912837078812255,0.924660819907185,0.199951171875,-0.1875,0.0062255859375,nan,0.0084228515625,nan,0.01025390625,nan,0.01025390625,1,0.913818359375,0.9232177734375,0.007289258079025185,8,3,24,105,171,20260920,761,29.87920780002605
depth_optimal,S1,6,0.003,0,8,1024,8192,0.775146484375,0.7659781699026811,0.7840568719719161,0.654296875,0.654296875,0.0172119140625,0.224853515625,nan,0.1417236328125,nan,0.1417236328125,nan,1,0.764404296875,0.7874755859375,0.017776580005743902,8,3,24,105,171,20260920,761,30.002579199965112
depth_optimal,S1,6,0.003,1,8,1024,8192,0.7735595703125,0.7643694632732811,0.7824932380758636,0.586669921875,0.53076171875,0.025390625,nan,0.0279541015625,0.198486328125,nan,0.198486328125,nan,1,0.7584228515625,0.788818359375,0.02371164480201671,8,3,24,105,171,20260920,761,29.650223799981177
depth_optimal,S1,6,0.003,2,8,1024,8192,0.787353515625,0.7783592024870876,0.7960784588140668,0.453369140625,0.27734375,0.0072021484375,nan,0.0255126953125,nan,0.0625,nan,0.0625,1,0.7764892578125,0.7987060546875,0.01707289497566735,8,3,24,105,171,20260920,761,29.127102000056766
depth_optimal,S1,6,0.003,3,8,1024,8192,0.7742919921875,0.7651119200873373,0.7832149384274008,0.4508056640625,0.1932373046875,0.0452880859375,nan,0.0068359375,nan,0.03662109375,nan,0.03662109375,1,0.7646484375,0.783447265625,0.014507670924416433,8,3,24,105,171,20260920,761,30.283392500015907
depth_optimal,S1,6,0.003,4,8,1024,8192,0.7742919921875,0.7651119200873373,0.7832149384274008,0.455078125,-0.225341796875,0.007080078125,nan,0.047119140625,nan,0.0548095703125,nan,0.0548095703125,1,0.75927734375,0.7890655517578125,0.02298814434830731,8,3,24,105,171,20260920,761,29.82465660001617
depth_optimal,S1,6,0.003,5,8,1024,8192,0.7794189453125,0.7703102374504308,0.7882657212234613,0.4449462890625,-0.2974853515625,0.0223388671875,nan,0.006591796875,nan,0.0489501953125,nan,0.0489501953125,1,0.7728271484375,0.7862548828125,0.010458634619877272,8,3,24,105,171,20260920,761,29.582070700009353
depth_optimal,S1,6,0.003,6,8,1024,8192,0.784423828125,0.7753867087065215,0.7931943239322591,0.5181884765625,-0.4913330078125,0.013427734375,nan,0.016845703125,nan,0.0233154296875,nan,0.0233154296875,1,0.7818603515625,0.7867431640625,0.003755097330830014,8,3,24,105,171,20260920,761,28.279710700036958
depth_optimal,S1,6,0.005,0,8,1024,8192,0.6492919921875,0.6388907375352064,0.659553298051587,1.046142578125,1.046142578125,0.025390625,0.3507080078125,nan,0.2305908203125,nan,0.2305908203125,nan,1,0.636474609375,0.6607666015625,0.018576243792879584,8,3,24,105,171,20260920,761,30.7184120999882
depth_optimal,S1,6,0.005,1,8,1024,8192,0.6685791015625,0.658308760679011,0.6786914136017426,0.8370361328125,0.7559814453125,0.0350341796875,nan,0.04052734375,0.2908935546875,nan,0.2908935546875,nan,1,0.6534423828125,0.6822509765625,0.022536252199109104,8,3,24,105,171,20260920,761,29.214393200003542
depth_optimal,S1,6,0.005,2,8,1024,8192,0.649658203125,0.6392592593721478,0.6599168547974423,0.7501220703125,0.4696044921875,0.018310546875,nan,0.0408935546875,nan,0.099365234375,nan,0.099365234375,1,0.6343994140625,0.6636962890625,0.02270376550305209,8,3,24,105,171,20260920,761,30.63803699996788
depth_optimal,S1,6,0.005,3,8,1024,8192,0.6689453125,0.6586776413899866,0.6790546114735636,0.6651611328125,0.2730712890625,0.0633544921875,nan,0.0118408203125,nan,0.0548095703125,nan,0.0548095703125,1,0.65673828125,0.681396484375,0.019278498515764173,8,3,24,105,171,20260920,761,29.297301599988714
depth_optimal,S1,6,0.005,4,8,1024,8192,0.6673583984375,0.6570792085088554,0.6774807038292426,0.6837158203125,-0.3184814453125,0.0133056640625,nan,0.070068359375,nan,0.0826416015625,nan,0.0826416015625,1,0.65087890625,0.6844482421875,0.02597906672190134,8,3,24,105,171,20260920,761,29.69767830008641
depth_optimal,S1,6,0.005,5,8,1024,8192,0.654052734375,0.6436820439446467,0.6642790132185039,0.756591796875,-0.52880859375,0.035400390625,nan,0.017578125,nan,0.08984375,nan,0.08984375,1,0.6326873779296875,0.673828125,0.03221493465819987,8,3,24,105,171,20260920,761,30.244925700011663
depth_optimal,S1,6,0.005,6,8,1024,8192,0.6541748046875,0.6438049128870368,0.6644001704703794,0.86572265625,-0.80810546875,0.02880859375,nan,0.0306396484375,nan,0.0447998046875,nan,0.0447998046875,1,0.6395263671875,0.668212890625,0.0218018691225312,8,3,24,105,171,20260920,761,31.403261399944313
depth_optimal,S1,6,0.01,0,8,1024,8192,0.4376220703125,0.426911001035892,0.4483916136944011,1.782958984375,1.782958984375,0.0465087890625,0.5623779296875,nan,0.3939208984375,nan,0.3939208984375,nan,1,0.4197998046875,0.45751953125,0.02888681354800078,8,3,24,105,171,20260920,761,30.68755939998664
depth_optimal,S1,6,0.01,1,8,1024,8192,0.4647216796875,0.4539403443081469,0.4755360855491031,1.3897705078125,1.2584228515625,0.0550537109375,nan,0.065673828125,0.4696044921875,nan,0.4696044921875,nan,1,0.443359375,0.48291015625,0.030759781064964537,8,3,24,105,171,20260920,761,28.754204099997878
depth_optimal,S1,6,0.01,2,8,1024,8192,0.44482421875,0.4340913245501114,0.45560883564185045,1.2313232421875,0.7891845703125,0.040283203125,nan,0.064697265625,nan,0.1563720703125,nan,0.1563720703125,1,0.4309051513671875,0.460205078125,0.02262712683311998,8,3,24,105,171,20260920,761,29.90798649995122
depth_optimal,S1,6,0.01,3,8,1024,8192,0.455078125,0.44431810081753953,0.4658802596927303,1.1253662109375,0.3726806640625,0.097412109375,nan,0.0380859375,nan,0.1142578125,nan,0.1142578125,1,0.4351806640625,0.47485656738281246,0.030704644296288584,8,3,24,105,171,20260920,761,29.91592409997247
depth_optimal,S1,6,0.01,4,8,1024,8192,0.474853515625,0.46405415841958525,0.48567644556170714,1.092041015625,-0.432373046875,0.0362548828125,nan,0.0950927734375,nan,0.1282958984375,nan,0.1282958984375,1,0.4591064453125,0.488037109375,0.022450320180805956,8,3,24,105,171,20260920,761,29.681894300039858
depth_optimal,S1,6,0.01,5,8,1024,8192,0.4488525390625,0.43810843557090007,0.4596445890318257,1.25341796875,-0.906005859375,0.0540771484375,nan,0.0384521484375,nan,0.1483154296875,nan,0.1483154296875,1,0.4315155029296875,0.468017578125,0.028085723579027114,8,3,24,105,171,20260920,761,30.117880799924023
depth_optimal,S1,6,0.01,6,8,1024,8192,0.4593505859375,0.4485806186220156,0.47015865868754925,1.408203125,-1.320556640625,0.0438232421875,nan,0.04833984375,nan,0.089111328125,nan,0.089111328125,1,0.4404296875,0.474609375,0.02676940603163919,8,3,24,105,171,20260920,761,29.451872400008142
depth_optimal,S1,6,0.02,0,8,1024,8192,0.235107421875,0.22604985131256036,0.24441330713115048,2.6180419921875,2.6180419921875,0.07568359375,0.764892578125,nan,0.5780029296875,nan,0.5780029296875,nan,1,0.2222900390625,0.2484130859375,0.0202823624940794,8,3,24,105,171,20260920,761,30.379484900040552
depth_optimal,S1,6,0.02,1,8,1024,8192,0.2703857421875,0.2608768636489539,0.2801098649375069,2.0625,1.87353515625,0.0859375,nan,0.094482421875,0.6351318359375,nan,0.6351318359375,nan,1,0.2667236328125,0.2745361328125,0.006097234491253924,8,3,24,105,171,20260920,761,28.08837999997195
depth_optimal,S1,6,0.02,2,8,1024,8192,0.271728515625,0.26220404280970316,0.281466973913679,1.6968994140625,1.1417236328125,0.0701904296875,nan,0.084228515625,nan,0.193359375,nan,0.193359375,1,0.2540283203125,0.2889404296875,0.027102280022442752,8,3,24,105,171,20260920,761,29.468952199909836
depth_optimal,S1,6,0.02,3,8,1024,8192,0.2652587890625,0.25581048065733797,0.2749271477699689,1.553466796875,0.427490234375,0.1092529296875,nan,0.0689697265625,nan,0.1756591796875,nan,0.1756591796875,1,0.250244140625,0.2802734375,0.022931773503275115,8,3,24,105,171,20260920,761,30.300410999916494
depth_optimal,S1,6,0.02,4,8,1024,8192,0.263671875,0.2542426479690161,0.27332263993283834,1.5791015625,-0.590576171875,0.068115234375,nan,0.1163330078125,nan,0.1923828125,nan,0.1923828125,1,0.2467041015625,0.2791748046875,0.02532077445500268,8,3,24,105,171,20260920,761,30.662940399954095
depth_optimal,S1,6,0.02,5,8,1024,8192,0.2523193359375,0.2430313148175353,0.2618395370176211,1.759765625,-1.215087890625,0.0889892578125,nan,0.0760498046875,nan,0.192138671875,nan,0.192138671875,1,0.2401123046875,0.2633056640625,0.0178086439657993,8,3,24,105,171,20260920,761,29.939129000063986
depth_optimal,S1,6,0.02,6,8,1024,8192,0.258544921875,0.24917843529439246,0.268137752448308,2.0504150390625,-1.9022216796875,0.0740966796875,nan,0.07421875,nan,0.1497802734375,nan,0.1497802734375,1,0.2440185546875,0.273681640625,0.02277566044115891,8,3,24,105,171,20260920,761,29.61125549999997
depth_optimal,S1,6,0.03,0,8,1024,8192,0.1707763671875,0.1627821535034443,0.17907920056231055,2.97021484375,2.97021484375,0.0948486328125,0.8292236328125,nan,0.6614990234375,nan,0.6614990234375,nan,1,0.1622314453125,0.178955078125,0.0128863703324186,8,3,24,105,171,20260920,761,29.973759000073187
depth_optimal,S1,6,0.03,1,8,1024,8192,0.1839599609375,0.17571858506402113,0.19249759798241542,2.388916015625,2.18896484375,0.100830078125,nan,0.0999755859375,0.716064453125,nan,0.716064453125,nan,1,0.1722412109375,0.19580078125,0.01821706980309588,8,3,24,105,171,20260920,761,28.969010600005277
depth_optimal,S1,6,0.03,2,8,1024,8192,0.18896484375,0.18063394631309002,0.19758731069823496,1.94580078125,1.3212890625,0.0928955078125,nan,0.0992431640625,nan,0.2130126953125,nan,0.2130126953125,1,0.1728515625,0.2054443359375,0.02511005699580527,8,3,24,105,171,20260920,761,30.289267900050618
depth_optimal,S1,6,0.03,3,8,1024,8192,0.200439453125,0.1919117263434216,0.209247992928867,1.7310791015625,0.4093017578125,0.1075439453125,nan,0.0992431640625,nan,0.215087890625,nan,0.215087890625,1,0.1888427734375,0.2139892578125,0.019354318576627005,8,3,24,105,171,20260920,761,29.982970700017177
depth_optimal,S1,6,0.03,4,8,1024,8192,0.182373046875,0.17416053870880271,0.19088330381218138,1.8084716796875,-0.5343017578125,0.0992431640625,nan,0.1234130859375,nan,0.21728515625,nan,0.21728515625,1,0.1705322265625,0.195068359375,0.01909209123300207,8,3,24,105,171,20260920,761,30.318998199887574
depth_optimal,S1,6,0.03,5,8,1024,8192,0.18896484375,0.18063394631309002,0.19758731069823496,1.97216796875,-1.36572265625,0.1015625,nan,0.095703125,nan,0.2098388671875,nan,0.2098388671875,1,0.179931640625,0.1990966796875,0.014736528280585932,8,3,24,105,171,20260920,761,29.357822200050578
depth_optimal,S1,6,0.03,6,8,1024,8192,0.1722412109375,0.16421869218809038,0.18057097620885132,2.468017578125,-2.2822265625,0.0928955078125,nan,0.103515625,nan,0.202880859375,nan,0.202880859375,1,0.1627197265625,0.180908203125,0.013986509362697758,8,3,24,105,171,20260920,761,29.814821499981917
depth_optimal,S1,6,0.05,0,8,1024,8192,0.130126953125,0.12301437118002646,0.13758626019529321,3.3258056640625,3.3258056640625,0.108642578125,0.869873046875,nan,0.7276611328125,nan,0.7276611328125,nan,1,0.122802734375,0.1361083984375,0.010292034236006154,8,3,24,105,171,20260920,761,30.06545659992844
depth_optimal,S1,6,0.05,1,8,1024,8192,0.1339111328125,0.12670778211920591,0.14145766127834647,2.685546875,2.452880859375,0.1185302734375,nan,0.1163330078125,0.749755859375,nan,0.749755859375,nan,1,0.128173828125,0.13916015625,0.00848843334097604,8,3,24,105,171,20260920,761,31.110297300037928
depth_optimal,S1,6,0.05,2,8,1024,8192,0.1400146484375,0.13266899764650153,0.14769775546432945,2.1668701171875,1.4581298828125,0.1182861328125,nan,0.1156005859375,nan,0.23876953125,nan,0.23876953125,1,0.1328125,0.1461181640625,0.010228131135748319,8,3,24,105,171,20260920,761,30.129105799947865
depth_optimal,S1,6,0.05,3,8,1024,8192,0.146728515625,0.13923189439353736,0.1545562994019,1.89306640625,0.451904296875,0.1126708984375,nan,0.11279296875,nan,0.2376708984375,nan,0.2376708984375,1,0.13720703125,0.1572265625,0.01540326413469136,8,3,24,105,171,20260920,761,30.15435960004106
depth_optimal,S1,6,0.05,4,8,1024,8192,0.142578125,0.13517416115770303,0.1503171420327049,1.9073486328125,-0.5472412109375,0.107421875,nan,0.1168212890625,nan,0.239013671875,nan,0.239013671875,1,0.130859375,0.15380859375,0.01780147048485015,8,3,24,105,171,20260920,761,29.946401300025173
depth_optimal,S1,6,0.05,5,8,1024,8192,0.1341552734375,0.12694613475834843,0.14170736102773512,2.187744140625,-1.48388671875,0.1165771484375,nan,0.1181640625,nan,0.2386474609375,nan,0.2386474609375,1,0.128662109375,0.139892578125,0.008671043876577286,8,3,24,105,171,20260920,761,29.830129000009038
depth_optimal,S1,6,0.05,6,8,1024,8192,0.1287841796875,0.12170429075485797,0.13621205248354043,2.65625,-2.438232421875,0.1090087890625,nan,0.1063232421875,nan,0.2308349609375,nan,0.2308349609375,1,0.121337890625,0.1351318359375,0.010690540158578737,8,3,24,105,171,20260920,761,29.002085200045258
depth_optimal,S2,2,0.0,0,8,1024,8192,0.89306640625,0.8861892644922852,0.8995750810428537,0.17822265625,0.17822265625,0.0174560546875,0.10693359375,nan,0.0538330078125,nan,0.10693359375,nan,0,0.8851318359375,0.9012451171875,0.012484295380132307,8,2,8,37,28,20260920,761,2.1281485999934375
depth_optimal,S2,2,0.0,1,8,1024,8192,0.8931884765625,0.8863146375686832,0.8996937341607212,0.1441650390625,0.0709228515625,0.037353515625,nan,0.03662109375,0.0701904296875,nan,nan,0.03662109375,0,0.8843994140625,0.901611328125,0.013194569050926308,8,2,8,37,28,20260920,761,2.0617533000186086
depth_optimal,S2,2,0.0,2,8,1024,8192,0.8963623046875,0.8895753089619628,0.9027777438183465,0.1427001953125,-0.1087646484375,0.0169677734375,nan,0.0390625,nan,0.086669921875,nan,0.0390625,0,0.89111328125,0.9017333984375,0.008227627031309605,8,2,8,37,28,20260920,761,2.078329599928111
depth_optimal,S2,2,0.001,0,8,1024,8192,0.8851318359375,0.878045687300104,0.8918569556077726,0.190185546875,0.190185546875,0.018798828125,0.1148681640625,nan,0.0565185546875,nan,0.1148681640625,nan,0,0.8790283203125,0.891845703125,0.009848110072435938,8,2,8,37,28,20260920,761,3.4477617000229657
depth_optimal,S2,2,0.001,1,8,1024,8192,0.8824462890625,0.875291826508295,0.8892422401257392,0.1572265625,0.0771484375,0.0396728515625,nan,0.0400390625,0.0775146484375,nan,nan,0.0400390625,0,0.875,0.889892578125,0.01163635351092344,8,2,8,37,28,20260920,761,2.542324100038968
depth_optimal,S2,2,0.001,2,8,1024,8192,0.88525390625,0.8781708910834907,0.8919757780186517,0.1558837890625,-0.1204833984375,0.0177001953125,nan,0.0411376953125,nan,0.0970458984375,nan,0.0411376953125,0,0.8782958984375,0.892333984375,0.010836889780099583,8,2,8,37,28,20260920,761,2.702092899940908
depth_optimal,S2,2,0.003,0,8,1024,8192,0.8612060546875,0.8535498691169706,0.868523639714854,0.2208251953125,0.2208251953125,0.020263671875,0.1387939453125,nan,0.061767578125,nan,0.1387939453125,nan,0,0.85693359375,0.8656005859375,0.00675448725670089,8,2,8,37,28,20260920,761,3.7661579000996426
depth_optimal,S2,2,0.003,1,8,1024,8192,0.8631591796875,0.8555464747949083,0.8704314531451657,0.181640625,0.089599609375,0.0447998046875,nan,0.0460205078125,0.0908203125,nan,nan,0.0460205078125,0,0.856201171875,0.869140625,0.010100798085149585,8,2,8,37,28,20260920,761,2.7627203000010923
depth_optimal,S2,2,0.003,2,8,1024,8192,0.866455078125,0.8589169036465826,0.8736497315386617,0.177490234375,-0.140380859375,0.0185546875,nan,0.0439453125,nan,0.114990234375,nan,0.0439453125,0,0.8565673828125,0.875732421875,0.014752698157378265,8,2,8,37,28,20260920,761,2.676960099954158
depth_optimal,S2,2,0.005,0,8,1024,8192,0.84033203125,0.8322406825956189,0.8481043470167932,0.2529296875,0.2529296875,0.023193359375,0.15966796875,nan,0.070068359375,nan,0.15966796875,nan,0,0.8331268310546875,0.84814453125,0.011601910092796758,8,2,8,37,28,20260920,761,3.8906468999339268
depth_optimal,S2,2,0.005,1,8,1024,8192,0.8441162109375,0.8360999515913523,0.8518098900432924,0.2008056640625,0.0880126953125,0.044921875,nan,0.056396484375,0.0994873046875,nan,nan,0.056396484375,0,0.8360595703125,0.852294921875,0.012340923075296138,8,2,8,37,28,20260920,761,2.6320669999113306
depth_optimal,S2,2,0.005,2,8,1024,8192,0.8463134765625,0.838341558789033,0.8539607543423919,0.2032470703125,-0.1619873046875,0.0206298828125,nan,0.049560546875,nan,0.133056640625,nan,0.049560546875,0,0.83544921875,0.85693359375,0.016531145796523372,8,2,8,37,28,20260920,761,2.715578900068067
depth_optimal,S2,2,0.01,0,8,1024,8192,0.7939453125,0.7850498067514805,0.8025652690400146,0.31640625,0.31640625,0.025634765625,0.2060546875,nan,0.084716796875,nan,0.2060546875,nan,0,0.7843017578125,0.804443359375,0.015449629687396348,8,2,8,37,28,20260920,761,3.788937099976465
depth_optimal,S2,2,0.01,1,8,1024,8192,0.7978515625,0.7890162772357682,0.8064076367722252,0.2607421875,0.111328125,0.05859375,nan,0.07470703125,0.12744140625,nan,nan,0.07470703125,0,0.7896728515625,0.80615234375,0.012636151645339566,8,2,8,37,28,20260920,761,2.702629499952309
depth_optimal,S2,2,0.01,2,8,1024,8192,0.7935791015625,0.7846780144911055,0.8022049827175929,0.2684326171875,-0.2152099609375,0.026611328125,nan,0.06201171875,nan,0.1798095703125,nan,0.06201171875,0,0.7838134765625,0.802734375,0.014568583496548743,8,2,8,37,28,20260920,761,2.709013000014238
depth_optimal,S2,2,0.02,0,8,1024,8192,0.7142333984375,0.704351608104663,0.7239143628314142,0.444580078125,0.444580078125,0.03857421875,0.2857666015625,nan,0.1202392578125,nan,0.2857666015625,nan,0,0.7088623046875,0.719482421875,0.008252427771905102,8,2,8,37,28,20260920,761,3.936047299997881
depth_optimal,S2,2,0.02,1,8,1024,8192,0.7120361328125,0.7021329676749886,0.7217405317643084,0.365966796875,0.152587890625,0.0780029296875,nan,0.106689453125,0.1812744140625,nan,nan,0.106689453125,0,0.70703125,0.71728515625,0.008060338876571864,8,2,8,37,28,20260920,761,2.6376541000790894
depth_optimal,S2,2,0.02,2,8,1024,8192,0.7056884765625,0.6957251353183117,0.7154590020191754,0.3846435546875,-0.3087158203125,0.0379638671875,nan,0.09033203125,nan,0.25634765625,nan,0.09033203125,0,0.69873046875,0.7135009765625,0.011315821087134876,8,2,8,37,28,20260920,761,2.6438104999251664
depth_optimal,S2,2,0.03,0,8,1024,8192,0.6329345703125,0.6224368361497441,0.6433076894054628,0.5738525390625,0.5738525390625,0.052734375,0.3670654296875,nan,0.154052734375,nan,0.3670654296875,nan,0,0.6243896484375,0.640625,0.012390501807549968,8,2,8,37,28,20260920,761,3.8418578000273556
depth_optimal,S2,2,0.03,1,8,1024,8192,0.647216796875,0.6368025730950393,0.6574930171892395,0.4515380859375,0.1971435546875,0.0987548828125,nan,0.127197265625,0.2255859375,nan,nan,0.127197265625,0,0.64111328125,0.653564453125,0.009607395584096618,8,2,8,37,28,20260920,761,2.636285400018096
depth_optimal,S2,2,0.03,2,8,1024,8192,0.6317138671875,0.6212094560232605,0.6420948075892906,0.4774169921875,-0.3758544921875,0.05078125,nan,0.109130859375,nan,0.3175048828125,nan,0.109130859375,0,0.6246337890625,0.639404296875,0.011381846860008472,8,2,8,37,28,20260920,761,2.796088300063275
depth_optimal,S2,2,0.05,0,8,1024,8192,0.5179443359375,0.5071180595414982,0.5287537910155408,0.7822265625,0.7822265625,0.080078125,0.4820556640625,nan,0.2200927734375,nan,0.4820556640625,nan,0,0.51171875,0.5252685546875,0.01036047538924855,8,2,8,37,28,20260920,761,3.5207486000144854
depth_optimal,S2,2,0.05,1,8,1024,8192,0.5390625,0.5282524249998932,0.5498359571650895,0.5831298828125,0.2386474609375,0.1221923828125,nan,0.1722412109375,0.2886962890625,nan,nan,0.1722412109375,0,0.53125,0.5478515625,0.012881744099875898,8,2,8,37,28,20260920,761,2.5830346000147983
depth_optimal,S2,2,0.05,2,8,1024,8192,0.51611328125,0.5052865128291224,0.526924944813933,0.6297607421875,-0.4754638671875,0.0771484375,nan,0.1458740234375,nan,0.40673828125,nan,0.1458740234375,0,0.505859375,0.5247802734375,0.014587858367377022,8,2,8,37,28,20260920,761,2.681067300029099
depth_optimal,S2,4,0.0,0,8,1024,8192,0.7003173828125,0.6903049237108034,0.7101420610789986,1.000244140625,1.000244140625,0.080810546875,0.2996826171875,nan,0.2078857421875,nan,0.2078857421875,nan,1,0.690673828125,0.71044921875,0.015338449982893331,8,3,16,65,84,20260920,761,9.74970080005005
depth_optimal,S2,4,0.0,1,8,1024,8192,0.6990966796875,0.6890732846941823,0.7089334381529642,0.8348388671875,0.7425537109375,0.1241455078125,nan,0.046142578125,0.2547607421875,nan,0.2547607421875,nan,1,0.6878662109375,0.7119140625,0.018265616377654004,8,3,16,65,84,20260920,761,9.322631099959835
depth_optimal,S2,4,0.0,2,8,1024,8192,0.688720703125,0.6786076975778493,0.6986567987567235,0.7078857421875,0.4068603515625,0.1036376953125,nan,0.045166015625,nan,0.1053466796875,nan,0.1053466796875,1,0.67919921875,0.69921875,0.015535370019565363,8,3,16,65,84,20260920,761,9.873461000039242
depth_optimal,S2,4,0.0,3,8,1024,8192,0.7037353515625,0.6937539598928866,0.7135257583363515,0.6287841796875,0.2301025390625,0.113525390625,nan,0.010986328125,nan,0.05908203125,nan,0.05908203125,1,0.6888427734375,0.7171630859375,0.02220126916406956,8,3,16,65,84,20260920,761,9.324459300027229
depth_optimal,S2,4,0.0,4,8,1024,8192,0.693115234375,0.683039455754091,0.7030099835740425,0.643798828125,-0.361572265625,0.0792236328125,nan,0.06689453125,nan,0.077880859375,nan,0.077880859375,1,0.6788330078125,0.709228515625,0.023730669687935288,8,3,16,65,84,20260920,761,9.384693500003777
depth_optimal,S2,4,0.001,0,8,1024,8192,0.676513671875,0.6663027433063972,0.6865591336016187,1.04052734375,1.04052734375,0.0787353515625,0.323486328125,nan,0.2200927734375,nan,0.2200927734375,nan,1,0.6676025390625,0.6857940673828125,0.01401387846335405,8,3,16,65,84,20260920,761,15.998135900008492
depth_optimal,S2,4,0.001,1,8,1024,8192,0.6746826171875,0.6644576851084051,0.6847437988856272,0.8994140625,0.802734375,0.1322021484375,nan,0.04833984375,0.2769775390625,nan,0.2769775390625,nan,1,0.6614990234375,0.687255859375,0.019749323165912522,8,3,16,65,84,20260920,761,11.406468000030145
depth_optimal,S2,4,0.001,2,8,1024,8192,0.662109375,0.6517930097208212,0.6722737762638572,0.7481689453125,0.4022216796875,0.10693359375,nan,0.049072265625,nan,0.1239013671875,nan,0.1239013671875,1,0.6514892578125,0.673828125,0.017453676532403362,8,3,16,65,84,20260920,761,11.19457870000042
depth_optimal,S2,4,0.001,3,8,1024,8192,0.654052734375,0.6436820439446467,0.6642790132185039,0.7398681640625,0.2376708984375,0.1324462890625,nan,0.01513671875,nan,0.0726318359375,nan,0.0726318359375,1,0.638427734375,0.66845703125,0.023447670319419862,8,3,16,65,84,20260920,761,11.337650900008157
depth_optimal,S2,4,0.001,4,8,1024,8192,0.6561279296875,0.6457709179729764,0.6663385844926889,0.7420654296875,-0.4293212890625,0.0858154296875,nan,0.080322265625,nan,0.095458984375,nan,0.095458984375,1,0.6441650390625,0.6685791015625,0.01890339547218225,8,3,16,65,84,20260920,761,11.364740499993786
depth_optimal,S2,4,0.003,0,8,1024,8192,0.622802734375,0.6122517480443658,0.6332386033867986,1.2109375,1.2109375,0.094482421875,0.377197265625,nan,0.25537109375,nan,0.25537109375,nan,1,0.6136474609375,0.6356201171875,0.017715162141275626,8,3,16,65,84,20260920,761,15.742622899939306
depth_optimal,S2,4,0.003,1,8,1024,8192,0.61376953125,0.6031751825297038,0.6242572305258085,1.0269775390625,0.9012451171875,0.14697265625,nan,0.0628662109375,0.3233642578125,nan,0.3233642578125,nan,1,0.5982635498046875,0.6287841796875,0.023593925540382928,8,3,16,65,84,20260920,761,11.328390199923888
depth_optimal,S2,4,0.003,2,8,1024,8192,0.615966796875,0.6053826418149238,0.6264422427373687,0.8411865234375,0.4683837890625,0.1180419921875,nan,0.050048828125,nan,0.1363525390625,nan,0.1363525390625,1,0.601318359375,0.6297637939453125,0.022817494541771746,8,3,16,65,84,20260920,761,11.480736600002274
depth_optimal,S2,4,0.003,3,8,1024,8192,0.61181640625,0.6012131864905548,0.6223148074567084,0.8099365234375,0.2774658203125,0.146728515625,nan,0.0155029296875,nan,0.0712890625,nan,0.0712890625,1,0.5994873046875,0.6258544921875,0.020122198361721865,8,3,16,65,84,20260920,761,11.315403099986725
depth_optimal,S2,4,0.003,4,8,1024,8192,0.6107177734375,0.600109642103558,0.621222116095315,0.8232421875,-0.46630859375,0.096435546875,nan,0.083251953125,nan,0.10107421875,nan,0.10107421875,1,0.5860595703125,0.63525390625,0.03828017341723682,8,3,16,65,84,20260920,761,11.15987899992615
depth_optimal,S2,4,0.005,0,8,1024,8192,0.575927734375,0.5651927901039392,0.586591502729246,1.3426513671875,1.3426513671875,0.1064453125,0.424072265625,nan,0.282470703125,nan,0.282470703125,nan,1,0.5643310546875,0.586669921875,0.01755291781423384,8,3,16,65,84,20260920,761,15.47167800005991
depth_optimal,S2,4,0.005,1,8,1024,8192,0.5550537109375,0.5442688583006013,0.5657869553131712,1.191650390625,1.046142578125,0.170166015625,nan,0.07275390625,0.3721923828125,nan,0.3721923828125,nan,1,0.549072265625,0.5611572265625,0.009234105361420948,8,3,16,65,84,20260920,761,11.9969825000735
depth_optimal,S2,4,0.005,2,8,1024,8192,0.5806884765625,0.5699676372197975,0.591333677189745,0.9324951171875,0.5299072265625,0.1351318359375,nan,0.0556640625,nan,0.1456298828125,nan,0.1456298828125,1,0.568603515625,0.5949737548828125,0.020223081185905278,8,3,16,65,84,20260920,761,11.43212669994682
depth_optimal,S2,4,0.005,3,8,1024,8192,0.572998046875,0.5622549278514309,0.5836727363193807,0.8951416015625,0.2723388671875,0.1585693359375,nan,0.0198974609375,nan,0.087646484375,nan,0.087646484375,1,0.5506591796875,0.5985107421875,0.03669495898855313,8,3,16,65,84,20260920,761,11.236704400042072
depth_optimal,S2,4,0.005,4,8,1024,8192,0.5533447265625,0.5425566424358615,0.564082804458193,0.9505615234375,-0.5301513671875,0.11279296875,nan,0.09326171875,nan,0.11572265625,nan,0.11572265625,1,0.5450439453125,0.5615234375,0.012742844355428317,8,3,16,65,84,20260920,761,11.477705000084825
depth_optimal,S2,4,0.01,0,8,1024,8192,0.4749755859375,0.4641760388210739,0.48579859135448406,1.685546875,1.685546875,0.1402587890625,0.5250244140625,nan,0.362548828125,nan,0.362548828125,nan,1,0.4541015625,0.4989013671875,0.03515988285731494,8,3,16,65,84,20260920,761,15.74091579997912
depth_optimal,S2,4,0.01,1,8,1024,8192,0.46630859375,0.4555241404923168,0.4771246298903856,1.3782958984375,1.2161865234375,0.1845703125,nan,0.0810546875,0.45263671875,nan,0.45263671875,nan,1,0.45556640625,0.47778625488281246,0.01725742927248627,8,3,16,65,84,20260920,761,11.59473050001543
depth_optimal,S2,4,0.01,2,8,1024,8192,0.470458984375,0.4596668953026628,0.481278765685069,1.1832275390625,0.6707763671875,0.1728515625,nan,0.0716552734375,nan,0.1845703125,nan,0.1845703125,1,0.459716796875,0.4808349609375,0.01616287855245109,8,3,16,65,84,20260920,761,11.477269899914972
depth_optimal,S2,4,0.01,3,8,1024,8192,0.464599609375,0.45381851837976994,0.4754138852832145,1.135498046875,0.316650390625,0.2010498046875,nan,0.034423828125,nan,0.119384765625,nan,0.119384765625,1,0.4478759765625,0.4827880859375,0.027337521213386465,8,3,16,65,84,20260920,761,11.678891299990937
depth_optimal,S2,4,0.01,4,8,1024,8192,0.460693359375,0.4499204319483633,0.4715031334981228,1.1500244140625,-0.6009521484375,0.1392822265625,nan,0.1055908203125,nan,0.138427734375,nan,0.138427734375,1,0.4416473388671875,0.4862060546875,0.03532924173250389,8,3,16,65,84,20260920,761,11.574517800007015
depth_optimal,S2,4,0.02,0,8,1024,8192,0.3397216796875,0.32954292601172874,0.3500506809175765,2.140380859375,2.140380859375,0.1878662109375,0.6602783203125,nan,0.465087890625,nan,0.465087890625,nan,1,0.3284912109375,0.3546142578125,0.02069257688563459,8,3,16,65,84,20260920,761,16.60999379993882
depth_optimal,S2,4,0.02,1,8,1024,8192,0.345947265625,0.335720986781496,0.3563179560553533,1.7928466796875,1.6138916015625,0.2425537109375,nan,0.0894775390625,0.5645751953125,nan,0.5645751953125,nan,1,0.3238525390625,0.369873046875,0.03589922839609493,8,3,16,65,84,20260920,761,11.670182900037616
depth_optimal,S2,4,0.02,2,8,1024,8192,0.3582763671875,0.3479616958769306,0.36872389258074145,1.4393310546875,0.8231201171875,0.2095947265625,nan,0.0894775390625,nan,0.2186279296875,nan,0.2186279296875,1,0.340576171875,0.37829895019531246,0.029322150090601407,8,3,16,65,84,20260920,761,11.639314799918793
depth_optimal,S2,4,0.02,3,8,1024,8192,0.3380126953125,0.3278473318964322,0.348329908313155,1.40478515625,0.3251953125,0.2430419921875,nan,0.0579833984375,nan,0.1585693359375,nan,0.1585693359375,1,0.324462890625,0.35546875,0.02471322014966214,8,3,16,65,84,20260920,761,11.46032810001634
depth_optimal,S2,4,0.02,4,8,1024,8192,0.3463134765625,0.3360844630299626,0.3566865583896835,1.3681640625,-0.61279296875,0.1898193359375,nan,0.1005859375,nan,0.1533203125,nan,0.1533203125,1,0.3253173828125,0.367431640625,0.03255647175590455,8,3,16,65,84,20260920,761,11.866358199971728
depth_optimal,S2,4,0.03,0,8,1024,8192,0.248779296875,0.23953703041400232,0.25825706178745245,2.5869140625,2.5869140625,0.24560546875,0.751220703125,nan,0.5650634765625,nan,0.5650634765625,nan,1,0.2337646484375,0.2679443359375,0.027041890501618166,8,3,16,65,84,20260920,761,16.4123297999613
depth_optimal,S2,4,0.03,1,8,1024,8192,0.290771484375,0.2810375503340943,0.300701552694717,1.9461669921875,1.7364501953125,0.254150390625,nan,0.1048583984375,0.6043701171875,nan,0.6043701171875,nan,1,0.2708740234375,0.310302734375,0.0303778890035352,8,3,16,65,84,20260920,761,11.295264500076883
depth_optimal,S2,4,0.03,2,8,1024,8192,0.282958984375,0.2733083765480433,0.29281305004777136,1.6536865234375,0.9952392578125,0.252685546875,nan,0.0926513671875,nan,0.236572265625,nan,0.236572265625,1,0.2664794921875,0.30224914550781246,0.02772843049661348,8,3,16,65,84,20260920,761,11.837486100033857
depth_optimal,S2,4,0.03,3,8,1024,8192,0.2813720703125,0.27173882665142607,0.29121025941893613,1.5299072265625,0.3416748046875,0.271240234375,nan,0.06591796875,nan,0.1754150390625,nan,0.1754150390625,1,0.258056640625,0.3048095703125,0.03665665126437355,8,3,16,65,84,20260920,761,11.505198700004257
depth_optimal,S2,4,0.03,4,8,1024,8192,0.2545166015625,0.24520059779922038,0.2640627255327162,1.5986328125,-0.64111328125,0.2342529296875,nan,0.110107421875,nan,0.179931640625,nan,0.179931640625,1,0.235107421875,0.27356262207031246,0.03013106236627316,8,3,16,65,84,20260920,761,11.508003099937923
depth_optimal,S2,4,0.05,0,8,1024,8192,0.16845703125,0.16050808007549466,0.17671677629921434,2.9759521484375,2.9759521484375,0.2928466796875,0.83154296875,nan,0.6546630859375,nan,0.6546630859375,nan,1,0.1551513671875,0.18176574707031246,0.020531050821902968,8,3,16,65,84,20260920,761,16.006014699931256
depth_optimal,S2,4,0.05,1,8,1024,8192,0.1871337890625,0.1788353778287828,0.1957254862685586,2.391357421875,2.17626953125,0.3192138671875,nan,0.1075439453125,0.705322265625,nan,0.705322265625,nan,1,0.1744384765625,0.2015380859375,0.020879376712134082,8,3,16,65,84,20260920,761,11.59680409997236
depth_optimal,S2,4,0.05,2,8,1024,8192,0.2039794921875,0.1953933161370303,0.2128431627689599,1.8948974609375,1.1661376953125,0.2933349609375,nan,0.111572265625,nan,0.2528076171875,nan,0.2528076171875,1,0.1888427734375,0.2181396484375,0.022411980199693878,8,3,16,65,84,20260920,761,11.087621600017883
depth_optimal,S2,4,0.05,3,8,1024,8192,0.194091796875,0.1856715351416038,0.20279882202887514,1.774169921875,0.393310546875,0.3150634765625,nan,0.0928955078125,nan,0.2191162109375,nan,0.2191162109375,1,0.1756591796875,0.2142333984375,0.029894162541651594,8,3,16,65,84,20260920,761,11.59203840000555
depth_optimal,S2,4,0.05,4,8,1024,8192,0.1693115234375,0.1613458325373479,0.1775872071972201,1.835205078125,-0.625244140625,0.295654296875,nan,0.115966796875,nan,0.216064453125,nan,0.216064453125,1,0.161865234375,0.1776123046875,0.012207728774714148,8,3,16,65,84,20260920,761,11.652045399998315
depth_optimal,S2,6,0.0,0,8,1024,8192,0.5673828125,0.5566250967600944,0.5780773624745007,1.484375,1.484375,0.044189453125,0.4326171875,nan,0.3140869140625,nan,0.3140869140625,nan,1,0.5557861328125,0.5836181640625,0.02223844087724384,8,3,24,105,171,20260920,761,30.52669650001917
depth_optimal,S2,6,0.0,1,8,1024,8192,0.55908203125,0.5483053053226654,0.569803372701871,1.248779296875,1.13134765625,0.0616455078125,nan,0.0587158203125,0.3822021484375,nan,0.3822021484375,nan,1,0.552001953125,0.5667724609375,0.011519417049856593,8,3,24,105,171,20260920,761,29.29063539998606
depth_optimal,S2,6,0.0,2,8,1024,8192,0.56689453125,0.5561356126134092,0.5775907418441237,0.97998046875,0.59326171875,0.024169921875,nan,0.06005859375,nan,0.13330078125,nan,0.13330078125,1,0.5517578125,0.5799591064453125,0.022029162214272317,8,3,24,105,171,20260920,761,28.900190700078383
depth_optimal,S2,6,0.0,3,8,1024,8192,0.5592041015625,0.548427633085824,0.569925071132978,0.9486083984375,0.3499755859375,0.0931396484375,nan,0.0250244140625,nan,0.090576171875,nan,0.090576171875,1,0.5458984375,0.5750732421875,0.02237852151959177,8,3,24,105,171,20260920,761,29.19308060000185
depth_optimal,S2,6,0.0,4,8,1024,8192,0.5523681640625,0.5415782911139507,0.5631089462259792,0.9730224609375,-0.4388427734375,0.0267333984375,nan,0.0966796875,nan,0.1209716796875,nan,0.1209716796875,1,0.5308837890625,0.5728759765625,0.03202911263489049,8,3,24,105,171,20260920,761,29.159136899979785
depth_optimal,S2,6,0.0,5,8,1024,8192,0.5538330078125,0.5430458338409146,0.5645697178302022,1.0101318359375,-0.6571044921875,0.05810546875,nan,0.0242919921875,nan,0.11962890625,nan,0.11962890625,1,0.5408935546875,0.56494140625,0.018678638352891845,8,3,24,105,171,20260920,761,28.670747399912216
depth_optimal,S2,6,0.0,6,8,1024,8192,0.53662109375,0.5258081531195087,0.5473997051601627,1.306884765625,-1.222412109375,0.042236328125,nan,0.0579833984375,nan,0.0865478515625,nan,0.0865478515625,1,0.52001953125,0.5556640625,0.02769524559859943,8,3,24,105,171,20260920,761,29.07228219998069
depth_optimal,S2,6,0.001,0,8,1024,8192,0.514404296875,0.503577200352807,0.5252178905705305,1.6798095703125,1.6798095703125,0.054443359375,0.485595703125,nan,0.350830078125,nan,0.350830078125,nan,1,0.5050048828125,0.5233184814453125,0.014149328141338848,8,3,24,105,171,20260920,761,44.209511999972165
depth_optimal,S2,6,0.001,1,8,1024,8192,0.520751953125,0.5099267135586223,0.5315577394665247,1.362060546875,1.2333984375,0.0640869140625,nan,0.0643310546875,0.4149169921875,nan,0.4149169921875,nan,1,0.5035400390625,0.5380859375,0.026702205727275226,8,3,24,105,171,20260920,761,34.78773950005416
depth_optimal,S2,6,0.001,2,8,1024,8192,0.5213623046875,0.5105373357713073,0.5321672482251677,1.0772705078125,0.6697998046875,0.028076171875,nan,0.0626220703125,nan,0.14111328125,nan,0.14111328125,1,0.50732421875,0.5360107421875,0.02181436347886895,8,3,24,105,171,20260920,761,34.09091060003266
depth_optimal,S2,6,0.001,3,8,1024,8192,0.5074462890625,0.49661916295263914,0.5182664348975607,1.05419921875,0.3857421875,0.100830078125,nan,0.029052734375,nan,0.103271484375,nan,0.103271484375,1,0.493896484375,0.5213623046875,0.021235222687167446,8,3,24,105,171,20260920,761,35.04492170002777
depth_optimal,S2,6,0.001,4,8,1024,8192,0.4979248046875,0.4871010346479088,0.5087505200495765,1.07763671875,-0.4716796875,0.0302734375,nan,0.103271484375,nan,0.1337890625,nan,0.1337890625,1,0.4832763671875,0.51318359375,0.023370192019454138,8,3,24,105,171,20260920,761,35.221242300001904
depth_optimal,S2,6,0.001,5,8,1024,8192,0.51611328125,0.5052865128291224,0.526924944813933,1.0972900390625,-0.7406005859375,0.059326171875,nan,0.02783203125,nan,0.1260986328125,nan,0.1260986328125,1,0.4993896484375,0.533935546875,0.026606368056342332,8,3,24,105,171,20260920,761,32.86486370000057
depth_optimal,S2,6,0.001,6,8,1024,8192,0.50732421875,0.49649711083431225,0.518144460821622,1.3782958984375,-1.2781982421875,0.050048828125,nan,0.0606689453125,nan,0.0894775390625,nan,0.0894775390625,1,0.488037109375,0.5284423828125,0.03211009460003527,8,3,24,105,171,20260920,761,34.827298299991526
