counter,scenario,L,p,m,pairs_per_m,shots,n_trials,p_correct,wilson_lo,wilson_hi,mae,bias,p_out_of_range,fn_t0,fp_t0,fn_t1,fp_t1,fn_tq,fp_tq,t_quarter,boot_lo,boot_hi,pair_sd,pairs_used,k,num_qubits,depth,cx,seed_pairs,seed_sim,elapsed_s
adder,S1,2,0.0,0,8,1024,8192,1.0,0.9995312917117791,1.0,0.0,0.0,0.0,0.0,nan,0.0,nan,0.0,nan,0,1.0,1.0,0.0,8,2,8,25,18,20260920,761,0.07201790000544861
adder,S1,2,0.0,1,8,1024,8192,1.0,0.9995312917117791,1.0,0.0,0.0,0.0,nan,0.0,0.0,nan,nan,0.0,0,1.0,1.0,0.0,8,2,8,25,18,20260920,761,0.0847840000060387
adder,S1,2,0.0,2,8,1024,8192,1.0,0.9995312917117791,1.0,0.0,0.0,0.0,nan,0.0,nan,0.0,nan,0.0,0,1.0,1.0,0.0,8,2,8,25,18,20260920,761,0.07994550000876188
adder,S1,2,0.001,0,8,1024,8192,0.993408203125,0.9914098090475881,0.9949440681738501,0.009765625,0.009765625,0.000732421875,0.006591796875,nan,0.00244140625,nan,0.006591796875,nan,0,0.9913330078125,0.9949951171875,0.002847144479904932,8,2,8,25,18,20260920,761,1.0386255999910645
adder,S1,2,0.001,1,8,1024,8192,0.9921875,0.9900368089978911,0.9938768062808913,0.008544921875,0.0029296875,0.000732421875,nan,0.0028076171875,0.0050048828125,nan,nan,0.0028076171875,0,0.9896240234375,0.9945068359375,0.0037641566861696544,8,2,8,25,18,20260920,761,0.9957226000260562
adder,S1,2,0.001,2,8,1024,8192,0.9923095703125,0.9901735404884942,0.9939841009845538,0.0087890625,-0.006103515625,0.0013427734375,nan,0.0010986328125,nan,0.00634765625,nan,0.0010986328125,0,0.9908447265625,0.993896484375,0.002359825589290914,8,2,8,25,18,20260920,761,0.9723221000167541
adder,S1,2,0.003,0,8,1024,8192,0.9803466796875,0.977108013819361,0.9831350606156611,0.0296630859375,0.0296630859375,0.003662109375,0.0196533203125,nan,0.00634765625,nan,0.0196533203125,nan,0,0.9783935546875,0.982177734375,0.002926779620871547,8,2,8,25,18,20260920,761,1.0828480999916792
adder,S1,2,0.003,1,8,1024,8192,0.975341796875,0.9717541591935812,0.9784838412765524,0.027587890625,0.0029296875,0.0029296875,nan,0.0123291015625,0.0123291015625,nan,nan,0.0123291015625,0,0.9716796875,0.9788818359375,0.005640199501041726,8,2,8,25,18,20260920,761,1.0191289000213146
adder,S1,2,0.003,2,8,1024,8192,0.9771728515625,0.9737080454672682,0.980190347916849,0.0250244140625,-0.0159912109375,0.0045166015625,nan,0.002197265625,nan,0.018310546875,nan,0.002197265625,0,0.973388671875,0.9810791015625,0.005904252894681078,8,2,8,25,18,20260920,761,1.0022754999808967
adder,S1,2,0.005,0,8,1024,8192,0.9610595703125,0.9566497018681261,0.9650372338729358,0.054443359375,0.054443359375,0.004638671875,0.0389404296875,nan,0.0108642578125,nan,0.0389404296875,nan,0,0.9573974609375,0.964599609375,0.00555961021931096,8,2,8,25,18,20260920,761,1.068138100032229
adder,S1,2,0.005,1,8,1024,8192,0.9588623046875,0.9543420451055487,0.9629524191387329,0.0465087890625,0.0086669921875,0.00537109375,nan,0.0189208984375,0.022216796875,nan,nan,0.0189208984375,0,0.9547119140625,0.9632568359375,0.0066733188591937085,8,2,8,25,18,20260920,761,1.0028147000120953
adder,S1,2,0.005,2,8,1024,8192,0.962158203125,0.9578048604805101,0.9660783110089419,0.04248046875,-0.029296875,0.006591796875,nan,0.004638671875,nan,0.03125,nan,0.004638671875,0,0.9580078125,0.9671630859375,0.007056587222957855,8,2,8,25,18,20260920,761,1.0129420000012033
adder,S1,2,0.01,0,8,1024,8192,0.92431640625,0.9183879255501984,0.9298471257169266,0.1087646484375,0.1087646484375,0.01171875,0.07568359375,nan,0.0213623046875,nan,0.07568359375,nan,0,0.9207763671875,0.927490234375,0.005193780822819834,8,2,8,25,18,20260920,761,1.0687410000246018
adder,S1,2,0.01,1,8,1024,8192,0.92529296875,0.919398051977296,0.9307892088439536,0.0843505859375,0.0169677734375,0.0096435546875,nan,0.03369140625,0.041015625,nan,nan,0.03369140625,0,0.9205322265625,0.9293212890625,0.00682596530285997,8,2,8,25,18,20260920,761,1.044213299988769
adder,S1,2,0.01,2,8,1024,8192,0.9234619140625,0.9175042934270701,0.9290225744801959,0.087158203125,-0.06201171875,0.0125732421875,nan,0.0106201171875,nan,0.06396484375,nan,0.0106201171875,0,0.9173583984375,0.929443359375,0.009248847506686397,8,2,8,25,18,20260920,761,0.9982594000175595
adder,S1,2,0.02,0,8,1024,8192,0.8502197265625,0.8423280186039321,0.8577831327439913,0.2103271484375,0.2103271484375,0.0179443359375,0.1497802734375,nan,0.0426025390625,nan,0.1497802734375,nan,0,0.8416748046875,0.8580322265625,0.012667783295977984,8,2,8,25,18,20260920,761,1.0215196999488398
adder,S1,2,0.02,1,8,1024,8192,0.8468017578125,0.8388397689478808,0.8544386489606066,0.1741943359375,0.0333251953125,0.02099609375,nan,0.0704345703125,0.082763671875,nan,nan,0.0704345703125,0,0.8399627685546875,0.8543701171875,0.011176506858169573,8,2,8,25,18,20260920,761,0.9884966000099666
adder,S1,2,0.02,2,8,1024,8192,0.85791015625,0.8501817240882353,0.8653030774984191,0.1630859375,-0.11181640625,0.025634765625,nan,0.02099609375,nan,0.116455078125,nan,0.02099609375,0,0.850830078125,0.8653564453125,0.011085474623503868,8,2,8,25,18,20260920,761,1.023517899971921
adder,S1,2,0.03,0,8,1024,8192,0.785888671875,0.7768728715355695,0.794636475434398,0.3050537109375,0.3050537109375,0.0277099609375,0.214111328125,nan,0.063232421875,nan,0.214111328125,nan,0,0.7769775390625,0.794921875,0.013669383542120543,8,2,8,25,18,20260920,761,1.0793593000271358
adder,S1,2,0.03,1,8,1024,8192,0.790771484375,0.7818279690012887,0.7994424257393015,0.2369384765625,0.0401611328125,0.0277099609375,nan,0.098388671875,0.11083984375,nan,nan,0.098388671875,0,0.78076171875,0.7998046875,0.014844759569756352,8,2,8,25,18,20260920,761,1.0671661999658681
adder,S1,2,0.03,2,8,1024,8192,0.7899169921875,0.7809606900160763,0.798601521364655,0.2469482421875,-0.1712646484375,0.037841796875,nan,0.036865234375,nan,0.1722412109375,nan,0.036865234375,0,0.781494140625,0.796630859375,0.011607046441317019,8,2,8,25,18,20260920,761,1.0185226000030525
adder,S1,2,0.05,0,8,1024,8192,0.68115234375,0.6709776854187772,0.6911571868713302,0.4705810546875,0.4705810546875,0.0479736328125,0.31884765625,nan,0.103759765625,nan,0.31884765625,nan,0,0.6700439453125,0.6903076171875,0.015423152153477912,8,2,8,25,18,20260920,761,1.1047246000380255
adder,S1,2,0.05,1,8,1024,8192,0.681884765625,0.6717159389571561,0.6918830904985447,0.36767578125,0.084228515625,0.049560546875,nan,0.1417236328125,0.1763916015625,nan,nan,0.1417236328125,0,0.67822265625,0.68603515625,0.005991579595840517,8,2,8,25,18,20260920,761,1.0368885999778286
adder,S1,2,0.05,2,8,1024,8192,0.6854248046875,0.6752845702599518,0.6953912188294505,0.3780517578125,-0.2471923828125,0.0654296875,nan,0.0634765625,nan,0.2491455078125,nan,0.0634765625,0,0.677734375,0.692138671875,0.01089253427353074,8,2,8,25,18,20260920,761,1.0385317000327632
adder,S1,4,0.0,0,8,1024,8192,1.0,0.9995312917117791,1.0,0.0,0.0,0.0,0.0,nan,0.0,nan,0.0,nan,1,1.0,1.0,0.0,8,3,16,61,51,20260920,761,0.10866589995566756
adder,S1,4,0.0,1,8,1024,8192,1.0,0.9995312917117791,1.0,0.0,0.0,0.0,nan,0.0,0.0,nan,0.0,nan,1,1.0,1.0,0.0,8,3,16,61,51,20260920,761,0.1111492000054568
adder,S1,4,0.0,2,8,1024,8192,1.0,0.9995312917117791,1.0,0.0,0.0,0.0,nan,0.0,nan,0.0,nan,0.0,1,1.0,1.0,0.0,8,3,16,61,51,20260920,761,0.10916649998398498
adder,S1,4,0.0,3,8,1024,8192,1.0,0.9995312917117791,1.0,0.0,0.0,0.0,nan,0.0,nan,0.0,nan,0.0,1,1.0,1.0,0.0,8,3,16,61,51,20260920,761,0.10977500001899898
adder,S1,4,0.0,4,8,1024,8192,1.0,0.9995312917117791,1.0,0.0,0.0,0.0,nan,0.0,nan,0.0,nan,0.0,1,1.0,1.0,0.0,8,3,16,61,51,20260920,761,0.11663150001550093
adder,S1,4,0.001,0,8,1024,8192,0.974853515625,0.971233961475849,0.9780279342172224,0.044189453125,0.044189453125,0.001220703125,0.025146484375,nan,0.00927734375,nan,0.00927734375,nan,1,0.970458984375,0.9798583984375,0.007284583979103056,8,3,16,61,51,20260920,761,3.2271693000220694
adder,S1,4,0.001,1,8,1024,8192,0.9725341796875,0.9687674301474755,0.9758579678545501,0.039794921875,0.021484375,0.0020751953125,nan,0.0091552734375,0.018310546875,nan,0.018310546875,nan,1,0.968994140625,0.97509765625,0.004739455256785176,8,3,16,61,51,20260920,761,3.004213600012008
adder,S1,4,0.001,2,8,1024,8192,0.9752197265625,0.9716240779382105,0.9783698963376576,0.033935546875,0.009765625,0.00146484375,nan,0.0023193359375,nan,0.009765625,nan,0.009765625,1,0.9713134765625,0.9791259765625,0.006108396485935939,8,3,16,61,51,20260920,761,3.0282414000248536
adder,S1,4,0.001,3,8,1024,8192,0.974365234375,0.9707140976835616,0.9775716932324475,0.0352783203125,-0.0133056640625,0.002197265625,nan,0.001220703125,nan,0.0047607421875,nan,0.0047607421875,1,0.97021484375,0.978759765625,0.006679695658411893,8,3,16,61,51,20260920,761,3.068680400028825
adder,S1,4,0.001,4,8,1024,8192,0.9752197265625,0.9716240779382105,0.9783698963376576,0.038330078125,-0.021240234375,0.00634765625,nan,0.001953125,nan,0.00341796875,nan,0.00341796875,1,0.972412109375,0.9779052734375,0.004302499236186521,8,3,16,61,51,20260920,761,3.0847181000281125
adder,S1,4,0.003,0,8,1024,8192,0.9273681640625,0.9215455179618879,0.9327901881618763,0.1239013671875,0.1239013671875,0.0025634765625,0.0726318359375,nan,0.0267333984375,nan,0.0267333984375,nan,1,0.920654296875,0.93310546875,0.009510299205179007,8,3,16,61,51,20260920,761,3.146085799962748
adder,S1,4,0.003,1,8,1024,8192,0.9176025390625,0.9114505930792873,0.9233630175032312,0.12548828125,0.066650390625,0.0067138671875,nan,0.0294189453125,0.052978515625,nan,0.052978515625,nan,1,0.91357421875,0.921630859375,0.006152841975999926,8,3,16,61,51,20260920,761,2.9800767000415362
adder,S1,4,0.003,2,8,1024,8192,0.9310302734375,0.9253384431451279,0.9363180488066034,0.0953369140625,0.0179443359375,0.0037841796875,nan,0.0089111328125,nan,0.02978515625,nan,0.02978515625,1,0.9254150390625,0.935546875,0.007898133844907486,8,3,16,61,51,20260920,761,2.95929279999109
adder,S1,4,0.003,3,8,1024,8192,0.9259033203125,0.920029524566222,0.9313778672263555,0.105224609375,-0.029296875,0.0091552734375,nan,0.0029296875,nan,0.0125732421875,nan,0.0125732421875,1,0.9207763671875,0.931396484375,0.008194442617658894,8,3,16,61,51,20260920,761,2.9726903999689966
adder,S1,4,0.003,4,8,1024,8192,0.9268798828125,0.9210401140858852,0.9323194872608168,0.1126708984375,-0.0675048828125,0.0169677734375,nan,0.0029296875,nan,0.0098876953125,nan,0.0098876953125,1,0.9224853515625,0.9317626953125,0.007184540512481524,8,3,16,61,51,20260920,761,2.983966000028886
adder,S1,4,0.005,0,8,1024,8192,0.8756103515625,0.8682871864053161,0.882581413349846,0.217529296875,0.217529296875,0.005126953125,0.1243896484375,nan,0.04833984375,nan,0.04833984375,nan,1,0.8697509765625,0.88232421875,0.009834266298138265,8,3,16,61,51,20260920,761,3.1070987999555655
adder,S1,4,0.005,1,8,1024,8192,0.8740234375,0.86666213301821,0.8810341262114996,0.195556640625,0.106689453125,0.0107421875,nan,0.04443359375,0.08154296875,nan,0.08154296875,nan,1,0.8681640625,0.8798828125,0.009071299222661193,8,3,16,61,51,20260920,761,3.034102300007362
adder,S1,4,0.005,2,8,1024,8192,0.8778076171875,0.8705378868171243,0.884723184434818,0.1702880859375,0.0272216796875,0.0069580078125,nan,0.0174560546875,nan,0.0540771484375,nan,0.0540771484375,1,0.8712158203125,0.886474609375,0.01205612639944592,8,3,16,61,51,20260920,761,2.96899649995612
adder,S1,4,0.005,3,8,1024,8192,0.8775634765625,0.8702877726229058,0.8844852462405054,0.1766357421875,-0.0460205078125,0.015869140625,nan,0.0054931640625,nan,0.02197265625,nan,0.02197265625,1,0.8720703125,0.882568359375,0.008152772158831263,8,3,16,61,51,20260920,761,2.9789849999942817
adder,S1,4,0.005,4,8,1024,8192,0.8758544921875,0.8685372280739191,0.8828194240697741,0.1925048828125,-0.1175537109375,0.0296630859375,nan,0.0052490234375,nan,0.0174560546875,nan,0.0174560546875,1,0.8663330078125,0.8848876953125,0.014318622424271005,8,3,16,61,51,20260920,761,3.0356831999961287
adder,S1,4,0.01,0,8,1024,8192,0.7774658203125,0.7683296935952585,0.7863418459703845,0.408447265625,0.408447265625,0.0106201171875,0.2225341796875,nan,0.0943603515625,nan,0.0943603515625,nan,1,0.769775390625,0.78515625,0.012067421519758599,8,3,16,61,51,20260920,761,3.0437509999610484
adder,S1,4,0.01,1,8,1024,8192,0.7672119140625,0.7579364809918094,0.7762368582555257,0.3695068359375,0.2227783203125,0.0191650390625,nan,0.0733642578125,0.159423828125,nan,0.159423828125,nan,1,0.7567108154296875,0.777587890625,0.01596943111529448,8,3,16,61,51,20260920,761,3.0443851000163704
adder,S1,4,0.01,2,8,1024,8192,0.7802734375,0.7711768162290541,0.7891073258046971,0.3114013671875,0.0548095703125,0.0145263671875,nan,0.03173828125,nan,0.0965576171875,nan,0.0965576171875,1,0.776123046875,0.7850341796875,0.006905339660024878,8,3,16,61,51,20260920,761,2.986904899997171
adder,S1,4,0.01,3,8,1024,8192,0.78271484375,0.7736530629030106,0.791511603016052,0.3223876953125,-0.0977783203125,0.0264892578125,nan,0.01220703125,nan,0.04541015625,nan,0.04541015625,1,0.774169921875,0.7896728515625,0.011891857601074824,8,3,16,61,51,20260920,761,3.014811600034591
adder,S1,4,0.01,4,8,1024,8192,0.7723388671875,0.7631321231251702,0.7812903162813187,0.3619384765625,-0.2298583984375,0.051025390625,nan,0.010986328125,nan,0.033447265625,nan,0.033447265625,1,0.76513671875,0.7811279296875,0.012379501470850226,8,3,16,61,51,20260920,761,2.9922031000023708
adder,S1,4,0.02,0,8,1024,8192,0.6129150390625,0.6023167872919591,0.6234074424036941,0.7694091796875,0.7694091796875,0.0262451171875,0.3870849609375,nan,0.1859130859375,nan,0.1859130859375,nan,1,0.6058349609375,0.6207275390625,0.01162463954946837,8,3,16,61,51,20260920,761,3.1403994000284
adder,S1,4,0.02,1,8,1024,8192,0.6063232421875,0.5956960269766495,0.616850788228663,0.667724609375,0.433349609375,0.039794921875,nan,0.1171875,0.2764892578125,nan,0.2764892578125,nan,1,0.59521484375,0.6175537109375,0.01730030249056349,8,3,16,61,51,20260920,761,3.004763400007505
adder,S1,4,0.02,2,8,1024,8192,0.614990234375,0.60440152081654,0.6254711541816279,0.5625,0.14013671875,0.0325927734375,nan,0.049560546875,nan,0.16162109375,nan,0.16162109375,1,0.6070556640625,0.6236572265625,0.012952936350243947,8,3,16,61,51,20260920,761,2.9897834000294097
adder,S1,4,0.02,3,8,1024,8192,0.62109375,0.610534264257806,0.6315397204536406,0.5811767578125,-0.1597900390625,0.05322265625,nan,0.025390625,nan,0.0870361328125,nan,0.0870361328125,1,0.6092498779296875,0.6298828125,0.01594435087785936,8,3,16,61,51,20260920,761,3.0643965999479406
adder,S1,4,0.02,4,8,1024,8192,0.60595703125,0.5953282662269384,0.6164864703955772,0.6650390625,-0.4140625,0.091552734375,nan,0.022216796875,nan,0.0665283203125,nan,0.0665283203125,1,0.60009765625,0.611083984375,0.008577246734899216,8,3,16,61,51,20260920,761,2.9379267999902368
adder,S1,4,0.03,0,8,1024,8192,0.49853515625,0.4877110533774352,0.509360632291378,1.0667724609375,1.0667724609375,0.0411376953125,0.50146484375,nan,0.2655029296875,nan,0.2655029296875,nan,1,0.4892578125,0.5103759765625,0.0166875073150733,8,3,16,61,51,20260920,761,3.1847085999906994
adder,S1,4,0.03,1,8,1024,8192,0.489501953125,0.47868442288898544,0.5003293244041754,0.9111328125,0.633056640625,0.0587158203125,nan,0.1390380859375,0.3714599609375,nan,0.3714599609375,nan,1,0.485107421875,0.4940185546875,0.006900405511727806,8,3,16,61,51,20260920,761,3.0419453000067733
adder,S1,4,0.03,2,8,1024,8192,0.502685546875,0.49185960831534936,0.5135089679584931,0.76904296875,0.232666015625,0.0545654296875,nan,0.06787109375,nan,0.2003173828125,nan,0.2003173828125,1,0.494873046875,0.51025390625,0.011888993128529096,8,3,16,61,51,20260920,761,3.020342300005723
adder,S1,4,0.03,3,8,1024,8192,0.5025634765625,0.4917375813525018,0.5133869687270751,0.7877197265625,-0.2015380859375,0.0758056640625,nan,0.0404052734375,nan,0.1204833984375,nan,0.1204833984375,1,0.4931640625,0.5141632080078125,0.016206545735516425,8,3,16,61,51,20260920,761,3.0261683000135235
adder,S1,4,0.03,4,8,1024,8192,0.4791259765625,0.4683203574885128,0.4899511632920745,0.902099609375,-0.565185546875,0.1204833984375,nan,0.0316162109375,nan,0.0943603515625,nan,0.0943603515625,1,0.468505859375,0.487548828125,0.014568583496548743,8,3,16,61,51,20260920,761,2.9724919999716803
adder,S1,4,0.05,0,8,1024,8192,0.3499755859375,0.33971959513791156,0.36037221210970166,1.5291748046875,1.5291748046875,0.07470703125,0.6500244140625,nan,0.3880615234375,nan,0.3880615234375,nan,1,0.3426513671875,0.356689453125,0.010861220325532103,8,3,16,61,51,20260920,761,3.1586329999845475
adder,S1,4,0.05,1,8,1024,8192,0.3367919921875,0.3266362845966531,0.34710069367027835,1.257080078125,0.925048828125,0.08935546875,nan,0.166015625,0.4971923828125,nan,0.4971923828125,nan,1,0.330810546875,0.3431396484375,0.009687712355013403,8,3,16,61,51,20260920,761,3.08629489998566
adder,S1,4,0.05,2,8,1024,8192,0.3692626953125,0.35887554959093276,0.3797723963506406,1.0504150390625,0.3416748046875,0.0899658203125,nan,0.0997314453125,nan,0.254638671875,nan,0.254638671875,1,0.3641357421875,0.37451171875,0.008077223605998033,8,3,16,61,51,20260920,761,3.065841100004036
adder,S1,4,0.05,3,8,1024,8192,0.3626708984375,0.35232653317280305,0.3731439982784295,1.093017578125,-0.208251953125,0.1204833984375,nan,0.0689697265625,nan,0.1732177734375,nan,0.1732177734375,1,0.3526611328125,0.3717041015625,0.014754429593116564,8,3,16,61,51,20260920,761,2.972843700030353
adder,S1,4,0.05,4,8,1024,8192,0.315185546875,0.3052135827494878,0.32533075913243764,1.267822265625,-0.8095703125,0.1500244140625,nan,0.055419921875,nan,0.138916015625,nan,0.138916015625,1,0.3050537109375,0.3253173828125,0.01584793182673969,8,3,16,61,51,20260920,761,3.0332430999842472
adder,S1,6,0.0,0,8,1024,8192,1.0,0.9995312917117791,1.0,0.0,0.0,0.0,0.0,nan,0.0,nan,0.0,nan,1,1.0,1.0,0.0,8,3,22,117,95,20260920,761,0.12050040002213791
adder,S1,6,0.0,1,8,1024,8192,1.0,0.9995312917117791,1.0,0.0,0.0,0.0,nan,0.0,0.0,nan,0.0,nan,1,1.0,1.0,0.0,8,3,22,117,95,20260920,761,0.13431540003512055
adder,S1,6,0.0,2,8,1024,8192,1.0,0.9995312917117791,1.0,0.0,0.0,0.0,nan,0.0,nan,0.0,nan,0.0,1,1.0,1.0,0.0,8,3,22,117,95,20260920,761,0.13040389999514446
adder,S1,6,0.0,3,8,1024,8192,1.0,0.9995312917117791,1.0,0.0,0.0,0.0,nan,0.0,nan,0.0,nan,0.0,1,1.0,1.0,0.0,8,3,22,117,95,20260920,761,0.1328182999859564
adder,S1,6,0.0,4,8,1024,8192,1.0,0.9995312917117791,1.0,0.0,0.0,0.0,nan,0.0,nan,0.0,nan,0.0,1,1.0,1.0,0.0,8,3,22,117,95,20260920,761,0.12941469997167587
adder,S1,6,0.0,5,8,1024,8192,1.0,0.9995312917117791,1.0,0.0,0.0,0.0,nan,0.0,nan,0.0,nan,0.0,1,1.0,1.0,0.0,8,3,22,117,95,20260920,761,0.1296712000039406
adder,S1,6,0.0,6,8,1024,8192,1.0,0.9995312917117791,1.0,0.0,0.0,0.0,nan,0.0,nan,0.0,nan,0.0,1,1.0,1.0,0.0,8,3,22,117,95,20260920,761,0.1328292999533005
adder,S1,6,0.001,0,8,1024,8192,0.94775390625,0.9427219236013707,0.9523661569647438,0.12890625,0.12890625,0.001953125,0.05224609375,nan,0.0262451171875,nan,0.0262451171875,nan,1,0.9439697265625,0.9515380859375,0.005836077194015594,8,3,22,117,95,20260920,761,7.089564200025052
adder,S1,6,0.001,1,8,1024,8192,0.9490966796875,0.9441229266572011,0.9536494420458348,0.1104736328125,0.0855712890625,0.004638671875,nan,0.012451171875,0.0384521484375,nan,0.0384521484375,nan,1,0.947021484375,0.9512939453125,0.003360181946012702,8,3,22,117,95,20260920,761,6.994299999962095
adder,S1,6,0.001,2,8,1024,8192,0.9481201171875,0.9431039264263626,0.9527162327225488,0.0908203125,0.053955078125,0.0013427734375,nan,0.005126953125,nan,0.0133056640625,nan,0.0133056640625,1,0.9439697265625,0.9521484375,0.0064024187388018825,8,3,22,117,95,20260920,761,6.876402899972163
adder,S1,6,0.001,3,8,1024,8192,0.95166015625,0.9468001423474659,0.9560967764351469,0.07958984375,0.02001953125,0.0050048828125,nan,0.0006103515625,nan,0.0076904296875,nan,0.0076904296875,1,0.947509765625,0.9556884765625,0.0063503385472885275,8,3,22,117,95,20260920,761,6.978271400032099
adder,S1,6,0.001,4,8,1024,8192,0.9542236328125,0.9494809528078443,0.9585405160543456,0.07275390625,-0.00634765625,0.0023193359375,nan,0.002685546875,nan,0.0040283203125,nan,0.0040283203125,1,0.951904296875,0.956298828125,0.0034796922045861934,8,3,22,117,95,20260920,761,6.868324599985499
adder,S1,6,0.001,5,8,1024,8192,0.947998046875,0.9429765848155823,0.9525995481390633,0.0791015625,-0.0302734375,0.0076904296875,nan,0.0,nan,0.0032958984375,nan,0.0032958984375,1,0.9427490234375,0.9534912109375,0.008199636535032551,8,3,22,117,95,20260920,761,6.827917999995407
adder,S1,6,0.001,6,8,1024,8192,0.953125,0.9483315761589772,0.9574936569548225,0.0867919921875,-0.0628662109375,0.011962890625,nan,0.002685546875,nan,0.0035400390625,nan,0.0035400390625,1,0.9482421875,0.9576416015625,0.007382118613461469,8,3,22,117,95,20260920,761,6.841855500009842
adder,S1,6,0.003,0,8,1024,8192,0.8526611328125,0.844820474203163,0.8601712010300718,0.3460693359375,0.3460693359375,0.003173828125,0.1473388671875,nan,0.0733642578125,nan,0.0733642578125,nan,1,0.848876953125,0.8565673828125,0.005984469613988874,8,3,22,117,95,20260920,761,7.085302899999078
adder,S1,6,0.003,1,8,1024,8192,0.8544921875,0.8466902900080688,0.8619617781391495,0.3037109375,0.23583984375,0.01123046875,nan,0.033935546875,0.111572265625,nan,0.111572265625,nan,1,0.848388671875,0.8602294921875,0.00917582793102977,8,3,22,117,95,20260920,761,6.905653800000437
adder,S1,6,0.003,2,8,1024,8192,0.855712890625,0.8479370631630488,0.8631552669268253,0.2568359375,0.145751953125,0.00341796875,nan,0.0164794921875,nan,0.0390625,nan,0.0390625,1,0.848876953125,0.8636474609375,0.011349632254345194,8,3,22,117,95,20260920,761,6.924662499979604
adder,S1,6,0.003,3,8,1024,8192,0.855224609375,0.8474383317286017,0.86267789358421,0.241943359375,0.062744140625,0.0164794921875,nan,0.002685546875,nan,0.019775390625,nan,0.019775390625,1,0.84765625,0.863037109375,0.011715843203477544,8,3,22,117,95,20260920,761,6.8478169000009075
adder,S1,6,0.003,4,8,1024,8192,0.8670654296875,0.8595412194815212,0.874245546675051,0.21337890625,-0.046630859375,0.0062255859375,nan,0.009765625,nan,0.0128173828125,nan,0.0128173828125,1,0.85986328125,0.8741455078125,0.01090503467560548,8,3,22,117,95,20260920,761,6.929531799978577
adder,S1,6,0.003,5,8,1024,8192,0.8583984375,0.8506806204923284,0.8657802858713882,0.2193603515625,-0.0992431640625,0.0189208984375,nan,0.0008544921875,nan,0.011474609375,nan,0.011474609375,1,0.8514404296875,0.865966796875,0.011268315014681177,8,3,22,117,95,20260920,761,6.887259399984032
adder,S1,6,0.003,6,8,1024,8192,0.8602294921875,0.8525517539609443,0.8675695453167559,0.2625732421875,-0.2017822265625,0.0303955078125,nan,0.008544921875,nan,0.0120849609375,nan,0.0120849609375,1,0.853515625,0.8665771484375,0.010100798085149585,8,3,22,117,95,20260920,761,6.913581700006034
adder,S1,6,0.005,0,8,1024,8192,0.77197265625,0.7627609424232114,0.7809294184004809,0.5562744140625,0.5562744140625,0.0072021484375,0.22802734375,nan,0.123779296875,nan,0.123779296875,nan,1,0.7637939453125,0.7802764892578125,0.012796855240478378,8,3,22,117,95,20260920,761,7.08486649999395
adder,S1,6,0.005,1,8,1024,8192,0.76806640625,0.7588022893601005,0.7770792332470935,0.489013671875,0.386962890625,0.017333984375,nan,0.051025390625,0.180908203125,nan,0.180908203125,nan,1,0.7574462890625,0.7784423828125,0.016307633031475956,8,3,22,117,95,20260920,761,6.945092400012072
adder,S1,6,0.005,2,8,1024,8192,0.781494140625,0.7724148824634054,0.7903095215130014,0.3941650390625,0.2169189453125,0.0072021484375,nan,0.0262451171875,nan,0.0623779296875,nan,0.0623779296875,1,0.7724609375,0.7908935546875,0.014397497165490304,8,3,22,117,95,20260920,761,7.028478999971412
adder,S1,6,0.005,3,8,1024,8192,0.7728271484375,0.7636270460331696,0.7817714981503818,0.3800048828125,0.1031494140625,0.02294921875,nan,0.006103515625,nan,0.03125,nan,0.03125,1,0.7642822265625,0.7816162109375,0.013307663753527108,8,3,22,117,95,20260920,761,6.912527800013777
adder,S1,6,0.005,4,8,1024,8192,0.7896728515625,0.7807129067602201,0.7983612522319801,0.346435546875,-0.070556640625,0.0120849609375,nan,0.0157470703125,nan,0.02197265625,nan,0.02197265625,1,0.7816162109375,0.79638671875,0.011158207203065257,8,3,22,117,95,20260920,761,6.974668000009842
adder,S1,6,0.005,5,8,1024,8192,0.7808837890625,0.7717958351135565,0.7897084378915225,0.3519287109375,-0.1519775390625,0.031494140625,nan,0.0020751953125,nan,0.02001953125,nan,0.02001953125,1,0.7750213623046875,0.7860107421875,0.00865531764485928,8,3,22,117,95,20260920,761,6.826582200010307
adder,S1,6,0.005,6,8,1024,8192,0.780517578125,0.7714244203724798,0.7893477740498025,0.429443359375,-0.3349609375,0.0472412109375,nan,0.0155029296875,nan,0.020263671875,nan,0.020263671875,1,0.770263671875,0.791015625,0.015933666462749543,8,3,22,117,95,20260920,761,6.879671300004702
adder,S1,6,0.01,0,8,1024,8192,0.594970703125,0.5842983219643201,0.6055540571742941,1.070556640625,1.070556640625,0.017333984375,0.405029296875,nan,0.236328125,nan,0.236328125,nan,1,0.5845947265625,0.604736328125,0.01564025134574899,8,3,22,117,95,20260920,761,6.979933199996594
adder,S1,6,0.01,1,8,1024,8192,0.599609375,0.5889547319798162,0.6101706425408898,0.8831787109375,0.7144775390625,0.034423828125,nan,0.0843505859375,0.3160400390625,nan,0.3160400390625,nan,1,0.5909393310546875,0.6090087890625,0.014064824956616696,8,3,22,117,95,20260920,761,6.840713799989317
adder,S1,6,0.01,2,8,1024,8192,0.6207275390625,0.6101662500354263,0.6311756560932233,0.719482421875,0.453857421875,0.0189208984375,nan,0.036376953125,nan,0.096435546875,nan,0.096435546875,1,0.612060546875,0.6295166015625,0.013601315652697177,8,3,22,117,95,20260920,761,6.826139499957208
adder,S1,6,0.01,3,8,1024,8192,0.6094970703125,0.5988835477328807,0.6200079485233365,0.6798095703125,0.1739501953125,0.0404052734375,nan,0.0174560546875,nan,0.063232421875,nan,0.063232421875,1,0.5987548828125,0.621826171875,0.0177895082551573,8,3,22,117,95,20260920,761,6.927016700035892
adder,S1,6,0.01,4,8,1024,8192,0.627685546875,0.6171596104636748,0.6380917887381125,0.6209716796875,-0.1009521484375,0.0245361328125,nan,0.02587890625,nan,0.040283203125,nan,0.040283203125,1,0.6192626953125,0.6356231689453125,0.012857925754507464,8,3,22,117,95,20260920,761,6.9193724999786355
adder,S1,6,0.01,5,8,1024,8192,0.6146240234375,0.6040336119898025,0.6251069844255687,0.6513671875,-0.307861328125,0.056884765625,nan,0.0076904296875,nan,0.037353515625,nan,0.037353515625,1,0.6015625,0.6279296875,0.020323882215104894,8,3,22,117,95,20260920,761,6.908746600034647
adder,S1,6,0.01,6,8,1024,8192,0.616455078125,0.6058732191257179,0.6269277702036369,0.7723388671875,-0.6068115234375,0.082763671875,nan,0.0245361328125,nan,0.0377197265625,nan,0.0377197265625,1,0.605712890625,0.6287841796875,0.017699774375382674,8,3,22,117,95,20260920,761,6.754605500027537
adder,S1,6,0.02,0,8,1024,8192,0.39111328125,0.3805991613033343,0.4017294734117763,1.76806640625,1.76806640625,0.0341796875,0.60888671875,nan,0.3983154296875,nan,0.3983154296875,nan,1,0.3848876953125,0.3973388671875,0.009765625,8,3,22,117,95,20260920,761,7.121995599998627
adder,S1,6,0.02,1,8,1024,8192,0.3905029296875,0.3799920514766634,0.40111645226711934,1.411865234375,1.17529296875,0.0472412109375,nan,0.1182861328125,0.4912109375,nan,0.4912109375,nan,1,0.3826904296875,0.39758605957031246,0.011548209177630518,8,3,22,117,95,20260920,761,6.798221800010651
adder,S1,6,0.02,2,8,1024,8192,0.4207763671875,0.41012534494234004,0.4315016549793043,1.161376953125,0.739990234375,0.034912109375,nan,0.0618896484375,nan,0.1488037109375,nan,0.1488037109375,1,0.410400390625,0.431396484375,0.016286211015779217,8,3,22,117,95,20260920,761,6.967236600001343
adder,S1,6,0.02,3,8,1024,8192,0.4090576171875,0.3984558812591644,0.4197446040129852,1.114013671875,0.305908203125,0.069580078125,nan,0.038330078125,nan,0.110595703125,nan,0.110595703125,1,0.3968505859375,0.421142578125,0.018744168055775823,8,3,22,117,95,20260920,761,6.88907030003611
adder,S1,6,0.02,4,8,1024,8192,0.4285888671875,0.4179084224102929,0.43933625394434805,1.021728515625,-0.1787109375,0.047607421875,nan,0.046875,nan,0.0794677734375,nan,0.0794677734375,1,0.4190643310546875,0.4356689453125,0.012949649053195794,8,3,22,117,95,20260920,761,6.767008700000588
adder,S1,6,0.02,5,8,1024,8192,0.4207763671875,0.41012534494234004,0.4315016549793043,1.076416015625,-0.572265625,0.0809326171875,nan,0.0274658203125,nan,0.07470703125,nan,0.07470703125,1,0.4072265625,0.4344482421875,0.021257665838233443,8,3,22,117,95,20260920,761,6.80138810002245
adder,S1,6,0.02,6,8,1024,8192,0.4114990234375,0.40088650667970266,0.4221945024777583,1.2811279296875,-1.0526123046875,0.1142578125,nan,0.0391845703125,nan,0.069580078125,nan,0.069580078125,1,0.3992919921875,0.4234619140625,0.018543211177139057,8,3,22,117,95,20260920,761,6.77919800003292
adder,S1,6,0.03,0,8,1024,8192,0.2713623046875,0.2618420738483822,0.28109686429220326,2.293212890625,2.293212890625,0.0560302734375,0.7286376953125,nan,0.52392578125,nan,0.52392578125,nan,1,0.2635498046875,0.2794189453125,0.012335402026781236,8,3,22,117,95,20260920,761,7.08368459995836
adder,S1,6,0.03,1,8,1024,8192,0.2662353515625,0.2567753795169732,0.2759144584644582,1.837646484375,1.585205078125,0.05859375,nan,0.126220703125,0.6075439453125,nan,0.6075439453125,nan,1,0.255126953125,0.27844543457031246,0.01790782004572608,8,3,22,117,95,20260920,761,6.8843581000110134
adder,S1,6,0.03,2,8,1024,8192,0.2989501953125,0.28913280538656105,0.3089560526580434,1.5048828125,0.986328125,0.056396484375,nan,0.0789794921875,nan,0.1802978515625,nan,0.1802978515625,1,0.283447265625,0.3134765625,0.023457473237070932,8,3,22,117,95,20260920,761,6.890115599962883
adder,S1,6,0.03,3,8,1024,8192,0.2886962890625,0.2789841411914204,0.2986065165348761,1.396240234375,0.406494140625,0.0843505859375,nan,0.0556640625,nan,0.139892578125,nan,0.139892578125,1,0.277587890625,0.2998046875,0.01701043813476774,8,3,22,117,95,20260920,761,6.924824899993837
adder,S1,6,0.03,4,8,1024,8192,0.3157958984375,0.30581840442356645,0.3259460684296869,1.289794921875,-0.20556640625,0.07568359375,nan,0.0550537109375,nan,0.1060791015625,nan,0.1060791015625,1,0.308349609375,0.32373046875,0.01184522409248848,8,3,22,117,95,20260920,761,6.7583140000351705
adder,S1,6,0.03,5,8,1024,8192,0.3033447265625,0.29348405803776295,0.31338974300040207,1.389404296875,-0.794921875,0.096435546875,nan,0.041748046875,nan,0.1048583984375,nan,0.1048583984375,1,0.299072265625,0.3079833984375,0.006844651254334076,8,3,22,117,95,20260920,761,6.722475600021426
adder,S1,6,0.03,6,8,1024,8192,0.2890625,0.2793464893668312,0.29897624694226205,1.6885986328125,-1.4344482421875,0.1270751953125,nan,0.0560302734375,nan,0.1080322265625,nan,0.1080322265625,1,0.2834442138671875,0.29443359375,0.008433081060104583,8,3,22,117,95,20260920,761,6.78972459997749
adder,S1,6,0.05,0,8,1024,8192,0.16748046875,0.15955074092373783,0.1757219058968466,2.8958740234375,2.8958740234375,0.0811767578125,0.83251953125,nan,0.663330078125,nan,0.663330078125,nan,1,0.162353515625,0.173095703125,0.00836821024244912,8,3,22,117,95,20260920,761,7.120392600016203
adder,S1,6,0.05,1,8,1024,8192,0.15966796875,0.1518956529832068,0.16775931740438108,2.2890625,2.047119140625,0.07958984375,nan,0.1209716796875,0.7193603515625,nan,0.7193603515625,nan,1,0.1514892578125,0.1678466796875,0.012516991102766713,8,3,22,117,95,20260920,761,6.963306699995883
adder,S1,6,0.05,2,8,1024,8192,0.2039794921875,0.1953933161370303,0.2128431627689599,1.8616943359375,1.2694091796875,0.087646484375,nan,0.0931396484375,nan,0.2030029296875,nan,0.2030029296875,1,0.1875,0.221435546875,0.02639784871951397,8,3,22,117,95,20260920,761,6.999668899981771
adder,S1,6,0.05,3,8,1024,8192,0.1845703125,0.17631789613086524,0.19311841788689915,1.6983642578125,0.4830322265625,0.101806640625,nan,0.0859375,nan,0.1856689453125,nan,0.1856689453125,1,0.1793212890625,0.190185546875,0.008449220942927858,8,3,22,117,95,20260920,761,6.984365699987393
adder,S1,6,0.05,4,8,1024,8192,0.2088623046875,0.20019720461741194,0.2178003220592011,1.5755615234375,-0.2987060546875,0.0889892578125,nan,0.0682373046875,nan,0.1529541015625,nan,0.1529541015625,1,0.1995849609375,0.2191162109375,0.015051536128980528,8,3,22,117,95,20260920,761,6.883342099958099
adder,S1,6,0.05,5,8,1024,8192,0.212646484375,0.20392154118593322,0.22164079751291252,1.70166015625,-1.033447265625,0.107421875,nan,0.064453125,nan,0.140869140625,nan,0.140869140625,1,0.200439453125,0.2237548828125,0.017799557068336337,8,3,22,117,95,20260920,761,6.796097900019959
adder,S1,6,0.05,6,8,1024,8192,0.1827392578125,0.1745200669641574,0.19125585413962343,2.1383056640625,-1.8695068359375,0.1343994140625,nan,0.073486328125,nan,0.1513671875,nan,0.1513671875,1,0.1744384765625,0.18994140625,0.01191975013353988,8,3,22,117,95,20260920,761,6.901765599963255
adder,S2,2,0.0,0,8,1024,8192,0.9501953125,0.9452698816867965,0.9546987227646296,0.068115234375,0.068115234375,0.0006103515625,0.0498046875,nan,0.0177001953125,nan,0.0498046875,nan,0,0.94775390625,0.95263671875,0.0038358613518045537,8,2,8,25,18,20260920,761,1.1446549000102095
adder,S2,2,0.0,1,8,1024,8192,0.94287109375,0.9376345849623511,0.9476924478331408,0.07275390625,0.01806640625,0.015625,nan,0.02734375,0.02978515625,nan,nan,0.02734375,0,0.9365234375,0.947998046875,0.008965551904609168,8,2,8,25,18,20260920,761,1.1326647999812849
adder,S2,2,0.0,2,8,1024,8192,0.9461669921875,0.9410673285563864,0.9508484114842757,0.069091796875,-0.038818359375,0.01513671875,nan,0.0152587890625,nan,0.0386962890625,nan,0.0152587890625,0,0.939697265625,0.95166015625,0.00941672350275158,8,2,8,25,18,20260920,761,1.0877965000108816
adder,S2,2,0.001,0,8,1024,8192,0.94140625,0.9361104499335051,0.9462882685307998,0.080322265625,0.080322265625,0.0010986328125,0.05859375,nan,0.0206298828125,nan,0.05859375,nan,0,0.93994140625,0.94287109375,0.002214635584038441,8,2,8,25,18,20260920,761,1.7375556000042707
adder,S2,2,0.001,1,8,1024,8192,0.9371337890625,0.9316700527713804,0.9421877488936297,0.0799560546875,0.0238037109375,0.01708984375,nan,0.028076171875,0.0347900390625,nan,nan,0.028076171875,0,0.932861328125,0.9404296875,0.005995841538000664,8,2,8,25,18,20260920,761,1.3206552999909036
adder,S2,2,0.001,2,8,1024,8192,0.9375,0.9320503785773362,0.9425395016704705,0.07958984375,-0.045654296875,0.0169677734375,nan,0.01708984375,nan,0.0455322265625,nan,0.01708984375,0,0.9324951171875,0.942138671875,0.007564420598061361,8,2,8,25,18,20260920,761,1.3090370999998413
adder,S2,2,0.003,0,8,1024,8192,0.9267578125,0.9209137745440952,0.9322018006083412,0.101318359375,0.101318359375,0.00390625,0.0732421875,nan,0.024169921875,nan,0.0732421875,nan,0,0.9234619140625,0.929443359375,0.004610131596500643,8,2,8,25,18,20260920,761,1.750974899972789
adder,S2,2,0.003,1,8,1024,8192,0.92236328125,0.9163685028814661,0.9279621292774098,0.097900390625,0.024658203125,0.020263671875,nan,0.03662109375,0.041015625,nan,nan,0.03662109375,0,0.9178466796875,0.9266357421875,0.006805977074581734,8,2,8,25,18,20260920,761,1.3486528000212274
adder,S2,2,0.003,2,8,1024,8192,0.9207763671875,0.9147285153898005,0.926429776243623,0.099609375,-0.061767578125,0.0189208984375,nan,0.0203857421875,nan,0.060302734375,nan,0.0203857421875,0,0.914306640625,0.926513671875,0.00941672350275158,8,2,8,25,18,20260920,761,1.3429728000191972
adder,S2,2,0.005,0,8,1024,8192,0.910400390625,0.9040217373170039,0.916394327803846,0.1236572265625,0.1236572265625,0.006103515625,0.089599609375,nan,0.0279541015625,nan,0.089599609375,nan,0,0.9051513671875,0.9161376953125,0.008589151316249257,8,2,8,25,18,20260920,761,1.7622492000227794
adder,S2,2,0.005,1,8,1024,8192,0.905517578125,0.8989921558469355,0.9116628615032915,0.1153564453125,0.0279541015625,0.0208740234375,nan,0.043701171875,0.05078125,nan,nan,0.043701171875,0,0.8985595703125,0.91162109375,0.009996571634343906,8,2,8,25,18,20260920,761,1.347916999948211
adder,S2,2,0.005,2,8,1024,8192,0.9090576171875,0.9026380679578102,0.9150937090261183,0.1131591796875,-0.0711669921875,0.02099609375,nan,0.022216796875,nan,0.0699462890625,nan,0.022216796875,0,0.9027099609375,0.9161376953125,0.010367048252963952,8,2,8,25,18,20260920,761,1.3339099999866448
adder,S2,2,0.01,0,8,1024,8192,0.8790283203125,0.8717885958225279,0.8859127373720702,0.1712646484375,0.1712646484375,0.0128173828125,0.1209716796875,nan,0.0374755859375,nan,0.1209716796875,nan,0,0.87353515625,0.88427734375,0.008260678139146244,8,2,8,25,18,20260920,761,1.7615954999928363
adder,S2,2,0.01,1,8,1024,8192,0.8741455078125,0.8667871238208855,0.8811531616030897,0.1514892578125,0.0386962890625,0.025634765625,nan,0.056396484375,0.0694580078125,nan,nan,0.056396484375,0,0.8673095703125,0.8800048828125,0.009923905635759168,8,2,8,25,18,20260920,761,1.3302521000150591
adder,S2,2,0.01,2,8,1024,8192,0.8712158203125,0.8637879475164596,0.878295709245142,0.1561279296875,-0.1016845703125,0.0272216796875,nan,0.02734375,nan,0.1015625,nan,0.02734375,0,0.86572265625,0.876953125,0.008631674575031098,8,2,8,25,18,20260920,761,1.339914400014095
adder,S2,2,0.02,0,8,1024,8192,0.8077392578125,0.7990621646031714,0.8161278711403334,0.2691650390625,0.2691650390625,0.0189208984375,0.1922607421875,nan,0.0579833984375,nan,0.1922607421875,nan,0,0.801025390625,0.813720703125,0.00977172660946753,8,2,8,25,18,20260920,761,1.7401025999570265
adder,S2,2,0.02,1,8,1024,8192,0.8050537109375,0.7963328180302797,0.8134886414393824,0.228271484375,0.04541015625,0.0333251953125,nan,0.0914306640625,0.103515625,nan,nan,0.0914306640625,0,0.7960205078125,0.8155517578125,0.015110256426902906,8,2,8,25,18,20260920,761,1.3215262000449002
adder,S2,2,0.02,2,8,1024,8192,0.811767578125,0.8031573826221592,0.8200855175321093,0.2255859375,-0.14404296875,0.040771484375,nan,0.037353515625,nan,0.1474609375,nan,0.037353515625,0,0.8035888671875,0.8211669921875,0.013367037635097534,8,2,8,25,18,20260920,761,1.3282591999741271
adder,S2,2,0.03,0,8,1024,8192,0.7491455078125,0.7396427655352023,0.7584146969608283,0.3575439453125,0.3575439453125,0.0284423828125,0.2508544921875,nan,0.0782470703125,nan,0.2508544921875,nan,0,0.7376708984375,0.7613525390625,0.01845114362467877,8,2,8,25,18,20260920,761,1.7467229000176303
adder,S2,2,0.03,1,8,1024,8192,0.7503662109375,0.7408781264502811,0.7596195979884053,0.29296875,0.0634765625,0.0433349609375,nan,0.11474609375,0.1348876953125,nan,nan,0.11474609375,0,0.741455078125,0.758544921875,0.013338341340109998,8,2,8,25,18,20260920,761,1.3410586999962106
adder,S2,2,0.03,2,8,1024,8192,0.74658203125,0.7370488290610484,0.755884083355405,0.3070068359375,-0.2005615234375,0.05322265625,nan,0.0535888671875,nan,0.2001953125,nan,0.0535888671875,0,0.738525390625,0.7540283203125,0.01179984958358845,8,2,8,25,18,20260920,761,1.342167700000573
adder,S2,2,0.05,0,8,1024,8192,0.6552734375,0.6449107671013318,0.6654905520044746,0.517578125,0.517578125,0.05322265625,0.3447265625,nan,0.11962890625,nan,0.3447265625,nan,0,0.644287109375,0.6650390625,0.016029569821971373,8,2,8,25,18,20260920,761,1.7512676999904215
adder,S2,2,0.05,1,8,1024,8192,0.651123046875,0.640733413580422,0.661371014920355,0.4085693359375,0.0941162109375,0.0596923828125,nan,0.1572265625,0.191650390625,nan,nan,0.1572265625,0,0.6470947265625,0.6552734375,0.006472522717445338,8,2,8,25,18,20260920,761,1.3628537000040524
adder,S2,2,0.05,2,8,1024,8192,0.6533203125,0.6429448460113368,0.6635520539862204,0.4228515625,-0.27197265625,0.075439453125,nan,0.076171875,nan,0.271240234375,nan,0.076171875,0,0.647216796875,0.6588165283203125,0.008858542336153763,8,2,8,25,18,20260920,761,1.345924399967771
adder,S2,4,0.0,0,8,1024,8192,0.8873291015625,0.8802997388277676,0.8939953755768895,0.2115478515625,0.2115478515625,0.0018310546875,0.1126708984375,nan,0.0552978515625,nan,0.0552978515625,nan,1,0.8828125,0.89306640625,0.007846214571608712,8,3,16,61,51,20260920,761,3.2668919000425376
adder,S2,4,0.0,1,8,1024,8192,0.8677978515625,0.8602904664353836,0.8749604568867819,0.21923828125,0.122802734375,0.0177001953125,nan,0.0482177734375,0.083984375,nan,0.083984375,nan,1,0.8626708984375,0.87353515625,0.00846432413249986,8,3,16,61,51,20260920,761,3.116503900033422
adder,S2,4,0.0,2,8,1024,8192,0.86279296875,0.8551720728096306,0.8700737765476465,0.2353515625,0.049072265625,0.0196533203125,nan,0.0289306640625,nan,0.064208984375,nan,0.064208984375,1,0.8511962890625,0.8746368408203125,0.018180106441624443,8,3,16,61,51,20260920,761,3.087002699961886
adder,S2,4,0.0,3,8,1024,8192,0.8592529296875,0.8515537624620139,0.8666153272615617,0.241943359375,-0.04150390625,0.024169921875,nan,0.005615234375,nan,0.03759765625,nan,0.03759765625,1,0.851318359375,0.8663330078125,0.011489070603392135,8,3,16,61,51,20260920,761,3.09579200000735
adder,S2,4,0.0,4,8,1024,8192,0.848388671875,0.8404591430443211,0.8559916153896188,0.2672119140625,-0.1427001953125,0.0462646484375,nan,0.0164794921875,nan,0.0279541015625,nan,0.0279541015625,1,0.8394775390625,0.8580322265625,0.014435298338959455,8,3,16,61,51,20260920,761,3.024148399999831
adder,S2,4,0.001,0,8,1024,8192,0.870361328125,0.8629134219120853,0.8774620514896572,0.244384765625,0.244384765625,0.0035400390625,0.129638671875,nan,0.06201171875,nan,0.06201171875,nan,1,0.8646240234375,0.8773193359375,0.009845515847495875,8,3,16,61,51,20260920,761,6.139333400002215
adder,S2,4,0.001,1,8,1024,8192,0.8447265625,0.8367225649967612,0.8524074076092115,0.2540283203125,0.1422119140625,0.0189208984375,nan,0.055908203125,0.099365234375,nan,0.099365234375,nan,1,0.8392333984375,0.8507080078125,0.008919847858898315,8,3,16,61,51,20260920,761,4.072451500047464
adder,S2,4,0.001,2,8,1024,8192,0.841552734375,0.8334854337399398,0.8492998578151281,0.264404296875,0.051513671875,0.020751953125,nan,0.0328369140625,nan,0.0736083984375,nan,0.0736083984375,1,0.8277587890625,0.85595703125,0.021546114111545885,8,3,16,61,51,20260920,761,4.176191699982155
adder,S2,4,0.001,3,8,1024,8192,0.837158203125,0.8290050930427157,0.8449952555187914,0.2750244140625,-0.0499267578125,0.02734375,nan,0.0068359375,nan,0.04248046875,nan,0.04248046875,1,0.829345703125,0.844970703125,0.012037041850044427,8,3,16,61,51,20260920,761,4.046087299997453
adder,S2,4,0.001,4,8,1024,8192,0.830322265625,0.8220397739283578,0.8382951077542775,0.2967529296875,-0.1600341796875,0.0498046875,nan,0.016845703125,nan,0.0306396484375,nan,0.0306396484375,1,0.822509765625,0.83837890625,0.012216792971871879,8,3,16,61,51,20260920,761,4.009872599970549
adder,S2,4,0.003,0,8,1024,8192,0.82763671875,0.8193047189122445,0.8356615864965481,0.3231201171875,0.3231201171875,0.0057373046875,0.17236328125,nan,0.0811767578125,nan,0.0811767578125,nan,1,0.8211669921875,0.8349609375,0.010748526944340525,8,3,16,61,51,20260920,761,6.078096299956087
adder,S2,4,0.003,1,8,1024,8192,0.7998046875,0.7909999885172924,0.8083283445989501,0.3280029296875,0.1854248046875,0.0235595703125,nan,0.0712890625,0.12890625,nan,0.12890625,nan,1,0.791259765625,0.8089599609375,0.01384024199245079,8,3,16,61,51,20260920,761,4.179963299946394
adder,S2,4,0.003,2,8,1024,8192,0.81103515625,0.802412689301765,0.81936605368691,0.3037109375,0.046875,0.0205078125,nan,0.038818359375,nan,0.089599609375,nan,0.089599609375,1,0.796630859375,0.82470703125,0.021642327244165004,8,3,16,61,51,20260920,761,4.117650699976366
adder,S2,4,0.003,3,8,1024,8192,0.800048828125,0.7912479749942838,0.8085684105104898,0.3299560546875,-0.0635986328125,0.0321044921875,nan,0.0087890625,nan,0.0489501953125,nan,0.0489501953125,1,0.7918701171875,0.8070068359375,0.011610713870534677,8,3,16,61,51,20260920,761,4.162375400017481
adder,S2,4,0.003,4,8,1024,8192,0.7918701171875,0.7829431282334477,0.8005235022555327,0.35400390625,-0.184814453125,0.0611572265625,nan,0.016357421875,nan,0.0338134765625,nan,0.0338134765625,1,0.7841796875,0.7999267578125,0.012168605816632304,8,3,16,61,51,20260920,761,4.177352499973495
adder,S2,4,0.005,0,8,1024,8192,0.7840576171875,0.7750151941221973,0.7928337599337866,0.413818359375,0.413818359375,0.0098876953125,0.2159423828125,nan,0.1016845703125,nan,0.1016845703125,nan,1,0.77783203125,0.7904052734375,0.00975777446726761,8,3,16,61,51,20260920,761,5.958891400019638
adder,S2,4,0.005,1,8,1024,8192,0.7677001953125,0.7584312222114028,0.7767182218129945,0.3863525390625,0.2303466796875,0.0264892578125,nan,0.0780029296875,0.154296875,nan,0.154296875,nan,1,0.76171875,0.7750244140625,0.010523565460084134,8,3,16,61,51,20260920,761,4.161053000018001
adder,S2,4,0.005,2,8,1024,8192,0.7698974609375,0.7606577701261688,0.7788841453950088,0.3609619140625,0.0697021484375,0.024658203125,nan,0.0406494140625,nan,0.10498046875,nan,0.10498046875,1,0.756591796875,0.7855224609375,0.022548339626989877,8,3,16,61,51,20260920,761,4.150171599991154
adder,S2,4,0.005,3,8,1024,8192,0.7623291015625,0.7529900023307055,0.7714222891460067,0.389892578125,-0.071533203125,0.040283203125,nan,0.0111083984375,nan,0.05712890625,nan,0.05712890625,1,0.755615234375,0.7681884765625,0.009708784076168007,8,3,16,61,51,20260920,761,4.138117399998009
adder,S2,4,0.005,4,8,1024,8192,0.7474365234375,0.7379134263491351,0.7567276694271774,0.4278564453125,-0.2376708984375,0.06884765625,nan,0.0181884765625,nan,0.0408935546875,nan,0.0408935546875,1,0.7413330078125,0.7528076171875,0.00879584156965421,8,3,16,61,51,20260920,761,4.113766700029373
adder,S2,4,0.01,0,8,1024,8192,0.7030029296875,0.6930148250554642,0.7128007360081805,0.584716796875,0.584716796875,0.0164794921875,0.2969970703125,nan,0.1427001953125,nan,0.1427001953125,nan,1,0.6956787109375,0.7098388671875,0.011127640902107114,8,3,16,61,51,20260920,761,6.119723299983889
adder,S2,4,0.01,1,8,1024,8192,0.6719970703125,0.6617519185812463,0.6820809891389433,0.5499267578125,0.3431396484375,0.0357666015625,nan,0.1033935546875,0.224609375,nan,0.224609375,nan,1,0.6632080078125,0.681396484375,0.014290049440099508,8,3,16,61,51,20260920,761,4.2210138000082225
adder,S2,4,0.01,2,8,1024,8192,0.6854248046875,0.6752845702599518,0.6953912188294505,0.493896484375,0.11181640625,0.033203125,nan,0.0521240234375,nan,0.138916015625,nan,0.138916015625,1,0.6727294921875,0.6978759765625,0.01945042918134862,8,3,16,61,51,20260920,761,4.201167999999598
adder,S2,4,0.01,3,8,1024,8192,0.6761474609375,0.6659337175195602,0.6861960808056587,0.524658203125,-0.125732421875,0.05029296875,nan,0.0216064453125,nan,0.0804443359375,nan,0.0804443359375,1,0.6663818359375,0.685546875,0.014745192919799923,8,3,16,61,51,20260920,761,4.130915199988522
adder,S2,4,0.01,4,8,1024,8192,0.650390625,0.639996323094491,0.6606439482406925,0.5941162109375,-0.3370361328125,0.0933837890625,nan,0.0234375,nan,0.05712890625,nan,0.05712890625,1,0.6412353515625,0.6600372314453125,0.014352478961620185,8,3,16,61,51,20260920,761,4.084261299984064
adder,S2,4,0.02,0,8,1024,8192,0.5614013671875,0.5506296455180878,0.5721155301974944,0.92041015625,0.92041015625,0.03564453125,0.4385986328125,nan,0.2259521484375,nan,0.2259521484375,nan,1,0.5528564453125,0.571044921875,0.014117397147859765,8,3,16,61,51,20260920,761,6.202522900013719
adder,S2,4,0.02,1,8,1024,8192,0.53564453125,0.5248305171979532,0.5464251315275935,0.8192138671875,0.5501708984375,0.0552978515625,nan,0.134521484375,0.329833984375,nan,0.329833984375,nan,1,0.5244140625,0.5479736328125,0.018447912938025623,8,3,16,61,51,20260920,761,4.227439200039953
adder,S2,4,0.02,2,8,1024,8192,0.5469970703125,0.5361981082425933,0.5577519765496515,0.7138671875,0.1796875,0.05126953125,nan,0.07080078125,nan,0.1962890625,nan,0.1962890625,1,0.5360107421875,0.5579833984375,0.01716590614768192,8,3,16,61,51,20260920,761,4.234713500016369
adder,S2,4,0.02,3,8,1024,8192,0.546630859375,0.5358313237122904,0.5573866824971577,0.7503662109375,-0.1737060546875,0.075439453125,nan,0.03515625,nan,0.11962890625,nan,0.11962890625,1,0.5416229248046875,0.551025390625,0.0073404767472523965,8,3,16,61,51,20260920,761,4.162167300004512
adder,S2,4,0.02,4,8,1024,8192,0.5206298828125,0.5098045910558964,0.5314358357749851,0.844482421875,-0.4951171875,0.12109375,nan,0.0345458984375,nan,0.0897216796875,nan,0.0897216796875,1,0.5150146484375,0.5264892578125,0.008772577235583789,8,3,16,61,51,20260920,761,4.204249500005972
adder,S2,4,0.03,0,8,1024,8192,0.460693359375,0.4499204319483633,0.4715031334981228,1.19189453125,1.19189453125,0.050537109375,0.539306640625,nan,0.2984619140625,nan,0.2984619140625,nan,1,0.4520263671875,0.473876953125,0.017868310978209626,8,3,16,61,51,20260920,761,6.078470200009178
adder,S2,4,0.03,1,8,1024,8192,0.4407958984375,0.43007492886702203,0.451572366914176,1.0155029296875,0.7091064453125,0.0699462890625,nan,0.1531982421875,0.406005859375,nan,0.406005859375,nan,1,0.4327392578125,0.447998046875,0.011787575744006448,8,3,16,61,51,20260920,761,4.202479999978095
adder,S2,4,0.03,2,8,1024,8192,0.450927734375,0.4401781349587794,0.46172333494646106,0.899169921875,0.2705078125,0.0731201171875,nan,0.08740234375,nan,0.2269287109375,nan,0.2269287109375,1,0.4459228515625,0.456298828125,0.00811613500541115,8,3,16,61,51,20260920,761,4.2590878999908455
adder,S2,4,0.03,3,8,1024,8192,0.4473876953125,0.43664758528097325,0.4581771249905656,0.921630859375,-0.21142578125,0.0948486328125,nan,0.049560546875,nan,0.1485595703125,nan,0.1485595703125,1,0.4366455078125,0.459716796875,0.01758926280948954,8,3,16,61,51,20260920,761,4.204534999968018
adder,S2,4,0.03,4,8,1024,8192,0.4150390625,0.4044113939570108,0.42574637483415173,1.0538330078125,-0.6348876953125,0.14208984375,nan,0.043212890625,nan,0.11474609375,nan,0.11474609375,1,0.406982421875,0.422607421875,0.01208504901099761,8,3,16,61,51,20260920,761,4.169773900008295
adder,S2,4,0.05,0,8,1024,8192,0.332763671875,0.3226403713901856,0.34304374246598207,1.6383056640625,1.6383056640625,0.08642578125,0.667236328125,nan,0.416015625,nan,0.416015625,nan,1,0.325439453125,0.3399658203125,0.011192494512813659,8,3,16,61,51,20260920,761,6.040200899995398
adder,S2,4,0.05,1,8,1024,8192,0.3101806640625,0.3002548058962414,0.3202844620207957,1.3387451171875,0.9949951171875,0.1002197265625,nan,0.171875,0.5179443359375,nan,0.5179443359375,nan,1,0.3033447265625,0.31689453125,0.01036047538924855,8,3,16,61,51,20260920,761,4.139953900012188
adder,S2,4,0.05,2,8,1024,8192,0.3388671875,0.3286951103305615,0.3491903132388848,1.145751953125,0.373046875,0.1046142578125,nan,0.115966796875,nan,0.2703857421875,nan,0.2703857421875,1,0.33349609375,0.3447265625,0.008719029013392714,8,3,16,61,51,20260920,761,4.196219200035557
adder,S2,4,0.05,3,8,1024,8192,0.334228515625,0.3240933340581056,0.34451909412924897,1.1748046875,-0.198486328125,0.1356201171875,nan,0.0755615234375,nan,0.1890869140625,nan,0.1890869140625,1,0.3314208984375,0.3367919921875,0.004134974981941666,8,3,16,61,51,20260920,761,4.201198299997486
adder,S2,4,0.05,4,8,1024,8192,0.2838134765625,0.2741535805840483,0.29367602937162535,1.355224609375,-0.838623046875,0.1640625,nan,0.0635986328125,nan,0.1531982421875,nan,0.1531982421875,1,0.272216796875,0.294921875,0.017367110653818723,8,3,16,61,51,20260920,761,4.125168300000951
adder,S2,6,0.0,0,8,1024,8192,0.8402099609375,0.8321162165222032,0.8479847868959433,0.3848876953125,0.3848876953125,0.0008544921875,0.1597900390625,nan,0.09326171875,nan,0.09326171875,nan,1,0.8349609375,0.8458251953125,0.008544423614299556,8,3,22,117,95,20260920,761,7.028612499998417
adder,S2,6,0.0,1,8,1024,8192,0.7877197265625,0.7787308116419144,0.7964389282420367,0.42626953125,0.286865234375,0.0072021484375,nan,0.0697021484375,0.142578125,nan,0.142578125,nan,1,0.7724609375,0.8065185546875,0.026723562522644993,8,3,22,117,95,20260920,761,7.010312400001567
adder,S2,6,0.0,2,8,1024,8192,0.7867431640625,0.7777398774117413,0.795477652918085,0.4036865234375,0.1807861328125,0.005126953125,nan,0.03662109375,nan,0.0748291015625,nan,0.0748291015625,1,0.773681640625,0.799560546875,0.019999530650489917,8,3,22,117,95,20260920,761,7.026252299954649
adder,S2,6,0.0,3,8,1024,8192,0.7703857421875,0.7611526059845518,0.779365414313688,0.4345703125,0.053466796875,0.038818359375,nan,0.007080078125,nan,0.053955078125,nan,0.053955078125,1,0.7607421875,0.7794189453125,0.014290049440099508,8,3,22,117,95,20260920,761,7.032962599943858
adder,S2,6,0.0,4,8,1024,8192,0.7686767578125,0.7594207560531728,0.777680897525349,0.4080810546875,-0.1180419921875,0.0087890625,nan,0.0264892578125,nan,0.0321044921875,nan,0.0321044921875,1,0.7628173828125,0.7744140625,0.008819044533430543,8,3,22,117,95,20260920,761,6.938497099967208
adder,S2,6,0.0,5,8,1024,8192,0.768310546875,0.7590496728175875,0.7773199021781376,0.4169921875,-0.22021484375,0.0360107421875,nan,0.0029296875,nan,0.0340576171875,nan,0.0340576171875,1,0.7593994140625,0.7772216796875,0.013599437407068848,8,3,22,117,95,20260920,761,6.93406550004147
adder,S2,6,0.0,6,8,1024,8192,0.7655029296875,0.7562050210161223,0.7745519515114948,0.46435546875,-0.361572265625,0.0513916015625,nan,0.0091552734375,nan,0.0135498046875,nan,0.0135498046875,1,0.752685546875,0.7769775390625,0.018642133430418897,8,3,22,117,95,20260920,761,7.024566300038714
adder,S2,6,0.001,0,8,1024,8192,0.7967529296875,0.7879005798228824,0.8053270984367209,0.50341796875,0.50341796875,0.002685546875,0.2032470703125,nan,0.117431640625,nan,0.117431640625,nan,1,0.7899169921875,0.804931640625,0.011477206321819491,8,3,22,117,95,20260920,761,12.80681070004357
adder,S2,6,0.001,1,8,1024,8192,0.7484130859375,0.7389015965031248,0.7576917088273122,0.5166015625,0.364013671875,0.011474609375,nan,0.0762939453125,0.17529296875,nan,0.17529296875,nan,1,0.732666015625,0.7650146484375,0.025223401402913913,8,3,22,117,95,20260920,761,8.871885600034148
adder,S2,6,0.001,2,8,1024,8192,0.7528076171875,0.7433491470088126,0.7620291013151851,0.4774169921875,0.2362060546875,0.0079345703125,nan,0.0389404296875,nan,0.0816650390625,nan,0.0816650390625,1,0.7391326904296875,0.7669677734375,0.021895403007885478,8,3,22,117,95,20260920,761,9.3096993000363
adder,S2,6,0.001,3,8,1024,8192,0.7449951171875,0.735443275577861,0.7543172963131402,0.4716796875,0.0634765625,0.037353515625,nan,0.0091552734375,nan,0.0577392578125,nan,0.0577392578125,1,0.73681640625,0.7528076171875,0.012224457427679886,8,3,22,117,95,20260920,761,8.809699499979615
adder,S2,6,0.001,4,8,1024,8192,0.73583984375,0.7261836484320807,0.7452749588890026,0.4678955078125,-0.1229248046875,0.0123291015625,nan,0.0316162109375,nan,0.0369873046875,nan,0.0369873046875,1,0.7298583984375,0.74169921875,0.009131176435241948,8,3,22,117,95,20260920,761,8.86898079997627
adder,S2,6,0.001,5,8,1024,8192,0.734375,0.7247026037054336,0.7438276892844629,0.481689453125,-0.2626953125,0.03857421875,nan,0.004638671875,nan,0.03955078125,nan,0.03955078125,1,0.7252197265625,0.74365234375,0.01431445908301413,8,3,22,117,95,20260920,761,8.752532300015446
adder,S2,6,0.001,6,8,1024,8192,0.7352294921875,0.7255665300456736,0.7446719463040817,0.5341796875,-0.417236328125,0.0584716796875,nan,0.011474609375,nan,0.017333984375,nan,0.017333984375,1,0.7265625,0.744384765625,0.013696142962798247,8,3,22,117,95,20260920,761,8.853611500002444
adder,S2,6,0.003,0,8,1024,8192,0.7186279296875,0.7087897405810638,0.7282611733485739,0.707275390625,0.707275390625,0.004638671875,0.2813720703125,nan,0.1611328125,nan,0.1611328125,nan,1,0.7127685546875,0.7237579345703125,0.008552392302078871,8,3,22,117,95,20260920,761,12.98888670001179
adder,S2,6,0.003,1,8,1024,8192,0.67626953125,0.6660567253282135,0.686317099191271,0.6768798828125,0.4967041015625,0.0189208984375,nan,0.090087890625,0.233642578125,nan,0.233642578125,nan,1,0.6610076904296875,0.6953125,0.02696747644578177,8,3,22,117,95,20260920,761,8.921240900002886
adder,S2,6,0.003,2,8,1024,8192,0.688232421875,0.6781153451900499,0.6981730463674607,0.59765625,0.30908203125,0.0107421875,nan,0.045166015625,nan,0.09912109375,nan,0.09912109375,1,0.676025390625,0.7015380859375,0.020039086975235678,8,3,22,117,95,20260920,761,9.013882700004615
adder,S2,6,0.003,3,8,1024,8192,0.676025390625,0.6658107104975568,0.6860750616333966,0.5927734375,0.09814453125,0.0428466796875,nan,0.012451171875,nan,0.0672607421875,nan,0.0672607421875,1,0.66552734375,0.68603515625,0.016078366190012055,8,3,22,117,95,20260920,761,8.909184999996796
adder,S2,6,0.003,4,8,1024,8192,0.6728515625,0.6626128032868343,0.6829282877932145,0.57568359375,-0.1455078125,0.0172119140625,nan,0.0355224609375,nan,0.0458984375,nan,0.0458984375,1,0.6591796875,0.684326171875,0.019489352382924464,8,3,22,117,95,20260920,761,9.117001499980688
adder,S2,6,0.003,5,8,1024,8192,0.6676025390625,0.6573251127707386,0.6777228519558905,0.5885009765625,-0.3094482421875,0.0491943359375,nan,0.006103515625,nan,0.0433349609375,nan,0.0433349609375,1,0.660400390625,0.6756591796875,0.01179912794645457,8,3,22,117,95,20260920,761,9.517644799954724
adder,S2,6,0.003,6,8,1024,8192,0.6654052734375,0.6551120852473674,0.6755434079824815,0.66064453125,-0.51318359375,0.07373046875,nan,0.01416015625,nan,0.023681640625,nan,0.023681640625,1,0.6553955078125,0.6749267578125,0.014992585847586523,8,3,22,117,95,20260920,761,9.22975120000774
adder,S2,6,0.005,0,8,1024,8192,0.6566162109375,0.6462624492996023,0.6668231579431254,0.8948974609375,0.8948974609375,0.00927734375,0.3433837890625,nan,0.20556640625,nan,0.20556640625,nan,1,0.6484375,0.663818359375,0.01172964407133093,8,3,22,117,95,20260920,761,12.853966199967545
adder,S2,6,0.005,1,8,1024,8192,0.6123046875,0.6017036687656735,0.6228004299586519,0.835693359375,0.64697265625,0.0234375,nan,0.0943603515625,0.2933349609375,nan,0.2933349609375,nan,1,0.5965576171875,0.6300048828125,0.026224710128368706,8,3,22,117,95,20260920,761,8.936963899992406
adder,S2,6,0.005,2,8,1024,8192,0.6346435546875,0.6241552892927865,0.6450056029821384,0.701171875,0.359375,0.0147705078125,nan,0.052978515625,nan,0.117919921875,nan,0.117919921875,1,0.6239013671875,0.64697265625,0.01786592812370716,8,3,22,117,95,20260920,761,8.86949310003547
adder,S2,6,0.005,3,8,1024,8192,0.611083984375,0.6004774839696794,0.6215863528119903,0.7025146484375,0.1280517578125,0.0477294921875,nan,0.017578125,nan,0.0771484375,nan,0.0771484375,1,0.59912109375,0.6209716796875,0.017080872964409154,8,3,22,117,95,20260920,761,8.871103100012988
adder,S2,6,0.005,4,8,1024,8192,0.612060546875,0.6014584262346871,0.6225576201011072,0.6829833984375,-0.1654052734375,0.0238037109375,nan,0.0364990234375,nan,0.051513671875,nan,0.051513671875,1,0.6024169921875,0.621337890625,0.014650762464303189,8,3,22,117,95,20260920,761,8.88491870003054
adder,S2,6,0.005,5,8,1024,8192,0.608642578125,0.5980253229866543,0.6191579899097039,0.705078125,-0.364990234375,0.060302734375,nan,0.01025390625,nan,0.05126953125,nan,0.05126953125,1,0.6021728515625,0.61572265625,0.010540543527794386,8,3,22,117,95,20260920,761,8.980232200003229
adder,S2,6,0.005,6,8,1024,8192,0.6090087890625,0.5983931294294103,0.6195222620497447,0.79931640625,-0.6357421875,0.081787109375,nan,0.020751953125,nan,0.034912109375,nan,0.034912109375,1,0.6009521484375,0.6158447265625,0.011565891784660784,8,3,22,117,95,20260920,761,8.821329900005367
adder,S2,6,0.01,0,8,1024,8192,0.5135498046875,0.5027225915768779,0.5243643159866004,1.3477783203125,1.3477783203125,0.018798828125,0.4864501953125,nan,0.3079833984375,nan,0.3079833984375,nan,1,0.50439453125,0.522705078125,0.014290049440099508,8,3,22,117,95,20260920,761,12.645712200028356
adder,S2,6,0.01,1,8,1024,8192,0.4932861328125,0.48246541923467023,0.5041131400807234,1.119873046875,0.88525390625,0.034912109375,nan,0.1173095703125,0.389404296875,nan,0.389404296875,nan,1,0.4781494140625,0.5107421875,0.026002654872791818,8,3,22,117,95,20260920,761,8.660086299991235
adder,S2,6,0.01,2,8,1024,8192,0.5059814453125,0.4951545801088951,0.5168027034101178,0.9696044921875,0.5731201171875,0.026123046875,nan,0.0587158203125,nan,0.1395263671875,nan,0.1395263671875,1,0.4946258544921875,0.5184326171875,0.01869322036114576,8,3,22,117,95,20260920,761,8.719059099967126
adder,S2,6,0.01,3,8,1024,8192,0.4930419921875,0.4822214652768604,0.503869041650002,0.9400634765625,0.2042236328125,0.060546875,nan,0.031494140625,nan,0.100341796875,nan,0.100341796875,1,0.4864501953125,0.5013427734375,0.01163049800494898,8,3,22,117,95,20260920,761,8.76925419998588
adder,S2,6,0.01,4,8,1024,8192,0.5013427734375,0.4905173471950171,0.5121669409419043,0.8839111328125,-0.1866455078125,0.0364990234375,nan,0.0419921875,nan,0.067138671875,nan,0.067138671875,1,0.4937744140625,0.5096435546875,0.012241163219454761,8,3,22,117,95,20260920,761,8.74018869997235
adder,S2,6,0.01,5,8,1024,8192,0.49365234375,0.48283135500948804,0.5044792828887023,0.9429931640625,-0.5072021484375,0.072265625,nan,0.019775390625,nan,0.0677490234375,nan,0.0677490234375,1,0.4818115234375,0.5064697265625,0.01909387512380092,8,3,22,117,95,20260920,761,8.67897919996176
adder,S2,6,0.01,6,8,1024,8192,0.4892578125,0.4784405089340388,0.5000851859705909,1.07275390625,-0.8662109375,0.103271484375,nan,0.03076171875,nan,0.052001953125,nan,0.052001953125,1,0.4771728515625,0.5031768798828125,0.020290757164565937,8,3,22,117,95,20260920,761,8.684882499976084
adder,S2,6,0.02,0,8,1024,8192,0.353759765625,0.34347660068130564,0.36418001858854027,1.9423828125,1.9423828125,0.038330078125,0.646240234375,nan,0.446533203125,nan,0.446533203125,nan,1,0.34423828125,0.3626708984375,0.014245289418346128,8,3,22,117,95,20260920,761,12.547243999957573
adder,S2,6,0.02,1,8,1024,8192,0.32421875,0.3141669790701518,0.3344353011874259,1.615966796875,1.34375,0.0531005859375,nan,0.1361083984375,0.5396728515625,nan,0.5396728515625,nan,1,0.3167724609375,0.332275390625,0.012073770381372102,8,3,22,117,95,20260920,761,8.852942699973937
adder,S2,6,0.02,2,8,1024,8192,0.359619140625,0.34929529597395176,0.3700745806206415,1.3433837890625,0.8358154296875,0.0469970703125,nan,0.0780029296875,nan,0.17578125,nan,0.17578125,1,0.347900390625,0.3731689453125,0.019599142601900515,8,3,22,117,95,20260920,761,8.870814000023529
adder,S2,6,0.02,3,8,1024,8192,0.3463134765625,0.3360844630299626,0.3566865583896835,1.2691650390625,0.2791748046875,0.0740966796875,nan,0.0523681640625,nan,0.14453125,nan,0.14453125,1,0.335693359375,0.3560791015625,0.015875310013000025,8,3,22,117,95,20260920,761,8.779100299987476
adder,S2,6,0.02,4,8,1024,8192,0.35595703125,0.3456584133168943,0.36639067744973186,1.194091796875,-0.26953125,0.054443359375,nan,0.05908203125,nan,0.106689453125,nan,0.106689453125,1,0.3499755859375,0.36242980957031246,0.009737683240298632,8,3,22,117,95,20260920,761,8.705155599978752
adder,S2,6,0.02,5,8,1024,8192,0.348388671875,0.3381442888477858,0.35877517787437496,1.286865234375,-0.730224609375,0.0894775390625,nan,0.037841796875,nan,0.10009765625,nan,0.10009765625,1,0.339111328125,0.3587646484375,0.015429775796537596,8,3,22,117,95,20260920,761,8.876977100037038
adder,S2,6,0.02,6,8,1024,8192,0.3380126953125,0.3278473318964322,0.348329908313155,1.5093994140625,-1.2625732421875,0.1234130859375,nan,0.04833984375,nan,0.0875244140625,nan,0.0875244140625,1,0.32470703125,0.348876953125,0.0187949776465943,8,3,22,117,95,20260920,761,8.737624300003517
adder,S2,6,0.03,0,8,1024,8192,0.2523193359375,0.2430313148175353,0.2618395370176211,2.4134521484375,2.4134521484375,0.0567626953125,0.7476806640625,nan,0.56201171875,nan,0.56201171875,nan,1,0.242431640625,0.2626953125,0.015797884751567664,8,3,22,117,95,20260920,761,12.530026699998416
adder,S2,6,0.03,1,8,1024,8192,0.23291015625,0.22388348530469307,0.24218720164223748,1.9573974609375,1.6893310546875,0.065673828125,nan,0.134033203125,0.633056640625,nan,0.633056640625,nan,1,0.2264404296875,0.2393798828125,0.01012185108661666,8,3,22,117,95,20260920,761,8.85541540000122
adder,S2,6,0.03,2,8,1024,8192,0.2650146484375,0.25556926530151053,0.27468031073726523,1.622314453125,1.029052734375,0.0640869140625,nan,0.093505859375,nan,0.203125,nan,0.203125,1,0.2470672607421875,0.281982421875,0.027218590609381137,8,3,22,117,95,20260920,761,8.858770999999251
adder,S2,6,0.03,3,8,1024,8192,0.259033203125,0.249660668793482,0.26863162372628074,1.49658203125,0.394287109375,0.09130859375,nan,0.06689453125,nan,0.162109375,nan,0.162109375,1,0.249267578125,0.26904296875,0.015162573325393525,8,3,22,117,95,20260920,761,8.851680599967949
adder,S2,6,0.03,4,8,1024,8192,0.2679443359375,0.2584640961469005,0.2776421085542489,1.431884765625,-0.239013671875,0.0863037109375,nan,0.0654296875,nan,0.12744140625,nan,0.12744140625,1,0.25830078125,0.2772216796875,0.014717448118263218,8,3,22,117,95,20260920,761,8.74200839997502
adder,S2,6,0.03,5,8,1024,8192,0.26416015625,0.2547250411109974,0.27381635156791934,1.5408935546875,-0.9136962890625,0.1033935546875,nan,0.055419921875,nan,0.1270751953125,nan,0.1270751953125,1,0.257080078125,0.27197265625,0.011554843326366438,8,3,22,117,95,20260920,761,8.912825900013559
adder,S2,6,0.03,6,8,1024,8192,0.24462890625,0.23544135248589576,0.2540558491105296,1.868896484375,-1.603271484375,0.1328125,nan,0.0628662109375,nan,0.1258544921875,nan,0.1258544921875,1,0.23681640625,0.2523193359375,0.012005876101534689,8,3,22,117,95,20260920,761,8.81358720001299
adder,S2,6,0.05,0,8,1024,8192,0.1688232421875,0.16086710765079193,0.1770898273067138,2.9306640625,2.9306640625,0.084228515625,0.8311767578125,nan,0.6712646484375,nan,0.6712646484375,nan,1,0.1641845703125,0.174072265625,0.007802684612582692,8,3,22,117,95,20260920,761,12.778302099963184
adder,S2,6,0.05,1,8,1024,8192,0.149169921875,0.141619783144856,0.15704893453589278,2.3299560546875,2.0721435546875,0.078857421875,nan,0.12890625,0.721923828125,nan,0.721923828125,nan,1,0.1434326171875,0.1556396484375,0.009435693371232786,8,3,22,117,95,20260920,761,8.843282499990892
adder,S2,6,0.05,2,8,1024,8192,0.1895751953125,0.1812335364598673,0.1982078515227855,1.9034423828125,1.2781982421875,0.088623046875,nan,0.1009521484375,nan,0.211669921875,nan,0.211669921875,1,0.1739501953125,0.2059326171875,0.024413713725187306,8,3,22,117,95,20260920,761,8.905220800021198
adder,S2,6,0.05,3,8,1024,8192,0.1739501953125,0.16589492622786034,0.18231110888879937,1.739990234375,0.45458984375,0.1009521484375,nan,0.092529296875,nan,0.2008056640625,nan,0.2008056640625,1,0.165771484375,0.183349609375,0.013210048069701961,8,3,22,117,95,20260920,761,8.706898599979468
adder,S2,6,0.05,4,8,1024,8192,0.1976318359375,0.1891512155715342,0.20639590123264628,1.637939453125,-0.31201171875,0.0963134765625,nan,0.07666015625,nan,0.16455078125,nan,0.16455078125,1,0.1851806640625,0.2098388671875,0.018892581687359362,8,3,22,117,95,20260920,761,8.827761099964846
adder,S2,6,0.05,5,8,1024,8192,0.1915283203125,0.18315244911839995,0.20019335797250198,1.811279296875,-1.12353515625,0.11279296875,nan,0.07373046875,nan,0.1593017578125,nan,0.1593017578125,1,0.1800537109375,0.2015380859375,0.01655996544870546,8,3,22,117,95,20260920,761,8.750184400007129
adder,S2,6,0.05,6,8,1024,8192,0.166015625,0.15811491811372502,0.17422941437567258,2.2286376953125,-1.9578857421875,0.1353759765625,nan,0.078857421875,nan,0.1630859375,nan,0.1630859375,1,0.1578369140625,0.1727294921875,0.011436328979865623,8,3,22,117,95,20260920,761,8.773056500009261
phase,S1,2,0.0,0,8,1024,8192,1.0,0.9995312917117791,1.0,0.0,0.0,0.0,0.0,nan,0.0,nan,0.0,nan,0,1.0,1.0,0.0,8,2,8,36,25,20260920,761,0.07323460001498461
phase,S1,2,0.0,1,8,1024,8192,1.0,0.9995312917117791,1.0,0.0,0.0,0.0,nan,0.0,0.0,nan,nan,0.0,0,1.0,1.0,0.0,8,2,8,36,25,20260920,761,0.09220850002020597
phase,S1,2,0.0,2,8,1024,8192,1.0,0.9995312917117791,1.0,0.0,0.0,0.0,nan,0.0,nan,0.0,nan,0.0,0,1.0,1.0,0.0,8,2,8,36,25,20260920,761,0.09192239999538288
phase,S1,2,0.001,0,8,1024,8192,0.9884033203125,0.9858452751048509,0.9905035281516988,0.0191650390625,0.0191650390625,0.00244140625,0.0115966796875,nan,0.005126953125,nan,0.0115966796875,nan,0,0.986083984375,0.990234375,0.003236261358722669,8,2,8,36,25,20260920,761,1.5135774999507703
phase,S1,2,0.001,1,8,1024,8192,0.986572265625,0.9838419677802073,0.9888464425623589,0.015625,0.004150390625,0.002197265625,nan,0.0057373046875,0.0076904296875,nan,nan,0.0057373046875,0,0.985107421875,0.9881591796875,0.002434420810074658,8,2,8,36,25,20260920,761,1.4284366000210866
phase,S1,2,0.001,2,8,1024,8192,0.9864501953125,0.9837088600815841,0.9887355240667165,0.0164794921875,-0.0084228515625,0.0040283203125,nan,0.0029296875,nan,0.009521484375,nan,0.0029296875,0,0.983642578125,0.9892578125,0.00438094688596835,8,2,8,36,25,20260920,761,1.413650200003758
phase,S1,2,0.003,0,8,1024,8192,0.963623046875,0.9593465352456287,0.9674649505750101,0.062744140625,0.062744140625,0.009765625,0.036376953125,nan,0.0166015625,nan,0.036376953125,nan,0,0.9615478515625,0.9658203125,0.003291050812523842,8,2,8,36,25,20260920,761,1.4597615000093356
phase,S1,2,0.003,1,8,1024,8192,0.961181640625,0.9567780077862074,0.9651529541491202,0.0455322265625,0.0142822265625,0.0067138671875,nan,0.015625,0.023193359375,nan,nan,0.015625,0,0.957275390625,0.96484375,0.00587678774269686,8,2,8,36,25,20260920,761,1.4260002999799326
phase,S1,2,0.003,2,8,1024,8192,0.9638671875,0.9596036495781761,0.9676958886309939,0.0435791015625,-0.0262451171875,0.0086669921875,nan,0.0074462890625,nan,0.0274658203125,nan,0.0074462890625,0,0.9613037109375,0.9661865234375,0.0038001781450547533,8,2,8,36,25,20260920,761,1.4001547999796458
phase,S1,2,0.005,0,8,1024,8192,0.9383544921875,0.9329380046615676,0.943360058946098,0.105712890625,0.105712890625,0.015625,0.0616455078125,nan,0.0284423828125,nan,0.0616455078125,nan,0,0.93359375,0.942626953125,0.006874443130729291,8,2,8,36,25,20260920,761,1.473068300052546
phase,S1,2,0.005,1,8,1024,8192,0.93994140625,0.9345872088864101,0.9448831952467079,0.07177734375,0.026611328125,0.01171875,nan,0.0225830078125,0.0374755859375,nan,nan,0.0225830078125,0,0.93603515625,0.943359375,0.005694288959809864,8,2,8,36,25,20260920,761,1.407143399992492
phase,S1,2,0.005,2,8,1024,8192,0.9393310546875,0.9339527816657825,0.9442974914960077,0.0732421875,-0.043701171875,0.0147705078125,nan,0.0125732421875,nan,0.0458984375,nan,0.0125732421875,0,0.93212890625,0.9453125,0.010432549130479246,8,2,8,36,25,20260920,761,1.418428800010588
phase,S1,2,0.01,0,8,1024,8192,0.8843994140625,0.8772945166437495,0.8911439690985338,0.1937255859375,0.1937255859375,0.02880859375,0.1156005859375,nan,0.04931640625,nan,0.1156005859375,nan,0,0.8790283203125,0.8902587890625,0.008702411083243575,8,2,8,36,25,20260920,761,1.4948926999932155
phase,S1,2,0.01,1,8,1024,8192,0.87744140625,0.8701627189573929,0.8843662737117527,0.1470947265625,0.0548095703125,0.0245361328125,nan,0.046142578125,0.076416015625,nan,nan,0.046142578125,0,0.8699951171875,0.884033203125,0.010799108526988632,8,2,8,36,25,20260920,761,1.4188287000288256
phase,S1,2,0.01,2,8,1024,8192,0.8819580078125,0.8747912509167054,0.8887667109402665,0.1422119140625,-0.0770263671875,0.0325927734375,nan,0.024169921875,nan,0.08544921875,nan,0.024169921875,0,0.8780517578125,0.8858642578125,0.005915779021600446,8,2,8,36,25,20260920,761,1.409096400020644
phase,S1,2,0.02,0,8,1024,8192,0.7835693359375,0.7745198575340769,0.7923529917448445,0.3673095703125,0.3673095703125,0.054931640625,0.2164306640625,nan,0.095947265625,nan,0.2164306640625,nan,0,0.778564453125,0.7889404296875,0.007915364590983107,8,2,8,36,25,20260920,761,1.4765811000252143
phase,S1,2,0.02,1,8,1024,8192,0.7813720703125,0.7722910707120978,0.7901893070700434,0.2615966796875,0.0936279296875,0.04296875,nan,0.083984375,0.1346435546875,nan,nan,0.083984375,0,0.7735595703125,0.7884521484375,0.011536405715568156,8,2,8,36,25,20260920,761,1.428801400004886
phase,S1,2,0.02,2,8,1024,8192,0.7779541015625,0.7688248025771677,0.7868228417655375,0.2677001953125,-0.1414794921875,0.0631103515625,nan,0.045654296875,nan,0.158935546875,nan,0.045654296875,0,0.7740478515625,0.7821044921875,0.006284292691968055,8,2,8,36,25,20260920,761,1.435736800020095
phase,S1,2,0.03,0,8,1024,8192,0.6949462890625,0.6848863352182962,0.7048234970238209,0.5279541015625,0.5279541015625,0.078125,0.3050537109375,nan,0.144775390625,nan,0.3050537109375,nan,0,0.6861572265625,0.7041015625,0.013937720483359239,8,2,8,36,25,20260920,761,1.4882336999871768
phase,S1,2,0.03,1,8,1024,8192,0.6917724609375,0.6816851950280416,0.7016799561631706,0.37060546875,0.1298828125,0.0623779296875,nan,0.120361328125,0.1878662109375,nan,nan,0.120361328125,0,0.685546875,0.69921875,0.010836104014244213,8,2,8,36,25,20260920,761,1.4413873000303283
phase,S1,2,0.03,2,8,1024,8192,0.69580078125,0.6857482758295603,0.7056697397724156,0.3720703125,-0.20556640625,0.083251953125,nan,0.06787109375,nan,0.220947265625,nan,0.06787109375,0,0.6895751953125,0.701416015625,0.009323121901006485,8,2,8,36,25,20260920,761,1.4274855999974534
phase,S1,2,0.05,0,8,1024,8192,0.56787109375,0.557114591512798,0.5785639724988596,0.7620849609375,0.7620849609375,0.1131591796875,0.43212890625,nan,0.216796875,nan,0.43212890625,nan,0,0.556396484375,0.577880859375,0.016424177067814103,8,2,8,36,25,20260920,761,1.48531489999732
phase,S1,2,0.05,1,8,1024,8192,0.5665283203125,0.5557685064610391,0.5772257694136971,0.5330810546875,0.1981201171875,0.099609375,nan,0.16748046875,0.2659912109375,nan,nan,0.16748046875,0,0.560546875,0.5732421875,0.009743802347027758,8,2,8,36,25,20260920,761,1.4240440999856219
phase,S1,2,0.05,2,8,1024,8192,0.5614013671875,0.5506296455180878,0.5721155301974944,0.5457763671875,-0.3067626953125,0.1195068359375,nan,0.107177734375,nan,0.319091796875,nan,0.107177734375,0,0.54931640625,0.5723876953125,0.017919228118261202,8,2,8,36,25,20260920,761,1.397661299968604
phase,S1,4,0.0,0,8,1024,8192,1.0,0.9995312917117791,1.0,0.0,0.0,0.0,0.0,nan,0.0,nan,0.0,nan,1,1.0,1.0,0.0,8,3,15,54,57,20260920,761,0.11182399996323511
phase,S1,4,0.0,1,8,1024,8192,1.0,0.9995312917117791,1.0,0.0,0.0,0.0,nan,0.0,0.0,nan,0.0,nan,1,1.0,1.0,0.0,8,3,15,54,57,20260920,761,0.11506989999907091
phase,S1,4,0.0,2,8,1024,8192,1.0,0.9995312917117791,1.0,0.0,0.0,0.0,nan,0.0,nan,0.0,nan,0.0,1,1.0,1.0,0.0,8,3,15,54,57,20260920,761,0.11492309998720884
phase,S1,4,0.0,3,8,1024,8192,1.0,0.9995312917117791,1.0,0.0,0.0,0.0,nan,0.0,nan,0.0,nan,0.0,1,1.0,1.0,0.0,8,3,15,54,57,20260920,761,0.11699720000615343
phase,S1,4,0.0,4,8,1024,8192,1.0,0.9995312917117791,1.0,0.0,0.0,0.0,nan,0.0,nan,0.0,nan,0.0,1,1.0,1.0,0.0,8,3,15,54,57,20260920,761,0.10891279997304082
phase,S1,4,0.001,0,8,1024,8192,0.9713134765625,0.9674719735989713,0.9747131624603985,0.0867919921875,0.0867919921875,0.008544921875,0.0286865234375,nan,0.0152587890625,nan,0.0152587890625,nan,1,0.96533203125,0.9765625,0.008496454541292602,8,3,15,54,57,20260920,761,3.056567099993117
phase,S1,4,0.001,1,8,1024,8192,0.9666748046875,0.9625641418658265,0.9703479988114517,0.0731201171875,0.0577392578125,0.0086669921875,nan,0.0076904296875,0.025634765625,nan,0.025634765625,nan,1,0.9647216796875,0.9683837890625,0.0028798542624641483,8,3,15,54,57,20260920,761,3.10118609998608
phase,S1,4,0.001,2,8,1024,8192,0.9683837890625,0.9643697231337447,0.9719587842632513,0.0625,0.039306640625,0.0091552734375,nan,0.00146484375,nan,0.0101318359375,nan,0.0101318359375,1,0.9635009765625,0.9736328125,0.007863559084780947,8,3,15,54,57,20260920,761,3.08586719998857
phase,S1,4,0.001,3,8,1024,8192,0.9700927734375,0.9661782415282402,0.9735666325884739,0.0540771484375,0.0081787109375,0.0074462890625,nan,0.002197265625,nan,0.0047607421875,nan,0.0047607421875,1,0.9664306640625,0.97412109375,0.005904252894681078,8,3,15,54,57,20260920,761,3.0444175000302494
phase,S1,4,0.001,4,8,1024,8192,0.969970703125,0.9660489591860614,0.9734518887363871,0.057373046875,-0.027587890625,0.007568359375,nan,0.0047607421875,nan,0.0068359375,nan,0.0068359375,1,0.9659423828125,0.9739990234375,0.0061486888591068675,8,3,15,54,57,20260920,761,3.05669289996149
phase,S1,4,0.003,0,8,1024,8192,0.910400390625,0.9040217373170039,0.916394327803846,0.2637939453125,0.2637939453125,0.0260009765625,0.089599609375,nan,0.0467529296875,nan,0.0467529296875,nan,1,0.9039306640625,0.9158935546875,0.00936322153509923,8,3,15,54,57,20260920,761,3.104791200021282
phase,S1,4,0.003,1,8,1024,8192,0.90625,0.8997462559190985,0.912372918596722,0.2060546875,0.16357421875,0.0247802734375,nan,0.021240234375,0.072509765625,nan,0.072509765625,nan,1,0.9022216796875,0.91015625,0.006154225725477896,8,3,15,54,57,20260920,761,3.06570630002534
phase,S1,4,0.003,2,8,1024,8192,0.9112548828125,0.9049024713342608,0.9172217771464481,0.1827392578125,0.1170654296875,0.0281982421875,nan,0.00439453125,nan,0.0284423828125,nan,0.0284423828125,1,0.90625,0.91650390625,0.007872217010975943,8,3,15,54,57,20260920,761,3.00893879996147
phase,S1,4,0.003,3,8,1024,8192,0.9088134765625,0.9023865359766999,0.9148571886186975,0.1715087890625,0.0535888671875,0.028564453125,nan,0.005615234375,nan,0.0106201171875,nan,0.0106201171875,1,0.903564453125,0.9136962890625,0.007652830911920641,8,3,15,54,57,20260920,761,3.032857799960766
phase,S1,4,0.003,4,8,1024,8192,0.909912109375,0.9035185368908402,0.9159214234529475,0.1614990234375,-0.0616455078125,0.02734375,nan,0.010498046875,nan,0.0162353515625,nan,0.0162353515625,1,0.9071044921875,0.912841796875,0.00439065429181256,8,3,15,54,57,20260920,761,3.013650399981998
phase,S1,4,0.005,0,8,1024,8192,0.85205078125,0.8441972930361716,0.8595742512257354,0.4466552734375,0.4466552734375,0.044677734375,0.14794921875,nan,0.0777587890625,nan,0.0777587890625,nan,1,0.845947265625,0.8575469970703125,0.009131176435241948,8,3,15,54,57,20260920,761,3.1629240000038408
phase,S1,4,0.005,1,8,1024,8192,0.8521728515625,0.8443219256624597,0.8596936447937129,0.3251953125,0.263427734375,0.0386962890625,nan,0.0308837890625,0.116943359375,nan,0.116943359375,nan,1,0.84716796875,0.856689453125,0.007306759324094557,8,3,15,54,57,20260920,761,3.0763243000255898
phase,S1,4,0.005,2,8,1024,8192,0.85498046875,0.8471889771130999,0.8624391958111807,0.2802734375,0.166259765625,0.0396728515625,nan,0.0078125,nan,0.0491943359375,nan,0.0491943359375,1,0.848388671875,0.8609619140625,0.009876601573899475,8,3,15,54,57,20260920,761,3.061228399979882
phase,S1,4,0.005,3,8,1024,8192,0.853759765625,0.8459423144349733,0.8612455965466516,0.2611083984375,0.0533447265625,0.039794921875,nan,0.0087890625,nan,0.01953125,nan,0.01953125,1,0.847412109375,0.8594970703125,0.009348659750960556,8,3,15,54,57,20260920,761,3.038656999997329
phase,S1,4,0.005,4,8,1024,8192,0.8555908203125,0.8478123775241417,0.8630359263714666,0.2598876953125,-0.1024169921875,0.04248046875,nan,0.0166015625,nan,0.0267333984375,nan,0.0267333984375,1,0.8472900390625,0.8631591796875,0.012521752096104276,8,3,15,54,57,20260920,761,2.992992600018624
phase,S1,4,0.01,0,8,1024,8192,0.727783203125,0.7180395594069999,0.7373133190925556,0.8182373046875,0.8182373046875,0.081787109375,0.272216796875,nan,0.1466064453125,nan,0.1466064453125,nan,1,0.716552734375,0.7401123046875,0.018245559898775653,8,3,15,54,57,20260920,761,3.1260774999973364
phase,S1,4,0.01,1,8,1024,8192,0.7353515625,0.7256899518445171,0.7447925506995038,0.602294921875,0.487060546875,0.074462890625,nan,0.0576171875,0.20703125,nan,0.20703125,nan,1,0.7247314453125,0.7459716796875,0.016589248321645926,8,3,15,54,57,20260920,761,3.0853151999763213
phase,S1,4,0.01,2,8,1024,8192,0.73291015625,0.7232216936910005,0.742380284967709,0.542236328125,0.313232421875,0.0767822265625,nan,0.0194091796875,nan,0.0950927734375,nan,0.0950927734375,1,0.72802734375,0.7374267578125,0.007232969529473058,8,3,15,54,57,20260920,761,3.0171014000079595
phase,S1,4,0.01,3,8,1024,8192,0.736572265625,0.7269242215358893,0.7459985429507874,0.486572265625,0.1103515625,0.07763671875,nan,0.0169677734375,nan,0.0357666015625,nan,0.0357666015625,1,0.72509765625,0.7464599609375,0.016620016660270454,8,3,15,54,57,20260920,761,2.9997549999970943
phase,S1,4,0.01,4,8,1024,8192,0.7327880859375,0.7230982905816982,0.7422596618827458,0.49072265625,-0.175537109375,0.0853271484375,nan,0.0323486328125,nan,0.049072265625,nan,0.049072265625,1,0.7255859375,0.739990234375,0.011291715995534699,8,3,15,54,57,20260920,761,2.999916599947028
phase,S1,4,0.02,0,8,1024,8192,0.5557861328125,0.5450027044999328,0.5665172662794331,1.437255859375,1.437255859375,0.1480712890625,0.4442138671875,nan,0.265869140625,nan,0.265869140625,nan,1,0.5416259765625,0.56787109375,0.020540587516359638,8,3,15,54,57,20260920,761,3.0980865999590605
phase,S1,4,0.02,1,8,1024,8192,0.5528564453125,0.5420674615279739,0.5635958805890184,1.0552978515625,0.8724365234375,0.1279296875,nan,0.0914306640625,0.355712890625,nan,0.355712890625,nan,1,0.539794921875,0.5643310546875,0.018802224951108722,8,3,15,54,57,20260920,761,2.975422499992419
phase,S1,4,0.02,2,8,1024,8192,0.551513671875,0.5407222681304563,0.5622567858496147,0.9678955078125,0.5926513671875,0.144775390625,nan,0.039306640625,nan,0.1483154296875,nan,0.1483154296875,1,0.5455322265625,0.5570068359375,0.008900735242425075,8,3,15,54,57,20260920,761,3.013983700016979
phase,S1,4,0.02,3,8,1024,8192,0.5521240234375,0.5413337098411154,0.5628654751102834,0.856689453125,0.21044921875,0.14111328125,nan,0.0328369140625,nan,0.0731201171875,nan,0.0731201171875,1,0.5428466796875,0.5628662109375,0.015615732987131174,8,3,15,54,57,20260920,761,2.952588400046807
phase,S1,4,0.02,4,8,1024,8192,0.5538330078125,0.5430458338409146,0.5645697178302022,0.8463134765625,-0.3011474609375,0.143310546875,nan,0.0540771484375,nan,0.0849609375,nan,0.0849609375,1,0.5469970703125,0.5601806640625,0.010234788992359451,8,3,15,54,57,20260920,761,2.996896900003776
phase,S1,4,0.03,0,8,1024,8192,0.4306640625,0.4199762611071395,0.44141686055001617,1.8668212890625,1.8668212890625,0.1900634765625,0.5693359375,nan,0.365966796875,nan,0.365966796875,nan,1,0.4190673828125,0.4405517578125,0.016662996887183194,8,3,15,54,57,20260920,761,3.159258200030308
phase,S1,4,0.03,1,8,1024,8192,0.4329833984375,0.42228760200420057,0.44374201734400087,1.4208984375,1.1982421875,0.1768798828125,nan,0.111328125,0.4556884765625,nan,0.4556884765625,nan,1,0.4193115234375,0.44629211425781246,0.02124163743569942,8,3,15,54,57,20260920,761,3.054257299983874
phase,S1,4,0.03,2,8,1024,8192,0.4254150390625,0.4147462175188607,0.43615377778487535,1.2396240234375,0.7403564453125,0.182861328125,nan,0.05712890625,nan,0.1925048828125,nan,0.1925048828125,1,0.4171142578125,0.4339599609375,0.01293385839712035,8,3,15,54,57,20260920,761,3.0984690000186674
phase,S1,4,0.03,3,8,1024,8192,0.4371337890625,0.42642428249676045,0.44790222745647046,1.1002197265625,0.2640380859375,0.185791015625,nan,0.0452880859375,nan,0.10302734375,nan,0.10302734375,1,0.4278564453125,0.447265625,0.014791318606625243,8,3,15,54,57,20260920,761,3.02342470001895
phase,S1,4,0.03,4,8,1024,8192,0.4212646484375,0.41061170709882966,0.43199139759987704,1.1278076171875,-0.3631591796875,0.1986083984375,nan,0.0677490234375,nan,0.1126708984375,nan,0.1126708984375,1,0.4124755859375,0.4298095703125,0.013450227204124256,8,3,15,54,57,20260920,761,2.952381899987813
phase,S1,4,0.05,0,8,1024,8192,0.2769775390625,0.26739316504331795,0.2867709780334838,2.5054931640625,2.5054931640625,0.2606201171875,0.7230224609375,nan,0.5147705078125,nan,0.5147705078125,nan,1,0.26123046875,0.2908935546875,0.02276481586734803,8,3,15,54,57,20260920,761,3.100129099970218
phase,S1,4,0.05,1,8,1024,8192,0.28662109375,0.2769309823710949,0.29651123005268687,1.9232177734375,1.6590576171875,0.2459716796875,nan,0.132080078125,0.581298828125,nan,0.581298828125,nan,1,0.2781982421875,0.2955322265625,0.013400121262902477,8,3,15,54,57,20260920,761,3.0999839999713004
phase,S1,4,0.05,2,8,1024,8192,0.2918701171875,0.2821247500907505,0.3018105886864509,1.6212158203125,1.0079345703125,0.249267578125,nan,0.079345703125,nan,0.227294921875,nan,0.227294921875,1,0.2872314453125,0.296875,0.0076260804744163295,8,3,15,54,57,20260920,761,3.0865580000099726
phase,S1,4,0.05,3,8,1024,8192,0.2901611328125,0.28043358057784395,0.3000853914796394,1.45947265625,0.328125,0.253173828125,nan,0.071533203125,nan,0.1572265625,nan,0.1572265625,1,0.2789306640625,0.3004150390625,0.01641951044545316,8,3,15,54,57,20260920,761,3.026878399949055
phase,S1,4,0.05,4,8,1024,8192,0.2740478515625,0.2644967038209043,0.28381081059352364,1.485107421875,-0.46630859375,0.2591552734375,nan,0.0889892578125,nan,0.1588134765625,nan,0.1588134765625,1,0.2667236328125,0.2808837890625,0.011133760875566947,8,3,15,54,57,20260920,761,3.0007991999736987
phase,S1,6,0.0,0,8,1024,8192,1.0,0.9995312917117791,1.0,0.0,0.0,0.0,0.0,nan,0.0,nan,0.0,nan,1,1.0,1.0,0.0,8,3,21,60,81,20260920,761,0.10845609998796135
phase,S1,6,0.0,1,8,1024,8192,1.0,0.9995312917117791,1.0,0.0,0.0,0.0,nan,0.0,0.0,nan,0.0,nan,1,1.0,1.0,0.0,8,3,21,60,81,20260920,761,0.12553750001825392
phase,S1,6,0.0,2,8,1024,8192,1.0,0.9995312917117791,1.0,0.0,0.0,0.0,nan,0.0,nan,0.0,nan,0.0,1,1.0,1.0,0.0,8,3,21,60,81,20260920,761,0.1215066000004299
phase,S1,6,0.0,3,8,1024,8192,1.0,0.9995312917117791,1.0,0.0,0.0,0.0,nan,0.0,nan,0.0,nan,0.0,1,1.0,1.0,0.0,8,3,21,60,81,20260920,761,0.1263012999552302
phase,S1,6,0.0,4,8,1024,8192,1.0,0.9995312917117791,1.0,0.0,0.0,0.0,nan,0.0,nan,0.0,nan,0.0,1,1.0,1.0,0.0,8,3,21,60,81,20260920,761,0.120544700010214
phase,S1,6,0.0,5,8,1024,8192,1.0,0.9995312917117791,1.0,0.0,0.0,0.0,nan,0.0,nan,0.0,nan,0.0,1,1.0,1.0,0.0,8,3,21,60,81,20260920,761,0.12288739997893572
phase,S1,6,0.0,6,8,1024,8192,1.0,0.9995312917117791,1.0,0.0,0.0,0.0,nan,0.0,nan,0.0,nan,0.0,1,1.0,1.0,0.0,8,3,21,60,81,20260920,761,0.12191280000843108
phase,S1,6,0.001,0,8,1024,8192,0.9576416015625,0.9530614659688982,0.9617927363327278,0.1195068359375,0.1195068359375,0.0037841796875,0.0423583984375,nan,0.020751953125,nan,0.020751953125,nan,1,0.954345703125,0.9605712890625,0.004839019575024975,8,3,21,60,81,20260920,761,5.411366400017869
phase,S1,6,0.001,1,8,1024,8192,0.9544677734375,0.9497364658068826,0.9587730554438384,0.0982666015625,0.0814208984375,0.002197265625,nan,0.0084228515625,0.037109375,nan,0.037109375,nan,1,0.9488525390625,0.9593505859375,0.008068785657906263,8,3,21,60,81,20260920,761,5.350576800003182
phase,S1,6,0.001,2,8,1024,8192,0.9586181640625,0.9540858486340011,0.9627205632217493,0.0765380859375,0.0504150390625,0.0032958984375,nan,0.001708984375,nan,0.0113525390625,nan,0.0113525390625,1,0.955322265625,0.961669921875,0.00481078289588699,8,3,21,60,81,20260920,761,5.312768600007985
phase,S1,6,0.001,3,8,1024,8192,0.957763671875,0.953189478960285,0.9619087495356065,0.069580078125,0.018310546875,0.0045166015625,nan,0.0020751953125,nan,0.00439453125,nan,0.00439453125,1,0.9532470703125,0.9617919921875,0.006556177532092177,8,3,21,60,81,20260920,761,5.33030539995525
phase,S1,6,0.001,4,8,1024,8192,0.95947265625,0.9549827164559079,0.9635318787597016,0.0675048828125,-0.0216064453125,0.00244140625,nan,0.0042724609375,nan,0.0068359375,nan,0.0068359375,1,0.9560546875,0.962646484375,0.005193780822819834,8,3,21,60,81,20260920,761,5.3066426000441425
phase,S1,6,0.001,5,8,1024,8192,0.955322265625,0.9506310424549985,0.9595866621555814,0.0906982421875,-0.0614013671875,0.0030517578125,nan,0.00439453125,nan,0.01025390625,nan,0.01025390625,1,0.9510498046875,0.9595947265625,0.006720363892025404,8,3,21,60,81,20260920,761,5.335278599988669
phase,S1,6,0.001,6,8,1024,8192,0.9569091796875,0.9522935930798274,0.961096452056205,0.089111328125,-0.074951171875,0.007080078125,nan,0.002197265625,nan,0.006103515625,nan,0.006103515625,1,0.953369140625,0.9605712890625,0.005584061619178546,8,3,21,60,81,20260920,761,5.295339900010731
phase,S1,6,0.003,0,8,1024,8192,0.875244140625,0.8679121407000847,0.8822243804722807,0.3515625,0.3515625,0.0135498046875,0.124755859375,nan,0.0596923828125,nan,0.0596923828125,nan,1,0.869384765625,0.880615234375,0.008668097381433062,8,3,21,60,81,20260920,761,5.419142999977339
phase,S1,6,0.003,1,8,1024,8192,0.8800048828125,0.8727893301090868,0.886864212639636,0.262451171875,0.21435546875,0.0067138671875,nan,0.0240478515625,0.095947265625,nan,0.095947265625,nan,1,0.875732421875,0.884033203125,0.0064024187388018825,8,3,21,60,81,20260920,761,5.3987682000151835
phase,S1,6,0.003,2,8,1024,8192,0.879638671875,0.8724140372334477,0.8865074269324782,0.236083984375,0.155517578125,0.0108642578125,nan,0.0069580078125,nan,0.0333251953125,nan,0.0333251953125,1,0.872314453125,0.8863525390625,0.010770685615661494,8,3,21,60,81,20260920,761,5.402698799967766
phase,S1,6,0.003,3,8,1024,8192,0.8802490234375,0.8730395370895034,0.8871020580477504,0.2078857421875,0.0523681640625,0.012939453125,nan,0.0087890625,nan,0.015869140625,nan,0.015869140625,1,0.8770751953125,0.88427734375,0.005644726752206266,8,3,21,60,81,20260920,761,5.465940800029784
phase,S1,6,0.003,4,8,1024,8192,0.8765869140625,0.8692874070820924,0.8835334022271943,0.2122802734375,-0.0792236328125,0.006103515625,nan,0.01513671875,nan,0.02197265625,nan,0.02197265625,1,0.87158203125,0.88134765625,0.00745443216007573,8,3,21,60,81,20260920,761,5.229193300008774
phase,S1,6,0.003,5,8,1024,8192,0.8798828125,0.8726642301409614,0.8867452864134958,0.231201171875,-0.157470703125,0.0072021484375,nan,0.0106201171875,nan,0.0235595703125,nan,0.0235595703125,1,0.8748779296875,0.885009765625,0.0078819458101705,8,3,21,60,81,20260920,761,5.323719800042454
phase,S1,6,0.003,6,8,1024,8192,0.876220703125,0.868912307431168,0.8831764232953221,0.2679443359375,-0.2320556640625,0.0179443359375,nan,0.0079345703125,nan,0.0205078125,nan,0.0205078125,1,0.8701171875,0.882568359375,0.009635715160876817,8,3,21,60,81,20260920,761,5.3564100000076
phase,S1,6,0.005,0,8,1024,8192,0.807373046875,0.7986899436790714,0.8157680134816364,0.58056640625,0.58056640625,0.0255126953125,0.192626953125,nan,0.1002197265625,nan,0.1002197265625,nan,1,0.800537109375,0.8136016845703125,0.010172200515624834,8,3,21,60,81,20260920,761,5.454574600036722
phase,S1,6,0.005,1,8,1024,8192,0.8116455078125,0.803033263702024,0.819965610257979,0.4208984375,0.349365234375,0.0133056640625,nan,0.0357666015625,0.152587890625,nan,0.152587890625,nan,1,0.80615234375,0.8167724609375,0.008194442617658894,8,3,21,60,81,20260920,761,5.364822200033814
phase,S1,6,0.005,2,8,1024,8192,0.8048095703125,0.7960847268682328,0.8132486802128981,0.3912353515625,0.2625732421875,0.018310546875,nan,0.01123046875,nan,0.0531005859375,nan,0.0531005859375,1,0.7969970703125,0.8143310546875,0.013596306421092724,8,3,21,60,81,20260920,761,5.36262190004345
phase,S1,6,0.005,3,8,1024,8192,0.8076171875,0.7989380896463999,0.816007919902839,0.3409423828125,0.0975341796875,0.0235595703125,nan,0.013427734375,nan,0.0247802734375,nan,0.0247802734375,1,0.8043212890625,0.81103515625,0.005167483029423029,8,3,21,60,81,20260920,761,5.370993999997154
phase,S1,6,0.005,4,8,1024,8192,0.8111572265625,0.8025368014917689,0.8194859676911717,0.346435546875,-0.1220703125,0.013671875,nan,0.025390625,nan,0.0389404296875,nan,0.0389404296875,1,0.802978515625,0.819580078125,0.012912774151379263,8,3,21,60,81,20260920,761,5.313169099972583
phase,S1,6,0.005,5,8,1024,8192,0.802978515625,0.7942242076581207,0.8114488065090266,0.396728515625,-0.2783203125,0.0125732421875,nan,0.0196533203125,nan,0.044189453125,nan,0.044189453125,1,0.792724609375,0.813232421875,0.015856526150487847,8,3,21,60,81,20260920,761,5.323525599960703
phase,S1,6,0.005,6,8,1024,8192,0.8087158203125,0.800054811738146,0.8170874335594832,0.4234619140625,-0.3699951171875,0.0267333984375,nan,0.01220703125,nan,0.031494140625,nan,0.031494140625,1,0.80126953125,0.8148193359375,0.010497641317955364,8,3,21,60,81,20260920,761,5.324024599976838
phase,S1,6,0.01,0,8,1024,8192,0.6536865234375,0.6433134416103166,0.6639155369700374,1.0750732421875,1.0750732421875,0.0462646484375,0.3463134765625,nan,0.19287109375,nan,0.19287109375,nan,1,0.6422119140625,0.6640625,0.01694624378816238,8,3,21,60,81,20260920,761,5.499207799963187
phase,S1,6,0.01,1,8,1024,8192,0.6568603515625,0.6465082194795534,0.6670654401517054,0.7967529296875,0.6644287109375,0.0250244140625,nan,0.066162109375,0.2769775390625,nan,0.2769775390625,nan,1,0.6480712890625,0.6645538330078125,0.012732148439700004,8,3,21,60,81,20260920,761,5.416846000007354
phase,S1,6,0.01,2,8,1024,8192,0.6688232421875,0.6585546803798312,0.6789335462894535,0.6748046875,0.4326171875,0.0347900390625,nan,0.0228271484375,nan,0.0982666015625,nan,0.0982666015625,1,0.6627197265625,0.6748046875,0.009197146616507368,8,3,21,60,81,20260920,761,5.454190000018571
phase,S1,6,0.01,3,8,1024,8192,0.657470703125,0.6471226581152604,0.6676711324873262,0.62353515625,0.16796875,0.0408935546875,nan,0.024658203125,nan,0.0513916015625,nan,0.0513916015625,1,0.6456298828125,0.67138671875,0.019943678435419963,8,3,21,60,81,20260920,761,5.321548499981873
phase,S1,6,0.01,4,8,1024,8192,0.6619873046875,0.651670091686845,0.6721526681035679,0.6116943359375,-0.1715087890625,0.03125,nan,0.0369873046875,nan,0.0623779296875,nan,0.0623779296875,1,0.64697265625,0.678466796875,0.024380208112292696,8,3,21,60,81,20260920,761,5.40305530000478
phase,S1,6,0.01,5,8,1024,8192,0.6597900390625,0.6494576971057175,0.6699725911879149,0.6959228515625,-0.4703369140625,0.022216796875,nan,0.0341796875,nan,0.076416015625,nan,0.076416015625,1,0.650146484375,0.669677734375,0.01527168818621078,8,3,21,60,81,20260920,761,5.429504800005816
phase,S1,6,0.01,6,8,1024,8192,0.661376953125,0.6510555129361736,0.6715471158829113,0.77783203125,-0.677490234375,0.0501708984375,nan,0.0240478515625,nan,0.0579833984375,nan,0.0579833984375,1,0.642578125,0.6810302734375,0.02959184653317573,8,3,21,60,81,20260920,761,5.451282900001388
phase,S1,6,0.02,0,8,1024,8192,0.4525146484375,0.44176097386354624,0.46331283656714667,1.7523193359375,1.7523193359375,0.068359375,0.5474853515625,nan,0.336181640625,nan,0.336181640625,nan,1,0.4428680419921875,0.4620361328125,0.014992585847586523,8,3,21,60,81,20260920,761,5.6427286000107415
phase,S1,6,0.02,1,8,1024,8192,0.4578857421875,0.44711909397274496,0.468691869005633,1.3310546875,1.140625,0.0469970703125,nan,0.09521484375,0.4468994140625,nan,0.4468994140625,nan,1,0.4443328857421875,0.47021789550781246,0.020327233640648576,8,3,21,60,81,20260920,761,5.397430600016378
phase,S1,6,0.02,2,8,1024,8192,0.4603271484375,0.449555020500613,0.4711364663630764,1.1461181640625,0.7501220703125,0.054443359375,nan,0.043701171875,nan,0.154296875,nan,0.154296875,1,0.453857421875,0.4671630859375,0.0103209503032849,8,3,21,60,81,20260920,761,5.451606999966316
phase,S1,6,0.02,3,8,1024,8192,0.468017578125,0.457229889872615,0.47883524722980536,1.0189208984375,0.2657470703125,0.06201171875,nan,0.049560546875,nan,0.095947265625,nan,0.095947265625,1,0.457763671875,0.478515625,0.016221775233743563,8,3,21,60,81,20260920,761,5.4714469000464305
phase,S1,6,0.02,4,8,1024,8192,0.4698486328125,0.45905761962498676,0.48066791039141715,1.004150390625,-0.28515625,0.0509033203125,nan,0.0595703125,nan,0.108642578125,nan,0.108642578125,1,0.45751953125,0.48388671875,0.020434189034541406,8,3,21,60,81,20260920,761,5.434493699984159
phase,S1,6,0.02,5,8,1024,8192,0.4461669921875,0.43543028216979784,0.45695416615908535,1.20751953125,-0.839111328125,0.045654296875,nan,0.06591796875,nan,0.1336669921875,nan,0.1336669921875,1,0.4365234375,0.455810546875,0.015141780727614795,8,3,21,60,81,20260920,761,5.323985100025311
phase,S1,6,0.02,6,8,1024,8192,0.44775390625,0.437012789004063,0.45854399985027255,1.36328125,-1.203125,0.080078125,nan,0.0474853515625,nan,0.1099853515625,nan,0.1099853515625,1,0.4398193359375,0.4576416015625,0.013967623895964093,8,3,21,60,81,20260920,761,5.37294730002759
phase,S1,6,0.03,0,8,1024,8192,0.320068359375,0.31005271619199104,0.3302526734605572,2.2877197265625,2.2877197265625,0.084716796875,0.679931640625,nan,0.45947265625,nan,0.45947265625,nan,1,0.3125,0.32666015625,0.011131466279820618,8,3,21,60,81,20260920,761,5.505169600015506
phase,S1,6,0.03,1,8,1024,8192,0.3355712890625,0.32542531365500676,0.345871402669269,1.7176513671875,1.4940185546875,0.06494140625,nan,0.11181640625,0.5526123046875,nan,0.5526123046875,nan,1,0.3238525390625,0.34716796875,0.018119586455583328,8,3,21,60,81,20260920,761,5.377704399987124
phase,S1,6,0.03,2,8,1024,8192,0.349609375,0.33935605175930744,0.360003676905509,1.442626953125,0.9404296875,0.07568359375,nan,0.0634765625,nan,0.1876220703125,nan,0.1876220703125,1,0.3414306640625,0.359130859375,0.013908977210507274,8,3,21,60,81,20260920,761,5.39255749998847
phase,S1,6,0.03,3,8,1024,8192,0.34375,0.3335402710160202,0.3541062003240489,1.2991943359375,0.3231201171875,0.080078125,nan,0.0650634765625,nan,0.1365966796875,nan,0.1365966796875,1,0.33447265625,0.355224609375,0.01607200984811905,8,3,21,60,81,20260920,761,5.372790300054476
phase,S1,6,0.03,4,8,1024,8192,0.3406982421875,0.3305119037397407,0.3510339127436891,1.299072265625,-0.410888671875,0.0633544921875,nan,0.081298828125,nan,0.1455078125,nan,0.1455078125,1,0.3294677734375,0.3505859375,0.01641951044545316,8,3,21,60,81,20260920,761,5.414845300023444
phase,S1,6,0.03,5,8,1024,8192,0.3328857421875,0.3227614473800665,0.3431666926703667,1.4935302734375,-1.0194091796875,0.064208984375,nan,0.07958984375,nan,0.162841796875,nan,0.162841796875,1,0.3209228515625,0.34326171875,0.017316045247608627,8,3,21,60,81,20260920,761,5.451161900011357
phase,S1,6,0.03,6,8,1024,8192,0.3341064453125,0.3239722496071995,0.3443961523858894,1.707275390625,-1.522705078125,0.09228515625,nan,0.0614013671875,nan,0.13916015625,nan,0.13916015625,1,0.3309326171875,0.3375244140625,0.005099475955485776,8,3,21,60,81,20260920,761,5.334263600001577
phase,S1,6,0.05,0,8,1024,8192,0.20068359375,0.19215180230974194,0.20949596935107784,2.8582763671875,2.8582763671875,0.10205078125,0.79931640625,nan,0.599853515625,nan,0.599853515625,nan,1,0.188720703125,0.212158203125,0.018120056380151416,8,3,21,60,81,20260920,761,5.50842869997723
phase,S1,6,0.05,1,8,1024,8192,0.2193603515625,0.21053200353215087,0.22845177585130125,2.1773681640625,1.9307861328125,0.09375,nan,0.123291015625,0.6573486328125,nan,0.6573486328125,nan,1,0.2132568359375,0.2254638671875,0.009595866882607579,8,3,21,60,81,20260920,761,5.361538500001188
phase,S1,6,0.05,2,8,1024,8192,0.225341796875,0.21642422627960245,0.23451683662286266,1.8165283203125,1.2091064453125,0.0936279296875,nan,0.08349609375,nan,0.22021484375,nan,0.22021484375,1,0.220458984375,0.2293701171875,0.006920120996225395,8,3,21,60,81,20260920,761,5.395128200005274
phase,S1,6,0.05,3,8,1024,8192,0.2305908203125,0.22159714081670753,0.23983704843917716,1.606689453125,0.38134765625,0.0997314453125,nan,0.088623046875,nan,0.1846923828125,nan,0.1846923828125,1,0.22216796875,0.2393798828125,0.013353653704865253,8,3,21,60,81,20260920,761,5.394402800011449
phase,S1,6,0.05,4,8,1024,8192,0.2181396484375,0.20932984201314958,0.22721367542764687,1.638427734375,-0.440673828125,0.0897216796875,nan,0.0999755859375,nan,0.1907958984375,nan,0.1907958984375,1,0.2088623046875,0.2255859375,0.012838706619115337,8,3,21,60,81,20260920,761,5.346513899974525
phase,S1,6,0.05,5,8,1024,8192,0.2144775390625,0.20572404672860153,0.22349868488422778,1.83642578125,-1.2216796875,0.0927734375,nan,0.098388671875,nan,0.194091796875,nan,0.194091796875,1,0.2080078125,0.220947265625,0.010026339855018038,8,3,21,60,81,20260920,761,5.3873475000145845
phase,S1,6,0.05,6,8,1024,8192,0.2117919921875,0.20308046235667554,0.2207736929823112,2.22021484375,-2.010498046875,0.1048583984375,nan,0.092041015625,nan,0.1912841796875,nan,0.1912841796875,1,0.2020263671875,0.22216796875,0.01559390652739353,8,3,21,60,81,20260920,761,5.3990076999762096
phase,S2,2,0.0,0,8,1024,8192,0.9158935546875,0.9096866510419747,0.9217105928208259,0.1376953125,0.1376953125,0.014892578125,0.0841064453125,nan,0.0386962890625,nan,0.0841064453125,nan,0,0.9112548828125,0.9205322265625,0.00716555259553457,8,2,8,36,25,20260920,761,1.446912599960342
phase,S2,2,0.0,1,8,1024,8192,0.912353515625,0.9060350959780368,0.9182853882510622,0.1119384765625,0.0406494140625,0.0242919921875,nan,0.03564453125,0.052001953125,nan,nan,0.03564453125,0,0.906005859375,0.919189453125,0.010078011445581198,8,2,8,36,25,20260920,761,1.4828404000145383
phase,S2,2,0.0,2,8,1024,8192,0.9161376953125,0.9099385971053974,0.9219466991459343,0.10986328125,-0.05615234375,0.02685546875,nan,0.0260009765625,nan,0.0570068359375,nan,0.0260009765625,0,0.9110107421875,0.9219970703125,0.008440146056546973,8,2,8,36,25,20260920,761,1.4751087999902666
phase,S2,2,0.001,0,8,1024,8192,0.90185546875,0.8952233691591273,0.9081108623631325,0.1624755859375,0.1624755859375,0.0189208984375,0.09814453125,nan,0.04541015625,nan,0.09814453125,nan,0,0.8974609375,0.9053955078125,0.0062421476900661535,8,2,8,36,25,20260920,761,2.1204209999996237
phase,S2,2,0.001,1,8,1024,8192,0.902099609375,0.8954745344467293,0.9083477494640618,0.124267578125,0.047607421875,0.0263671875,nan,0.038330078125,0.0595703125,nan,nan,0.038330078125,0,0.89599609375,0.907958984375,0.009037443955056785,8,2,8,36,25,20260920,761,1.646465600002557
phase,S2,2,0.001,2,8,1024,8192,0.9071044921875,0.900626187335786,0.9132011705398934,0.1204833984375,-0.0567626953125,0.0318603515625,nan,0.027587890625,nan,0.06103515625,nan,0.027587890625,0,0.90234375,0.911865234375,0.007408600602602434,8,2,8,36,25,20260920,761,1.6325212000519969
phase,S2,2,0.003,0,8,1024,8192,0.880859375,0.8736650957764247,0.887696630332157,0.1956787109375,0.1956787109375,0.0230712890625,0.119140625,nan,0.053466796875,nan,0.119140625,nan,0,0.873046875,0.888916015625,0.012297377718213735,8,2,8,36,25,20260920,761,2.10325919999741
phase,S2,2,0.003,1,8,1024,8192,0.8758544921875,0.8685372280739191,0.8828194240697741,0.156494140625,0.057373046875,0.0323486328125,nan,0.049560546875,0.0745849609375,nan,nan,0.049560546875,0,0.8690185546875,0.882568359375,0.010274645533860058,8,2,8,36,25,20260920,761,1.6755069999489933
phase,S2,2,0.003,2,8,1024,8192,0.8839111328125,0.8767937855219268,0.8906685954432942,0.1483154296875,-0.0780029296875,0.03515625,nan,0.0322265625,nan,0.0809326171875,nan,0.0322265625,0,0.879150390625,0.888916015625,0.0074999836512796144,8,2,8,36,25,20260920,761,1.6538939999882132
phase,S2,2,0.005,0,8,1024,8192,0.857177734375,0.8494334362224741,0.8645872081985867,0.240478515625,0.240478515625,0.030029296875,0.142822265625,nan,0.067626953125,nan,0.142822265625,nan,0,0.8499755859375,0.8646240234375,0.01131356341655999,8,2,8,36,25,20260920,761,2.1311199000338092
phase,S2,2,0.005,1,8,1024,8192,0.855712890625,0.8479370631630488,0.8631552669268253,0.18017578125,0.06689453125,0.035888671875,nan,0.056640625,0.087646484375,nan,nan,0.056640625,0,0.849609375,0.861328125,0.009037443955056785,8,2,8,36,25,20260920,761,1.682929000002332
phase,S2,2,0.005,2,8,1024,8192,0.86083984375,0.8531755613733769,0.8681658688756511,0.175537109375,-0.089599609375,0.04296875,nan,0.036376953125,nan,0.09619140625,nan,0.036376953125,0,0.8526611328125,0.86865234375,0.012527870714644894,8,2,8,36,25,20260920,761,1.6545637999661267
phase,S2,2,0.01,0,8,1024,8192,0.8175048828125,0.8089925113474365,0.8257196199373138,0.313232421875,0.313232421875,0.0452880859375,0.1824951171875,nan,0.08544921875,nan,0.1824951171875,nan,0,0.812255859375,0.822998046875,0.00837532996074669,8,2,8,36,25,20260920,761,2.0853948000003584
phase,S2,2,0.01,1,8,1024,8192,0.806884765625,0.7981936675026545,0.8152881848809911,0.2413330078125,0.0872802734375,0.0482177734375,nan,0.0770263671875,0.1160888671875,nan,nan,0.0770263671875,0,0.796630859375,0.817138671875,0.015822120845722314,8,2,8,36,25,20260920,761,1.6929719000472687
phase,S2,2,0.01,2,8,1024,8192,0.8126220703125,0.8040262528927621,0.8209248306213653,0.234130859375,-0.12939453125,0.0523681640625,nan,0.0467529296875,nan,0.135009765625,nan,0.0467529296875,0,0.80615234375,0.8189697265625,0.009813464019321821,8,2,8,36,25,20260920,761,1.6744124999968335
phase,S2,2,0.02,0,8,1024,8192,0.720458984375,0.710639300590295,0.7300720062533262,0.474365234375,0.474365234375,0.0660400390625,0.279541015625,nan,0.1287841796875,nan,0.279541015625,nan,0,0.712646484375,0.7283966064453125,0.012183291648369496,8,2,8,36,25,20260920,761,2.113214800017886
phase,S2,2,0.02,1,8,1024,8192,0.7220458984375,0.7122424148580627,0.731641232511011,0.3397216796875,0.1229248046875,0.061767578125,nan,0.1083984375,0.1695556640625,nan,nan,0.1083984375,0,0.715087890625,0.7290069580078125,0.010785695930400376,8,2,8,36,25,20260920,761,1.6717008000123315
phase,S2,2,0.02,2,8,1024,8192,0.7200927734375,0.7102693725750262,0.7297098556857984,0.34765625,-0.187744140625,0.0799560546875,nan,0.0677490234375,nan,0.199951171875,nan,0.0677490234375,0,0.7135009765625,0.7269287109375,0.010465145832722707,8,2,8,36,25,20260920,761,1.6821796000003815
phase,S2,2,0.03,0,8,1024,8192,0.6475830078125,0.6371710571622345,0.6578566117048409,0.6114501953125,0.6114501953125,0.0875244140625,0.3524169921875,nan,0.1715087890625,nan,0.3524169921875,nan,0,0.6424560546875,0.6531982421875,0.008326386780773094,8,2,8,36,25,20260920,761,2.091180199990049
phase,S2,2,0.03,1,8,1024,8192,0.6451416015625,0.6347146221771497,0.6554325228046144,0.434814453125,0.160400390625,0.0799560546875,nan,0.13720703125,0.2176513671875,nan,nan,0.13720703125,0,0.636474609375,0.65478515625,0.01418959090500038,8,2,8,36,25,20260920,761,1.67097759997705
phase,S2,2,0.03,2,8,1024,8192,0.6463623046875,0.635942802789056,0.6566446041353636,0.444580078125,-0.24755859375,0.0985107421875,nan,0.0909423828125,nan,0.255126953125,nan,0.0909423828125,0,0.642822265625,0.6495361328125,0.005126122647449399,8,2,8,36,25,20260920,761,1.6852086000144482
phase,S2,2,0.05,0,8,1024,8192,0.5396728515625,0.5288635336369236,0.5504449794993869,0.8323974609375,0.8323974609375,0.1280517578125,0.4603271484375,nan,0.2440185546875,nan,0.4603271484375,nan,0,0.532470703125,0.547119140625,0.01120693988076146,8,2,8,36,25,20260920,761,2.1195500000030734
phase,S2,2,0.05,1,8,1024,8192,0.5296630859375,0.5188434040769522,0.5404549611295816,0.5850830078125,0.2225341796875,0.11474609375,nan,0.1812744140625,0.2890625,nan,nan,0.1812744140625,0,0.5198974609375,0.540771484375,0.016164458939191415,8,2,8,36,25,20260920,761,1.681193099997472
phase,S2,2,0.05,2,8,1024,8192,0.53125,0.5204316699913408,0.5420390357406454,0.58837890625,-0.33447265625,0.126953125,nan,0.11962890625,nan,0.341796875,nan,0.11962890625,0,0.5224609375,0.53955078125,0.013277556603046293,8,2,8,36,25,20260920,761,1.6817210000008345
phase,S2,4,0.0,0,8,1024,8192,0.8214111328125,0.8129671258008195,0.8295538437004291,0.5162353515625,0.5162353515625,0.038818359375,0.1785888671875,nan,0.10400390625,nan,0.10400390625,nan,1,0.8167724609375,0.825927734375,0.0069923414257548645,8,3,15,54,57,20260920,761,3.211276700021699
phase,S2,4,0.0,1,8,1024,8192,0.805419921875,0.7967049644959309,0.8138485735565278,0.4505615234375,0.3572998046875,0.0582275390625,nan,0.046630859375,0.14794921875,nan,0.14794921875,nan,1,0.80126953125,0.8094482421875,0.006236688880373078,8,3,15,54,57,20260920,761,3.0997928000288084
phase,S2,4,0.0,2,8,1024,8192,0.8184814453125,0.8099860293136626,0.8266783115252122,0.383544921875,0.2041015625,0.05419921875,nan,0.0244140625,nan,0.0653076171875,nan,0.0653076171875,1,0.8114013671875,0.8262939453125,0.011465329763137962,8,3,15,54,57,20260920,761,3.103375800012145
phase,S2,4,0.0,3,8,1024,8192,0.816650390625,0.8081232565553558,0.8248806913695355,0.3641357421875,0.0894775390625,0.0595703125,nan,0.0081787109375,nan,0.0323486328125,nan,0.0323486328125,1,0.8114013671875,0.8214141845703125,0.00777316408573361,8,3,15,54,57,20260920,761,3.120329999946989
phase,S2,4,0.0,4,8,1024,8192,0.8184814453125,0.8099860293136626,0.8266783115252122,0.361572265625,-0.1123046875,0.071044921875,nan,0.0335693359375,nan,0.0394287109375,nan,0.0394287109375,1,0.8096923828125,0.82763671875,0.013981638135954384,8,3,15,54,57,20260920,761,3.17233639996266
phase,S2,4,0.001,0,8,1024,8192,0.8001708984375,0.7913719701214985,0.8086884415775406,0.5762939453125,0.5762939453125,0.044921875,0.1998291015625,nan,0.1138916015625,nan,0.1138916015625,nan,1,0.7908935546875,0.8095703125,0.014294815570287932,8,3,15,54,57,20260920,761,5.640927000029478
phase,S2,4,0.001,1,8,1024,8192,0.7845458984375,0.775510549218085,0.7933145096149611,0.50439453125,0.4072265625,0.0650634765625,nan,0.048583984375,0.1668701171875,nan,0.1668701171875,nan,1,0.778076171875,0.7906494140625,0.009792617550703688,8,3,15,54,57,20260920,761,4.015097399998922
phase,S2,4,0.001,2,8,1024,8192,0.796875,0.7880245412447034,0.8054471632091654,0.430908203125,0.2353515625,0.0623779296875,nan,0.0250244140625,nan,0.07275390625,nan,0.07275390625,1,0.7886962890625,0.80712890625,0.014218964627501012,8,3,15,54,57,20260920,761,4.008271400001831
phase,S2,4,0.001,3,8,1024,8192,0.7877197265625,0.7787308116419144,0.7964389282420367,0.41259765625,0.1015625,0.066650390625,nan,0.0107421875,nan,0.0341796875,nan,0.0341796875,1,0.7823486328125,0.792724609375,0.008068785657906263,8,3,15,54,57,20260920,761,3.8900236999616027
phase,S2,4,0.001,4,8,1024,8192,0.7938232421875,0.7849258747812577,0.8024451748159718,0.40625,-0.131591796875,0.078369140625,nan,0.0345458984375,nan,0.0450439453125,nan,0.0450439453125,1,0.7838134765625,0.8037109375,0.015302879937229336,8,3,15,54,57,20260920,761,3.9213960000197403
phase,S2,4,0.003,0,8,1024,8192,0.7532958984375,0.7438433991845642,0.7625109539164957,0.7366943359375,0.7366943359375,0.062255859375,0.2467041015625,nan,0.1434326171875,nan,0.1434326171875,nan,1,0.74365234375,0.761962890625,0.014073903138002502,8,3,15,54,57,20260920,761,5.609153600002173
phase,S2,4,0.003,1,8,1024,8192,0.7393798828125,0.7297634003873145,0.7487719665674705,0.615478515625,0.494873046875,0.0797119140625,nan,0.060302734375,0.2003173828125,nan,0.2003173828125,nan,1,0.7320556640625,0.7474365234375,0.011976762297324112,8,3,15,54,57,20260920,761,3.951414700015448
phase,S2,4,0.003,2,8,1024,8192,0.747314453125,0.7377899095066993,0.7566071600753477,0.532958984375,0.309814453125,0.0782470703125,nan,0.0257568359375,nan,0.0858154296875,nan,0.0858154296875,1,0.7403564453125,0.753173828125,0.009845515847495875,8,3,15,54,57,20260920,761,4.011344800004736
phase,S2,4,0.003,3,8,1024,8192,0.7445068359375,0.7349492922616726,0.7538351748522661,0.4947509765625,0.1260986328125,0.0809326171875,nan,0.0147705078125,nan,0.0396728515625,nan,0.0396728515625,1,0.736328125,0.7523193359375,0.012252287759494065,8,3,15,54,57,20260920,761,3.9878893999848515
phase,S2,4,0.003,4,8,1024,8192,0.7396240234375,0.7300103092496805,0.7490131100936356,0.50634765625,-0.181884765625,0.0906982421875,nan,0.041259765625,nan,0.0557861328125,nan,0.0557861328125,1,0.7315673828125,0.7481689453125,0.012923320574087935,8,3,15,54,57,20260920,761,3.9477240999694914
phase,S2,4,0.005,0,8,1024,8192,0.7098388671875,0.6999146085203607,0.719566419422156,0.8883056640625,0.8883056640625,0.0792236328125,0.2901611328125,nan,0.1702880859375,nan,0.1702880859375,nan,1,0.6993377685546875,0.7200927734375,0.016007775699286204,8,3,15,54,57,20260920,761,5.501536700001452
phase,S2,4,0.005,1,8,1024,8192,0.6932373046875,0.6831625752899652,0.7031308902324339,0.7249755859375,0.5906982421875,0.09228515625,nan,0.067138671875,0.2396240234375,nan,0.2396240234375,nan,1,0.6826171875,0.7034912109375,0.015956629110873057,8,3,15,54,57,20260920,761,3.9985519999754615
phase,S2,4,0.005,2,8,1024,8192,0.7110595703125,0.7011469956612518,0.7207742942239205,0.6016845703125,0.3255615234375,0.0860595703125,nan,0.0323486328125,nan,0.105712890625,nan,0.105712890625,1,0.7044677734375,0.718017578125,0.010380181494338094,8,3,15,54,57,20260920,761,3.9929788000299595
phase,S2,4,0.005,3,8,1024,8192,0.7017822265625,0.6917830012164963,0.7115922979044926,0.5694580078125,0.1380615234375,0.0919189453125,nan,0.0169677734375,nan,0.0474853515625,nan,0.0474853515625,1,0.6956787109375,0.707763671875,0.009322208541033586,8,3,15,54,57,20260920,761,4.0223889000480995
phase,S2,4,0.005,4,8,1024,8192,0.700439453125,0.6904280922184604,0.7102629187656072,0.574462890625,-0.2021484375,0.1051025390625,nan,0.045654296875,nan,0.0611572265625,nan,0.0611572265625,1,0.69287109375,0.7080078125,0.011934742188865092,8,3,15,54,57,20260920,761,3.929833400005009
phase,S2,4,0.01,0,8,1024,8192,0.6063232421875,0.5956960269766495,0.616850788228663,1.21240234375,1.21240234375,0.1146240234375,0.3936767578125,nan,0.2315673828125,nan,0.2315673828125,nan,1,0.594482421875,0.6162109375,0.01688583994674122,8,3,15,54,57,20260920,761,5.574965499981772
phase,S2,4,0.01,1,8,1024,8192,0.6031494140625,0.5925089735031633,0.6136931606512442,0.953125,0.781982421875,0.1214599609375,nan,0.0855712890625,0.311279296875,nan,0.311279296875,nan,1,0.5946044921875,0.611572265625,0.013153202611348998,8,3,15,54,57,20260920,761,4.00526450003963
phase,S2,4,0.01,2,8,1024,8192,0.6065673828125,0.5959412042657911,0.6170936633280525,0.8309326171875,0.4747314453125,0.1195068359375,nan,0.0406494140625,nan,0.137451171875,nan,0.137451171875,1,0.6011962890625,0.611572265625,0.008043418702831508,8,3,15,54,57,20260920,761,4.011315600015223
phase,S2,4,0.01,3,8,1024,8192,0.602783203125,0.5921412665441835,0.6133287890274274,0.766845703125,0.191162109375,0.1282958984375,nan,0.02587890625,nan,0.0635986328125,nan,0.0635986328125,1,0.593505859375,0.612060546875,0.014178184720888344,8,3,15,54,57,20260920,761,3.960811399971135
phase,S2,4,0.01,4,8,1024,8192,0.610595703125,0.5999870295391415,0.6211007024654659,0.76025390625,-0.2529296875,0.134521484375,nan,0.0546875,nan,0.0792236328125,nan,0.0792236328125,1,0.601318359375,0.6207275390625,0.015216389194044416,8,3,15,54,57,20260920,761,3.9941373000037856
phase,S2,4,0.02,0,8,1024,8192,0.471435546875,0.4606417700970043,0.48225610044485206,1.7288818359375,1.7288818359375,0.1715087890625,0.528564453125,nan,0.3402099609375,nan,0.3402099609375,nan,1,0.4610565185546875,0.48193359375,0.015967831426045735,8,3,15,54,57,20260920,761,5.540396900032647
phase,S2,4,0.02,1,8,1024,8192,0.46044921875,0.4496768236655367,0.4712586893924183,1.329345703125,1.0966796875,0.166259765625,nan,0.1163330078125,0.4232177734375,nan,0.4232177734375,nan,1,0.450927734375,0.4703369140625,0.015137843780195913,8,3,15,54,57,20260920,761,4.13967889995547
phase,S2,4,0.02,2,8,1024,8192,0.46533203125,0.45454948369563564,0.47614707713294213,1.1644287109375,0.6929931640625,0.174560546875,nan,0.0556640625,nan,0.1800537109375,nan,0.1800537109375,1,0.4571533203125,0.4735107421875,0.012495203460308637,8,3,15,54,57,20260920,761,4.029599000001326
phase,S2,4,0.02,3,8,1024,8192,0.4678955078125,0.45710804641241065,0.47871306449574413,1.032958984375,0.2080078125,0.1676025390625,nan,0.044921875,nan,0.1024169921875,nan,0.1024169921875,1,0.4617919921875,0.473876953125,0.009344104539585034,8,3,15,54,57,20260920,761,4.0706790999975055
phase,S2,4,0.02,4,8,1024,8192,0.467529296875,0.456742519925411,0.47834651239994713,1.0537109375,-0.35888671875,0.183349609375,nan,0.0714111328125,nan,0.11279296875,nan,0.11279296875,1,0.46044921875,0.4753479003906249,0.011622441867333319,8,3,15,54,57,20260920,761,4.006516000023112
phase,S2,4,0.03,0,8,1024,8192,0.3717041015625,0.3613016431795593,0.3822268266473255,2.1048583984375,2.1048583984375,0.212890625,0.6282958984375,nan,0.4254150390625,nan,0.4254150390625,nan,1,0.361328125,0.383056640625,0.016365488499387695,8,3,15,54,57,20260920,761,5.541573100024834
phase,S2,4,0.03,1,8,1024,8192,0.37841796875,0.36797487028491405,0.38897504022657714,1.5943603515625,1.3519287109375,0.2001953125,nan,0.1212158203125,0.5003662109375,nan,0.5003662109375,nan,1,0.361083984375,0.3963623046875,0.027178831425406606,8,3,15,54,57,20260920,761,4.037601200048812
phase,S2,4,0.03,2,8,1024,8192,0.3731689453125,0.3627574365411784,0.3836993476168933,1.381103515625,0.81884765625,0.2042236328125,nan,0.070068359375,nan,0.2110595703125,nan,0.2110595703125,1,0.363037109375,0.3843994140625,0.016609254225250905,8,3,15,54,57,20260920,761,3.9994614999741316
phase,S2,4,0.03,3,8,1024,8192,0.375732421875,0.365305321670232,0.3862760125674166,1.251220703125,0.293212890625,0.2105712890625,nan,0.0543212890625,nan,0.1258544921875,nan,0.1258544921875,1,0.3695068359375,0.382080078125,0.009692106074843363,8,3,15,54,57,20260920,761,4.004697999975178
phase,S2,4,0.03,4,8,1024,8192,0.3651123046875,0.3547518494770856,0.3755992058594584,1.2823486328125,-0.3944091796875,0.2274169921875,nan,0.080810546875,nan,0.13427734375,nan,0.13427734375,1,0.35791015625,0.37353515625,0.0119539900608279,8,3,15,54,57,20260920,761,4.014056799991522
phase,S2,4,0.05,0,8,1024,8192,0.2525634765625,0.2432723305728226,0.26208657365086485,2.639892578125,2.639892578125,0.273681640625,0.7474365234375,nan,0.5452880859375,nan,0.5452880859375,nan,1,0.244384765625,0.2598876953125,0.012073065117176788,8,3,15,54,57,20260920,761,5.6005791000206955
phase,S2,4,0.05,1,8,1024,8192,0.260498046875,0.2511074611928281,0.2701131456581215,2.0224609375,1.762451171875,0.2593994140625,nan,0.1300048828125,0.6094970703125,nan,0.6094970703125,nan,1,0.25390625,0.2672119140625,0.010131940988859434,8,3,15,54,57,20260920,761,4.071638400026131
phase,S2,4,0.05,2,8,1024,8192,0.266845703125,0.2573784716545574,0.2765314972982019,1.6964111328125,1.0401611328125,0.2640380859375,nan,0.09033203125,nan,0.23779296875,nan,0.23779296875,1,0.26220703125,0.2718505859375,0.007377503346606172,8,3,15,54,57,20260920,761,3.962210999976378
phase,S2,4,0.05,3,8,1024,8192,0.2529296875,0.24363386157432831,0.2624571212321559,1.5579833984375,0.3414306640625,0.2718505859375,nan,0.0789794921875,nan,0.1729736328125,nan,0.1729736328125,1,0.2418212890625,0.263671875,0.01665481872870914,8,3,15,54,57,20260920,761,4.024348700011615
phase,S2,4,0.05,4,8,1024,8192,0.246826171875,0.2376095077261143,0.2562801653670913,1.5673828125,-0.481689453125,0.2772216796875,nan,0.09423828125,nan,0.171630859375,nan,0.171630859375,1,0.2357177734375,0.255859375,0.01578764056318031,8,3,15,54,57,20260920,761,4.0970825999975204
phase,S2,6,0.0,0,8,1024,8192,0.7755126953125,0.766349436423528,0.7844176840338658,0.6407470703125,0.6407470703125,0.02197265625,0.2244873046875,nan,0.1241455078125,nan,0.1241455078125,nan,1,0.77001953125,0.78076171875,0.008440146056546973,8,3,21,60,81,20260920,761,5.608258399995975
phase,S2,6,0.0,1,8,1024,8192,0.774658203125,0.7654831633771374,0.7835757737203976,0.5216064453125,0.4307861328125,0.0162353515625,nan,0.04541015625,0.179931640625,nan,0.179931640625,nan,1,0.77001953125,0.7789306640625,0.006959384409172387,8,3,21,60,81,20260920,761,5.434894300007727
phase,S2,6,0.0,2,8,1024,8192,0.7686767578125,0.7594207560531728,0.777680897525349,0.4725341796875,0.2928466796875,0.01513671875,nan,0.023193359375,nan,0.066650390625,nan,0.066650390625,1,0.7615966796875,0.776611328125,0.011477206321819491,8,3,21,60,81,20260920,761,5.368804800033104
phase,S2,6,0.0,3,8,1024,8192,0.7620849609375,0.7527427225860491,0.771181516502132,0.457275390625,0.138671875,0.040283203125,nan,0.0123291015625,nan,0.0389404296875,nan,0.0389404296875,1,0.7562255859375,0.768310546875,0.009394996751627959,8,3,21,60,81,20260920,761,5.379887200018857
phase,S2,6,0.0,4,8,1024,8192,0.7818603515625,0.7727863245723532,0.7906701579868505,0.4237060546875,-0.1387939453125,0.015380859375,nan,0.0372314453125,nan,0.0506591796875,nan,0.0506591796875,1,0.7752685546875,0.7874755859375,0.009567429355709544,8,3,21,60,81,20260920,761,5.403494599973783
phase,S2,6,0.0,5,8,1024,8192,0.758544921875,0.7491576333042131,0.7676898461502664,0.505126953125,-0.33056640625,0.02490234375,nan,0.01904296875,nan,0.0615234375,nan,0.0615234375,1,0.749755859375,0.768798828125,0.014585523376026751,8,3,21,60,81,20260920,761,5.47459009999875
phase,S2,6,0.0,6,8,1024,8192,0.766357421875,0.7570707249436768,0.7753944309437992,0.5531005859375,-0.4847412109375,0.0341796875,nan,0.015380859375,nan,0.0357666015625,nan,0.0357666015625,1,0.7562255859375,0.7760009765625,0.015252160948832659,8,3,21,60,81,20260920,761,5.362589399970602
phase,S2,6,0.001,0,8,1024,8192,0.7430419921875,0.73346743546001,0.752388717322742,0.7557373046875,0.7557373046875,0.025634765625,0.2569580078125,nan,0.1453857421875,nan,0.1453857421875,nan,1,0.7354736328125,0.751220703125,0.011976762297324112,8,3,21,60,81,20260920,761,10.463298200047575
phase,S2,6,0.001,1,8,1024,8192,0.7406005859375,0.7309979828808538,0.7499776460165867,0.5999755859375,0.4971923828125,0.01513671875,nan,0.0513916015625,0.2080078125,nan,0.2080078125,nan,1,0.7314453125,0.7493896484375,0.01408358008156991,8,3,21,60,81,20260920,761,7.077519599988591
phase,S2,6,0.001,2,8,1024,8192,0.7347412109375,0.7250728522300312,0.744189519342662,0.5457763671875,0.3353271484375,0.01953125,nan,0.0267333984375,nan,0.0784912109375,nan,0.0784912109375,1,0.7247314453125,0.744384765625,0.015146278843043426,8,3,21,60,81,20260920,761,7.177164599997923
phase,S2,6,0.001,3,8,1024,8192,0.734130859375,0.7244557760338657,0.7435864645674997,0.514404296875,0.16845703125,0.0450439453125,nan,0.0142822265625,nan,0.0411376953125,nan,0.0411376953125,1,0.722900390625,0.7452392578125,0.01720801776045517,8,3,21,60,81,20260920,761,6.986519399972167
phase,S2,6,0.001,4,8,1024,8192,0.74267578125,0.73309699302625,0.7520270811737052,0.495361328125,-0.16650390625,0.0184326171875,nan,0.0413818359375,nan,0.0574951171875,nan,0.0574951171875,1,0.73876953125,0.746337890625,0.005836077194015594,8,3,21,60,81,20260920,761,7.11994240002241
phase,S2,6,0.001,5,8,1024,8192,0.73291015625,0.7232216936910005,0.742380284967709,0.5599365234375,-0.3729248046875,0.02490234375,nan,0.02294921875,nan,0.066650390625,nan,0.066650390625,1,0.7255859375,0.7408447265625,0.011776735262502946,8,3,21,60,81,20260920,761,7.036616600002162
phase,S2,6,0.001,6,8,1024,8192,0.7330322265625,0.7233450977308986,0.7425009071220765,0.633544921875,-0.549560546875,0.0419921875,nan,0.017333984375,nan,0.0400390625,nan,0.0400390625,1,0.7237548828125,0.742431640625,0.01453112905425618,8,3,21,60,81,20260920,761,7.046858299989253
phase,S2,6,0.003,0,8,1024,8192,0.680908203125,0.6707316072796248,0.6909152126219515,0.9345703125,0.9345703125,0.032470703125,0.319091796875,nan,0.1783447265625,nan,0.1783447265625,nan,1,0.676025390625,0.6859130859375,0.007577916452855762,8,3,21,60,81,20260920,761,10.495999999984633
phase,S2,6,0.003,1,8,1024,8192,0.685302734375,0.6751615027723494,0.6952702601227874,0.73779296875,0.615234375,0.0211181640625,nan,0.061279296875,0.25341796875,nan,0.25341796875,nan,1,0.6754150390625,0.6956787109375,0.015692429143217425,8,3,21,60,81,20260920,761,7.087197499989998
phase,S2,6,0.003,2,8,1024,8192,0.685546875,0.6754076385526224,0.6955121767310455,0.6514892578125,0.4163818359375,0.023193359375,nan,0.030029296875,nan,0.0875244140625,nan,0.0875244140625,1,0.6746826171875,0.6981201171875,0.018299615412533998,8,3,21,60,81,20260920,761,7.04928320000181
phase,S2,6,0.003,3,8,1024,8192,0.675048828125,0.6648266826132059,0.6851068799636231,0.614501953125,0.147705078125,0.0457763671875,nan,0.02490234375,nan,0.05810546875,nan,0.05810546875,1,0.66162109375,0.6879913330078125,0.02049618345880406,8,3,21,60,81,20260920,761,7.046808299957775
phase,S2,6,0.003,4,8,1024,8192,0.690185546875,0.6800848327624808,0.7001079779032789,0.5784912109375,-0.1649169921875,0.0238037109375,nan,0.0443115234375,nan,0.0616455078125,nan,0.0616455078125,1,0.68212890625,0.700439453125,0.014435298338959455,8,3,21,60,81,20260920,761,7.007685300020967
phase,S2,6,0.003,5,8,1024,8192,0.67919921875,0.6690091493375434,0.6892213038443149,0.6866455078125,-0.4744873046875,0.0274658203125,nan,0.034912109375,nan,0.082763671875,nan,0.082763671875,1,0.6690673828125,0.688720703125,0.014929410961687217,8,3,21,60,81,20260920,761,7.048056600033306
phase,S2,6,0.003,6,8,1024,8192,0.6796875,0.6695012642988478,0.6897052936600727,0.77490234375,-0.672607421875,0.0511474609375,nan,0.0220947265625,nan,0.0555419921875,nan,0.0555419921875,1,0.6697998046875,0.689208984375,0.014801101796735317,8,3,21,60,81,20260920,761,6.940244099998381
phase,S2,6,0.005,0,8,1024,8192,0.6383056640625,0.6278381659269259,0.6486435121759662,1.10693359375,1.10693359375,0.0408935546875,0.3616943359375,nan,0.213623046875,nan,0.213623046875,nan,1,0.62890625,0.6463623046875,0.013409649448740258,8,3,21,60,81,20260920,761,10.541886400023941
phase,S2,6,0.005,1,8,1024,8192,0.6346435546875,0.6241552892927865,0.6450056029821384,0.8560791015625,0.7149658203125,0.0277099609375,nan,0.070556640625,0.2947998046875,nan,0.2947998046875,nan,1,0.625,0.64306640625,0.013765597723681324,8,3,21,60,81,20260920,761,7.135695300006773
phase,S2,6,0.005,2,8,1024,8192,0.63037109375,0.6198594208461724,0.6407605546294576,0.7711181640625,0.4866943359375,0.03173828125,nan,0.0369873046875,nan,0.105224609375,nan,0.105224609375,1,0.621337890625,0.6402587890625,0.014662381755894243,8,3,21,60,81,20260920,761,7.098567700013518
phase,S2,6,0.005,3,8,1024,8192,0.6221923828125,0.611638345067809,0.6326318753920276,0.7220458984375,0.1829833984375,0.0531005859375,nan,0.0294189453125,nan,0.068603515625,nan,0.068603515625,1,0.6123046875,0.6314697265625,0.014978948989601292,8,3,21,60,81,20260920,761,6.917978300014511
phase,S2,6,0.005,4,8,1024,8192,0.6380615234375,0.6275926205188489,0.648401005195512,0.691650390625,-0.241943359375,0.028076171875,nan,0.0540771484375,nan,0.078125,nan,0.078125,1,0.6298828125,0.6453857421875,0.011868205026603715,8,3,21,60,81,20260920,761,7.043945699988399
phase,S2,6,0.005,5,8,1024,8192,0.6251220703125,0.6145828409156282,0.6355440082065822,0.8018798828125,-0.5477294921875,0.03369140625,nan,0.0380859375,nan,0.0948486328125,nan,0.0948486328125,1,0.6126708984375,0.634521484375,0.017503853976882207,8,3,21,60,81,20260920,761,7.002380499965511
phase,S2,6,0.005,6,8,1024,8192,0.6224365234375,0.6118837041356286,0.6328745687127391,0.910888671875,-0.801513671875,0.0546875,nan,0.026123046875,nan,0.065673828125,nan,0.065673828125,1,0.611083984375,0.6348876953125,0.018762330133633643,8,3,21,60,81,20260920,761,7.097274200001266
phase,S2,6,0.01,0,8,1024,8192,0.5181884765625,0.5073622767532384,0.5289976261923317,1.4830322265625,1.4830322265625,0.0528564453125,0.4818115234375,nan,0.289306640625,nan,0.289306640625,nan,1,0.5086669921875,0.528076171875,0.0151282783567395,8,3,21,60,81,20260920,761,10.312655899964739
phase,S2,6,0.01,1,8,1024,8192,0.51708984375,0.506263319653424,0.5279003475437559,1.1417236328125,0.9554443359375,0.036865234375,nan,0.0931396484375,0.3897705078125,nan,0.3897705078125,nan,1,0.5069580078125,0.5269775390625,0.015581342468459502,8,3,21,60,81,20260920,761,7.025001899979543
phase,S2,6,0.01,2,8,1024,8192,0.5289306640625,0.5181103952287364,0.539723812812204,0.99560546875,0.637939453125,0.042236328125,nan,0.043212890625,nan,0.1356201171875,nan,0.1356201171875,1,0.524169921875,0.533447265625,0.007156039743553285,8,3,21,60,81,20260920,761,7.018910499988124
phase,S2,6,0.01,3,8,1024,8192,0.517333984375,0.5065075278195739,0.5281441917661371,0.9234619140625,0.2330322265625,0.0616455078125,nan,0.039794921875,nan,0.0858154296875,nan,0.0858154296875,1,0.503173828125,0.5322265625,0.022316414406130514,8,3,21,60,81,20260920,761,7.0520061000133865
phase,S2,6,0.01,4,8,1024,8192,0.52783203125,0.5170109257053154,0.5386270465872348,0.911376953125,-0.25927734375,0.04541015625,nan,0.06201171875,nan,0.10009765625,nan,0.10009765625,1,0.5159912109375,0.541015625,0.019593928446014715,8,3,21,60,81,20260920,761,6.97454539994942
phase,S2,6,0.01,5,8,1024,8192,0.5157470703125,0.5049202209280107,0.5265591581322481,1.053955078125,-0.73681640625,0.0394287109375,nan,0.0535888671875,nan,0.120361328125,nan,0.120361328125,1,0.5076904296875,0.5247802734375,0.013116899962216372,8,3,21,60,81,20260920,761,7.05273599998327
phase,S2,6,0.01,6,8,1024,8192,0.5203857421875,0.5095603479900979,0.5311920264522525,1.1925048828125,-1.0648193359375,0.0638427734375,nan,0.0401611328125,nan,0.0919189453125,nan,0.0919189453125,1,0.51123046875,0.529296875,0.013923050481416692,8,3,21,60,81,20260920,761,7.034827499999665
phase,S2,6,0.02,0,8,1024,8192,0.3719482421875,0.36154426827077524,0.3824722539446407,2.033935546875,2.033935546875,0.0687255859375,0.6280517578125,nan,0.4112548828125,nan,0.4112548828125,nan,1,0.36572265625,0.3779296875,0.009474417925748171,8,3,21,60,81,20260920,761,10.50504820002243
phase,S2,6,0.02,1,8,1024,8192,0.376708984375,0.3662760269598849,0.38725751683188836,1.58447265625,1.369873046875,0.056884765625,nan,0.1072998046875,0.5159912109375,nan,0.5159912109375,nan,1,0.3658447265625,0.3873291015625,0.016611817342228132,8,3,21,60,81,20260920,761,7.170881099998951
phase,S2,6,0.02,2,8,1024,8192,0.3836669921875,0.37319361061151374,0.39424942625339704,1.337158203125,0.8671875,0.06201171875,nan,0.0589599609375,nan,0.176025390625,nan,0.176025390625,1,0.3775634765625,0.39013671875,0.009588765407531194,8,3,21,60,81,20260920,761,7.132614400004968
phase,S2,6,0.02,3,8,1024,8192,0.37744140625,0.3670040856881716,0.387993615269195,1.2554931640625,0.3487548828125,0.0831298828125,nan,0.0601806640625,nan,0.1234130859375,nan,0.1234130859375,1,0.36962890625,0.38708801269531246,0.01398711814675701,8,3,21,60,81,20260920,761,7.054325099976268
phase,S2,6,0.02,4,8,1024,8192,0.3819580078125,0.3714943430506918,0.392532327094501,1.22900390625,-0.359375,0.0592041015625,nan,0.080078125,nan,0.14111328125,nan,0.14111328125,1,0.3681640625,0.39575500488281246,0.021244844083630386,8,3,21,60,81,20260920,761,7.221848400018644
phase,S2,6,0.02,5,8,1024,8192,0.3699951171875,0.35960334760052515,0.38050875550664165,1.406494140625,-0.97216796875,0.05810546875,nan,0.078125,nan,0.155029296875,nan,0.155029296875,1,0.3623046875,0.38000793457031246,0.01386421524830674,8,3,21,60,81,20260920,761,7.065446899970993
phase,S2,6,0.02,6,8,1024,8192,0.3653564453125,0.3549943970178616,0.3758447107072135,1.637451171875,-1.459228515625,0.089111328125,nan,0.0604248046875,nan,0.133544921875,nan,0.133544921875,1,0.3583984375,0.37219543457031246,0.010665021900115937,8,3,21,60,81,20260920,761,7.170557300036307
phase,S2,6,0.03,0,8,1024,8192,0.272705078125,0.2631693336294063,0.2824538926481004,2.498291015625,2.498291015625,0.0867919921875,0.727294921875,nan,0.513671875,nan,0.513671875,nan,1,0.26513671875,0.280517578125,0.011946152078840802,8,3,21,60,81,20260920,761,10.433255799987819
phase,S2,6,0.03,1,8,1024,8192,0.2886962890625,0.2789841411914204,0.2986065165348761,1.8902587890625,1.6578369140625,0.074462890625,nan,0.1162109375,0.5950927734375,nan,0.5950927734375,nan,1,0.2838134765625,0.29358215332031246,0.00767061270972301,8,3,21,60,81,20260920,761,7.210297500016168
phase,S2,6,0.03,2,8,1024,8192,0.2989501953125,0.28913280538656105,0.3089560526580434,1.5838623046875,1.0220947265625,0.07763671875,nan,0.077392578125,nan,0.2034912109375,nan,0.2034912109375,1,0.2911376953125,0.3077392578125,0.012896938346768753,8,3,21,60,81,20260920,761,7.186191899992991
phase,S2,6,0.03,3,8,1024,8192,0.290283203125,0.28055437280583506,0.30020862544591387,1.4449462890625,0.3472900390625,0.0904541015625,nan,0.0745849609375,nan,0.15966796875,nan,0.15966796875,1,0.28076171875,0.3009033203125,0.01540326413469136,8,3,21,60,81,20260920,761,7.316987599944696
phase,S2,6,0.03,4,8,1024,8192,0.298095703125,0.2882868544918107,0.30809382019293474,1.4293212890625,-0.4185791015625,0.0738525390625,nan,0.09033203125,nan,0.1640625,nan,0.1640625,1,0.29150390625,0.30419921875,0.009873152437571526,8,3,21,60,81,20260920,761,6.995358599990141
phase,S2,6,0.03,5,8,1024,8192,0.2861328125,0.2764479227317536,0.29601818491496595,1.6500244140625,-1.1339111328125,0.072509765625,nan,0.09228515625,nan,0.182373046875,nan,0.182373046875,1,0.280517578125,0.2913818359375,0.00833558551690271,8,3,21,60,81,20260920,761,7.112356300000101
phase,S2,6,0.03,6,8,1024,8192,0.283447265625,0.27379134499888086,0.29330618637399614,1.9293212890625,-1.7388916015625,0.09521484375,nan,0.075439453125,nan,0.162109375,nan,0.162109375,1,0.280029296875,0.286865234375,0.00531691936388379,8,3,21,60,81,20260920,761,7.080423199979123
phase,S2,6,0.05,0,8,1024,8192,0.1826171875,0.1744002228148338,0.19113167209468146,2.9791259765625,2.9791259765625,0.1038818359375,0.8173828125,nan,0.6361083984375,nan,0.6361083984375,nan,1,0.1705322265625,0.1943359375,0.018232488005250604,8,3,21,60,81,20260920,761,10.592558000003919
phase,S2,6,0.05,1,8,1024,8192,0.2012939453125,0.19275201416033624,0.21011588847181137,2.2607421875,2.016845703125,0.093505859375,nan,0.1219482421875,0.6767578125,nan,0.6767578125,nan,1,0.193115234375,0.2099609375,0.01310650930807573,8,3,21,60,81,20260920,761,7.21013269998366
phase,S2,6,0.05,2,8,1024,8192,0.200927734375,0.1923918832931486,0.20974394075620234,1.9029541015625,1.2545166015625,0.098388671875,nan,0.09765625,nan,0.2265625,nan,0.2265625,1,0.196044921875,0.205810546875,0.0074510045721130486,8,3,21,60,81,20260920,761,7.13399559998652
phase,S2,6,0.05,3,8,1024,8192,0.2071533203125,0.19851562272251816,0.21606553723437688,1.681396484375,0.42236328125,0.10400390625,nan,0.0924072265625,nan,0.195068359375,nan,0.195068359375,1,0.2010498046875,0.213623046875,0.009715797827544144,8,3,21,60,81,20260920,761,7.219873099995311
phase,S2,6,0.05,4,8,1024,8192,0.2088623046875,0.20019720461741194,0.2178003220592011,1.6837158203125,-0.4371337890625,0.0963134765625,nan,0.10205078125,nan,0.197265625,nan,0.197265625,1,0.20068359375,0.2178955078125,0.013424880479999589,8,3,21,60,81,20260920,761,7.034842900000513
phase,S2,6,0.05,5,8,1024,8192,0.2017822265625,0.19323220614604836,0.21061180126316154,1.8978271484375,-1.3060302734375,0.0904541015625,nan,0.10009765625,nan,0.200927734375,nan,0.200927734375,1,0.1947021484375,0.2086181640625,0.0108235240024404,8,3,21,60,81,20260920,761,7.120132200012449
phase,S2,6,0.05,6,8,1024,8192,0.184814453125,0.17655763022512824,0.19336673618116731,2.365234375,-2.146728515625,0.1092529296875,nan,0.1019287109375,nan,0.208984375,nan,0.208984375,1,0.178466796875,0.1910400390625,0.00967803915004995,8,3,21,60,81,20260920,761,7.1592418999644
depth_optimal,S1,2,0.0,0,8,1024,8192,1.0,0.9995312917117791,1.0,0.0,0.0,0.0,0.0,nan,0.0,nan,0.0,nan,0,1.0,1.0,0.0,8,2,8,33,22,20260920,761,1.1353428000002168
depth_optimal,S1,2,0.0,1,8,1024,8192,1.0,0.9995312917117791,1.0,0.0,0.0,0.0,nan,0.0,0.0,nan,nan,0.0,0,1.0,1.0,0.0,8,2,8,33,22,20260920,761,1.1880630999803543
depth_optimal,S1,2,0.0,2,8,1024,8192,1.0,0.9995312917117791,1.0,0.0,0.0,0.0,nan,0.0,nan,0.0,nan,0.0,0,1.0,1.0,0.0,8,2,8,33,22,20260920,761,1.1901170000201091
depth_optimal,S1,2,0.001,0,8,1024,8192,0.990234375,0.987863260348695,0.9921459358218383,0.0146484375,0.0146484375,0.0006103515625,0.009765625,nan,0.0042724609375,nan,0.009765625,nan,0,0.9869384765625,0.9921875,0.004429271168076882,8,2,8,33,22,20260920,761,2.0727894000010565
depth_optimal,S1,2,0.001,1,8,1024,8192,0.990234375,0.987863260348695,0.9921459358218383,0.0133056640625,0.0064697265625,0.0035400390625,nan,0.00341796875,0.00634765625,nan,nan,0.00341796875,0,0.98779296875,0.9925537109375,0.003616484764736529,8,2,8,33,22,20260920,761,2.0289253999944776
depth_optimal,S1,2,0.001,2,8,1024,8192,0.9908447265625,0.9885398636176099,0.9926894635242514,0.0125732421875,-0.0106201171875,0.0009765625,nan,0.00341796875,nan,0.0081787109375,nan,0.00341796875,0,0.988037109375,0.993408203125,0.004238695899112539,8,2,8,33,22,20260920,761,2.018899899965618
depth_optimal,S1,2,0.003,0,8,1024,8192,0.972900390625,0.9691564198588274,0.9762010567259949,0.039306640625,0.039306640625,0.00146484375,0.027099609375,nan,0.0107421875,nan,0.027099609375,nan,0,0.9698486328125,0.9764404296875,0.005239484363340938,8,2,8,33,22,20260920,761,2.0650184000260197
depth_optimal,S1,2,0.003,1,8,1024,8192,0.9703369140625,0.966436854986174,0.9737960715190713,0.039306640625,0.018798828125,0.0096435546875,nan,0.01025390625,0.0194091796875,nan,nan,0.01025390625,0,0.9669189453125,0.97412109375,0.0054482210948294425,8,2,8,33,22,20260920,761,2.0650871000252664
depth_optimal,S1,2,0.003,2,8,1024,8192,0.97412109375,0.970454288114538,0.97734345041294,0.0341796875,-0.02978515625,0.002197265625,nan,0.00830078125,nan,0.023681640625,nan,0.00830078125,0,0.9718017578125,0.9765625,0.0036910593067307346,8,2,8,33,22,20260920,761,2.0213864999823272
depth_optimal,S1,2,0.005,0,8,1024,8192,0.9501953125,0.9452698816867965,0.9546987227646296,0.0777587890625,0.0777587890625,0.006103515625,0.0498046875,nan,0.0218505859375,nan,0.0498046875,nan,0,0.947021484375,0.9534912109375,0.00492448733111685,8,2,8,33,22,20260920,761,2.086153000011109
depth_optimal,S1,2,0.005,1,8,1024,8192,0.95263671875,0.9478209647152894,0.957028163621448,0.0623779296875,0.0299072265625,0.0150146484375,nan,0.0162353515625,0.0311279296875,nan,nan,0.0162353515625,0,0.9473876953125,0.9583740234375,0.008513474499102879,8,2,8,33,22,20260920,761,1.9936414999538101
depth_optimal,S1,2,0.005,2,8,1024,8192,0.9552001953125,0.950503218738653,0.9594704596776614,0.058837890625,-0.05078125,0.0040283203125,nan,0.0140380859375,nan,0.040771484375,nan,0.0140380859375,0,0.9521484375,0.9580078125,0.004533771884232392,8,2,8,33,22,20260920,761,1.9711154999677092
depth_optimal,S1,2,0.01,0,8,1024,8192,0.9058837890625,0.8993691913308706,0.9120179046021533,0.144775390625,0.144775390625,0.009765625,0.0941162109375,nan,0.0408935546875,nan,0.0941162109375,nan,0,0.9008758544921875,0.910400390625,0.007599235871987386,8,2,8,33,22,20260920,761,2.106002999993507
depth_optimal,S1,2,0.01,1,8,1024,8192,0.9105224609375,0.9041475460456438,0.9165125452694716,0.1177978515625,0.0550537109375,0.0283203125,nan,0.0313720703125,0.05810546875,nan,nan,0.0313720703125,0,0.9066162109375,0.914794921875,0.00634899754029495,8,2,8,33,22,20260920,761,2.0217960000154562
depth_optimal,S1,2,0.01,2,8,1024,8192,0.9071044921875,0.900626187335786,0.9132011705398934,0.12255859375,-0.10205078125,0.01025390625,nan,0.0296630859375,nan,0.0826416015625,nan,0.0296630859375,0,0.9040496826171875,0.9100341796875,0.004623042572441265,8,2,8,33,22,20260920,761,1.9892720999778248
depth_optimal,S1,2,0.02,0,8,1024,8192,0.8212890625,0.8128428970644413,0.8294340462425417,0.277587890625,0.277587890625,0.0213623046875,0.1787109375,nan,0.0775146484375,nan,0.1787109375,nan,0,0.817138671875,0.826171875,0.007042092334890604,8,2,8,33,22,20260920,761,2.0486831000307575
depth_optimal,S1,2,0.02,1,8,1024,8192,0.8238525390625,0.8154520032255521,0.8319494901610078,0.2281494140625,0.1068115234375,0.052001953125,nan,0.0606689453125,0.115478515625,nan,nan,0.0606689453125,0,0.813720703125,0.8326416015625,0.014633898104357734,8,2,8,33,22,20260920,761,2.0312473000376485
depth_optimal,S1,2,0.02,2,8,1024,8192,0.831787109375,0.8235319320540669,0.8397312639597553,0.221435546875,-0.182861328125,0.019287109375,nan,0.05322265625,nan,0.14892578125,nan,0.05322265625,0,0.8262939453125,0.836181640625,0.00777316408573361,8,2,8,33,22,20260920,761,1.9966764000128023
depth_optimal,S1,2,0.03,0,8,1024,8192,0.74609375,0.7365547950238431,0.7554020126155481,0.3963623046875,0.3963623046875,0.03173828125,0.25390625,nan,0.1107177734375,nan,0.25390625,nan,0,0.740234375,0.7523193359375,0.009308497387060423,8,2,8,33,22,20260920,761,2.063070999982301
depth_optimal,S1,2,0.03,1,8,1024,8192,0.752685546875,0.7432255864760703,0.7619086356536618,0.3187255859375,0.1468505859375,0.0714111328125,nan,0.0859375,0.161376953125,nan,nan,0.0859375,0,0.745849609375,0.759033203125,0.010212301330181476,8,2,8,33,22,20260920,761,2.044324000016786
depth_optimal,S1,2,0.03,2,8,1024,8192,0.756591796875,0.7471800239984434,0.765763036347787,0.3204345703125,-0.2513427734375,0.0345458984375,nan,0.0770263671875,nan,0.2088623046875,nan,0.0770263671875,0,0.7493896484375,0.764404296875,0.011669235984588138,8,2,8,33,22,20260920,761,2.0246892999857664
depth_optimal,S1,2,0.05,0,8,1024,8192,0.6270751953125,0.6165460654127811,0.6374852028176784,0.6046142578125,0.6046142578125,0.0550537109375,0.3729248046875,nan,0.1766357421875,nan,0.3729248046875,nan,0,0.615478515625,0.6378173828125,0.01726088278114468,8,2,8,33,22,20260920,761,2.0901264999993145
depth_optimal,S1,2,0.05,1,8,1024,8192,0.6402587890625,0.6298026339371573,0.6505834632739839,0.46044921875,0.2080078125,0.1007080078125,nan,0.126220703125,0.2335205078125,nan,nan,0.126220703125,0,0.6282958984375,0.650634765625,0.017217416859557605,8,2,8,33,22,20260920,761,2.0550885000266135
depth_optimal,S1,2,0.05,2,8,1024,8192,0.6343994140625,0.6239097873328773,0.6447630525535165,0.480224609375,-0.3681640625,0.0560302734375,nan,0.1146240234375,nan,0.3095703125,nan,0.1146240234375,0,0.624755859375,0.644775390625,0.015342890440388945,8,2,8,33,22,20260920,761,2.0123329000198282
depth_optimal,S1,4,0.0,0,8,1024,8192,1.0,0.9995312917117791,1.0,0.0,0.0,0.0,0.0,nan,0.0,nan,0.0,nan,1,1.0,1.0,0.0,8,3,16,49,57,20260920,761,4.7200394999817945
depth_optimal,S1,4,0.0,1,8,1024,8192,1.0,0.9995312917117791,1.0,0.0,0.0,0.0,nan,0.0,0.0,nan,0.0,nan,1,1.0,1.0,0.0,8,3,16,49,57,20260920,761,4.750529600016307
depth_optimal,S1,4,0.0,2,8,1024,8192,1.0,0.9995312917117791,1.0,0.0,0.0,0.0,nan,0.0,nan,0.0,nan,0.0,1,1.0,1.0,0.0,8,3,16,49,57,20260920,761,4.748032699979376
depth_optimal,S1,4,0.0,3,8,1024,8192,1.0,0.9995312917117791,1.0,0.0,0.0,0.0,nan,0.0,nan,0.0,nan,0.0,1,1.0,1.0,0.0,8,3,16,49,57,20260920,761,4.645244800020009
depth_optimal,S1,4,0.0,4,8,1024,8192,1.0,0.9995312917117791,1.0,0.0,0.0,0.0,nan,0.0,nan,0.0,nan,0.0,1,1.0,1.0,0.0,8,3,16,49,57,20260920,761,4.699471100000665
depth_optimal,S1,4,0.001,0,8,1024,8192,0.9697265625,0.9657904427982192,0.9732223527356981,0.0860595703125,0.0860595703125,0.0057373046875,0.0302734375,nan,0.017578125,nan,0.017578125,nan,1,0.9658203125,0.9744873046875,0.006684792718030658,8,3,16,49,57,20260920,761,5.490387299971189
depth_optimal,S1,4,0.001,1,8,1024,8192,0.972412109375,0.9686378037848301,0.9757435680229299,0.06689453125,0.057861328125,0.009033203125,nan,0.0045166015625,0.0230712890625,nan,0.0230712890625,nan,1,0.9696044921875,0.9757080078125,0.004748429806115376,8,3,16,49,57,20260920,761,5.245125200017355
depth_optimal,S1,4,0.001,2,8,1024,8192,0.970458984375,0.9665661862956698,0.9739107664038411,0.057861328125,0.030517578125,0.0069580078125,nan,0.0030517578125,nan,0.0106201171875,nan,0.0106201171875,1,0.9669189453125,0.974365234375,0.005712204963050569,8,3,16,49,57,20260920,761,5.31115140003385
depth_optimal,S1,4,0.001,3,8,1024,8192,0.97265625,0.9688970748677599,0.9759723493285313,0.0535888671875,0.0164794921875,0.0087890625,nan,0.000244140625,nan,0.0042724609375,nan,0.0042724609375,1,0.9693603515625,0.975830078125,0.005006796441106685,8,3,16,49,57,20260920,761,5.3490402000024915
depth_optimal,S1,4,0.001,4,8,1024,8192,0.968505859375,0.9644988028886822,0.9720737307025796,0.06201171875,-0.04248046875,0.0057373046875,nan,0.0068359375,nan,0.0072021484375,nan,0.0072021484375,1,0.96435546875,0.9725341796875,0.006323464374457524,8,3,16,49,57,20260920,761,5.237872299971059
depth_optimal,S1,4,0.003,0,8,1024,8192,0.9173583984375,0.911198555398597,0.9231270027953905,0.229248046875,0.229248046875,0.0147705078125,0.0826416015625,nan,0.0458984375,nan,0.0458984375,nan,1,0.91015625,0.9248046875,0.011399787520338212,8,3,16,49,57,20260920,761,5.444312100007664
depth_optimal,S1,4,0.003,1,8,1024,8192,0.9229736328125,0.9169994552073018,0.928551307922902,0.1851806640625,0.1619873046875,0.025390625,nan,0.0115966796875,0.0654296875,nan,0.0654296875,nan,1,0.91845703125,0.927001953125,0.0065704484410038615,8,3,16,49,57,20260920,761,5.264163800049573
depth_optimal,S1,4,0.003,2,8,1024,8192,0.9185791015625,0.9124588992825265,0.9243069208541167,0.1688232421875,0.0860595703125,0.0225830078125,nan,0.0108642578125,nan,0.030517578125,nan,0.030517578125,1,0.9133270263671875,0.9228515625,0.007652830911920641,8,3,16,49,57,20260920,761,5.293568800028879
depth_optimal,S1,4,0.003,3,8,1024,8192,0.92333984375,0.9173780774718597,0.9289047642411407,0.151123046875,0.051025390625,0.0272216796875,nan,0.0010986328125,nan,0.0120849609375,nan,0.0120849609375,1,0.9197998046875,0.9267578125,0.005449783756870706,8,3,16,49,57,20260920,761,5.2604175000451505
depth_optimal,S1,4,0.003,4,8,1024,8192,0.9200439453125,0.9139718320761806,0.9257223023916493,0.1650390625,-0.11572265625,0.01416015625,nan,0.0191650390625,nan,0.02001953125,nan,0.02001953125,1,0.9154052734375,0.92431640625,0.0069728301455156275,8,3,16,49,57,20260920,761,5.2841137000359595
depth_optimal,S1,4,0.005,0,8,1024,8192,0.868896484375,0.8614144769478245,0.8760326821227313,0.3580322265625,0.3580322265625,0.021728515625,0.131103515625,nan,0.073486328125,nan,0.073486328125,nan,1,0.861083984375,0.875732421875,0.011397546482174883,8,3,16,49,57,20260920,761,5.378896499983966
depth_optimal,S1,4,0.005,1,8,1024,8192,0.8759765625,0.8686622522762455,0.8829384260617132,0.296630859375,0.2568359375,0.0416259765625,nan,0.0198974609375,0.1041259765625,nan,0.1041259765625,nan,1,0.870849609375,0.8814697265625,0.00833558551690271,8,3,16,49,57,20260920,761,5.294946300040465
depth_optimal,S1,4,0.005,2,8,1024,8192,0.8741455078125,0.8667871238208855,0.8811531616030897,0.257568359375,0.1337890625,0.0330810546875,nan,0.016357421875,nan,0.0455322265625,nan,0.0455322265625,1,0.8663330078125,0.8829345703125,0.012673159543772692,8,3,16,49,57,20260920,761,5.350097099959385
depth_optimal,S1,4,0.005,3,8,1024,8192,0.8719482421875,0.8645376244412222,0.8790101894859728,0.2578125,0.08544921875,0.046142578125,nan,0.001953125,nan,0.021728515625,nan,0.021728515625,1,0.8655975341796875,0.87841796875,0.009827337097842939,8,3,16,49,57,20260920,761,5.357158200000413
depth_optimal,S1,4,0.005,4,8,1024,8192,0.8768310546875,0.8695374848285736,0.8837713768692442,0.2486572265625,-0.1800537109375,0.0189208984375,nan,0.027587890625,nan,0.0301513671875,nan,0.0301513671875,1,0.8685302734375,0.885009765625,0.012896938346768753,8,3,16,49,57,20260920,761,5.235623800021131
depth_optimal,S1,4,0.01,0,8,1024,8192,0.7672119140625,0.7579364809918094,0.7762368582555257,0.6505126953125,0.6505126953125,0.0428466796875,0.2327880859375,nan,0.1396484375,nan,0.1396484375,nan,1,0.7597625732421875,0.7758819580078125,0.012527191015720559,8,3,16,49,57,20260920,761,5.415177499991842
depth_optimal,S1,4,0.01,1,8,1024,8192,0.767333984375,0.7580601646936115,0.7763572007479892,0.581298828125,0.510498046875,0.0809326171875,nan,0.035400390625,0.197265625,nan,0.197265625,nan,1,0.75927734375,0.7755126953125,0.012305683951999852,8,3,16,49,57,20260920,761,5.2777392999851145
depth_optimal,S1,4,0.01,2,8,1024,8192,0.7608642578125,0.7515063864080499,0.7699775907374754,0.494140625,0.26171875,0.064697265625,nan,0.0294189453125,nan,0.0867919921875,nan,0.0867919921875,1,0.7567138671875,0.764404296875,0.0060298286304826506,8,3,16,49,57,20260920,761,5.304577500035521
depth_optimal,S1,4,0.01,3,8,1024,8192,0.768310546875,0.7590496728175875,0.7773199021781376,0.464111328125,0.142578125,0.082275390625,nan,0.006591796875,nan,0.040283203125,nan,0.040283203125,1,0.757568359375,0.7774658203125,0.015144592206319163,8,3,16,49,57,20260920,761,5.363208100025076
depth_optimal,S1,4,0.01,4,8,1024,8192,0.766357421875,0.7570707249436768,0.7753944309437992,0.46728515625,-0.31005859375,0.042724609375,nan,0.048095703125,nan,0.0537109375,nan,0.0537109375,1,0.7579345703125,0.775390625,0.013599437407068848,8,3,16,49,57,20260920,761,5.281622499984223
depth_optimal,S1,4,0.02,0,8,1024,8192,0.595947265625,0.5852785368540847,0.6065260518386542,1.161865234375,1.161865234375,0.08349609375,0.404052734375,nan,0.2520751953125,nan,0.2520751953125,nan,1,0.5863037109375,0.6055908203125,0.014789591489529937,8,3,16,49,57,20260920,761,5.328523800009862
depth_optimal,S1,4,0.02,1,8,1024,8192,0.59619140625,0.5855235973967877,0.6067690436844823,1.0303955078125,0.9078369140625,0.1409912109375,nan,0.061279296875,0.342529296875,nan,0.342529296875,nan,1,0.5833740234375,0.611083984375,0.02157297073669387,8,3,16,49,57,20260920,761,5.352576799981762
depth_optimal,S1,4,0.02,2,8,1024,8192,0.6031494140625,0.5925089735031633,0.6136931606512442,0.8302001953125,0.4476318359375,0.1099853515625,nan,0.05029296875,nan,0.1409912109375,nan,0.1409912109375,1,0.5946044921875,0.6119415283203125,0.013368948531340661,8,3,16,49,57,20260920,761,5.3101730000344105
depth_optimal,S1,4,0.02,3,8,1024,8192,0.58837890625,0.5776830097076018,0.5989919549406717,0.830078125,0.23583984375,0.14697265625,nan,0.0184326171875,nan,0.0758056640625,nan,0.0758056640625,1,0.5810546875,0.5950927734375,0.010912059858831568,8,3,16,49,57,20260920,761,5.253691100049764
depth_optimal,S1,4,0.02,4,8,1024,8192,0.6041259765625,0.5934895556896577,0.6146647880188744,0.8087158203125,-0.4881591796875,0.083740234375,nan,0.0760498046875,nan,0.095458984375,nan,0.095458984375,1,0.5953369140625,0.61279296875,0.013368948531340661,8,3,16,49,57,20260920,761,5.317869500024244
depth_optimal,S1,4,0.03,0,8,1024,8192,0.4808349609375,0.4700270589494912,0.4916608285508141,1.5751953125,1.5751953125,0.125244140625,0.5191650390625,nan,0.34130859375,nan,0.34130859375,nan,1,0.4703369140625,0.490966796875,0.015918161322509554,8,3,16,49,57,20260920,761,5.374195999989752
depth_optimal,S1,4,0.03,1,8,1024,8192,0.476806640625,0.46600432251085694,0.4876307005786846,1.3564453125,1.194580078125,0.180419921875,nan,0.0809326171875,0.4422607421875,nan,0.4422607421875,nan,1,0.4671630859375,0.4869384765625,0.015570408958960408,8,3,16,49,57,20260920,761,5.2255210999865085
depth_optimal,S1,4,0.03,2,8,1024,8192,0.4783935546875,0.4675889527979744,0.48921841081701956,1.1136474609375,0.6053466796875,0.1534423828125,nan,0.0670166015625,nan,0.1871337890625,nan,0.1871337890625,1,0.4683837890625,0.490966796875,0.017957202684016887,8,3,16,49,57,20260920,761,5.211456199991517
depth_optimal,S1,4,0.03,3,8,1024,8192,0.4744873046875,0.4636885210993844,0.4853100042991112,1.0933837890625,0.3026123046875,0.1920166015625,nan,0.0328369140625,nan,0.1080322265625,nan,0.1080322265625,1,0.46826171875,0.4798583984375,0.00897219762621131,8,3,16,49,57,20260920,761,5.210037200013176
depth_optimal,S1,4,0.03,4,8,1024,8192,0.4659423828125,0.4551586393227444,0.47675805247716124,1.106201171875,-0.60302734375,0.1270751953125,nan,0.096435546875,nan,0.1278076171875,nan,0.1278076171875,1,0.4576416015625,0.4736328125,0.012445357645462798,8,3,16,49,57,20260920,761,5.304731699987315
depth_optimal,S1,4,0.05,0,8,1024,8192,0.3153076171875,0.3053345454776996,0.32545382259849137,2.1937255859375,2.1937255859375,0.192626953125,0.6846923828125,nan,0.4810791015625,nan,0.4810791015625,nan,1,0.3094482421875,0.32177734375,0.009488786719483918,8,3,16,49,57,20260920,761,5.349678799975663
depth_optimal,S1,4,0.05,1,8,1024,8192,0.3172607421875,0.3072700582420431,0.327422728942397,1.8646240234375,1.6629638671875,0.25,nan,0.100830078125,0.5819091796875,nan,0.5819091796875,nan,1,0.3043212890625,0.32983703613281246,0.01957610293466877,8,3,16,49,57,20260920,761,5.403661699965596
depth_optimal,S1,4,0.05,2,8,1024,8192,0.3411865234375,0.3309964107820865,0.3515255104784055,1.463623046875,0.81982421875,0.20849609375,nan,0.0946044921875,nan,0.227294921875,nan,0.227294921875,1,0.3330078125,0.3492431640625,0.012538061776864316,8,3,16,49,57,20260920,761,5.276802200009115
depth_optimal,S1,4,0.05,3,8,1024,8192,0.329833984375,0.3197347792608959,0.3400927059328981,1.3951416015625,0.2991943359375,0.23876953125,nan,0.0562744140625,nan,0.1597900390625,nan,0.1597900390625,1,0.3197021484375,0.3409423828125,0.016380570224516035,8,3,16,49,57,20260920,761,5.379288400057703
depth_optimal,S1,4,0.05,4,8,1024,8192,0.306884765625,0.29699001642595757,0.316960544245909,1.4730224609375,-0.6702880859375,0.1959228515625,nan,0.1080322265625,nan,0.16796875,nan,0.16796875,1,0.3010223388671875,0.3123779296875,0.008854696647960309,8,3,16,49,57,20260920,761,5.261728899960872
depth_optimal,S1,6,0.0,0,8,1024,8192,1.0,0.9995312917117791,1.0,0.0,0.0,0.0,0.0,nan,0.0,nan,0.0,nan,1,1.0,1.0,0.0,8,3,24,50,87,20260920,761,9.906414500030223
depth_optimal,S1,6,0.0,1,8,1024,8192,1.0,0.9995312917117791,1.0,0.0,0.0,0.0,nan,0.0,0.0,nan,0.0,nan,1,1.0,1.0,0.0,8,3,24,50,87,20260920,761,9.82858120003948
depth_optimal,S1,6,0.0,2,8,1024,8192,1.0,0.9995312917117791,1.0,0.0,0.0,0.0,nan,0.0,nan,0.0,nan,0.0,1,1.0,1.0,0.0,8,3,24,50,87,20260920,761,9.994341899990104
depth_optimal,S1,6,0.0,3,8,1024,8192,1.0,0.9995312917117791,1.0,0.0,0.0,0.0,nan,0.0,nan,0.0,nan,0.0,1,1.0,1.0,0.0,8,3,24,50,87,20260920,761,9.994142000039574
depth_optimal,S1,6,0.0,4,8,1024,8192,1.0,0.9995312917117791,1.0,0.0,0.0,0.0,nan,0.0,nan,0.0,nan,0.0,1,1.0,1.0,0.0,8,3,24,50,87,20260920,761,9.964742599986494
depth_optimal,S1,6,0.0,5,8,1024,8192,1.0,0.9995312917117791,1.0,0.0,0.0,0.0,nan,0.0,nan,0.0,nan,0.0,1,1.0,1.0,0.0,8,3,24,50,87,20260920,761,10.03979100001743
depth_optimal,S1,6,0.0,6,8,1024,8192,1.0,0.9995312917117791,1.0,0.0,0.0,0.0,nan,0.0,nan,0.0,nan,0.0,1,1.0,1.0,0.0,8,3,24,50,87,20260920,761,10.007863899983931
depth_optimal,S1,6,0.001,0,8,1024,8192,0.9583740234375,0.9538296928229113,0.962488666644308,0.1168212890625,0.1168212890625,0.0029296875,0.0416259765625,nan,0.0228271484375,nan,0.0228271484375,nan,1,0.9544677734375,0.9622802734375,0.006063625225651927,8,3,24,50,87,20260920,761,10.893393100006506
depth_optimal,S1,6,0.001,1,8,1024,8192,0.9598388671875,0.9553672445898937,0.9638794292085124,0.0999755859375,0.0931396484375,0.003662109375,nan,0.00341796875,0.0367431640625,nan,0.0367431640625,nan,1,0.9561767578125,0.9630126953125,0.005283181205806788,8,3,24,50,87,20260920,761,11.006665599998087
depth_optimal,S1,6,0.001,2,8,1024,8192,0.9608154296875,0.9563931232537253,0.9648057600988054,0.075439453125,0.044677734375,0.00048828125,nan,0.0045166015625,nan,0.0108642578125,nan,0.0108642578125,1,0.956298828125,0.9652099609375,0.0069336428726881625,8,3,24,50,87,20260920,761,10.675554499961436
depth_optimal,S1,6,0.001,3,8,1024,8192,0.9581298828125,0.9535735773314841,0.9622567297472041,0.081298828125,0.037109375,0.0091552734375,nan,0.000244140625,nan,0.005615234375,nan,0.005615234375,1,0.9537353515625,0.96337890625,0.007590266573055379,8,3,24,50,87,20260920,761,10.819657400017604
depth_optimal,S1,6,0.001,4,8,1024,8192,0.9613037109375,0.9569063248448463,0.9652686632847468,0.0753173828125,-0.0413818359375,0.00048828125,nan,0.0081787109375,nan,0.0087890625,nan,0.0087890625,1,0.9581298828125,0.9647216796875,0.005112816660964444,8,3,24,50,87,20260920,761,10.704068600025494
depth_optimal,S1,6,0.001,5,8,1024,8192,0.9599609375,0.9554954417939936,0.9639952581986782,0.079833984375,-0.05419921875,0.0035400390625,nan,0.00048828125,nan,0.009521484375,nan,0.009521484375,1,0.9571533203125,0.9627685546875,0.004304477851713591,8,3,24,50,87,20260920,761,10.793967999983579
depth_optimal,S1,6,0.001,6,8,1024,8192,0.95703125,0.9524215476818153,0.9612125236484826,0.1019287109375,-0.0972900390625,0.0023193359375,nan,0.00341796875,nan,0.00390625,nan,0.00390625,1,0.9532470703125,0.9608154296875,0.005951654299023868,8,3,24,50,87,20260920,761,10.70618060004199
depth_optimal,S1,6,0.003,0,8,1024,8192,0.888427734375,0.8814270728140147,0.8950642773390324,0.319580078125,0.319580078125,0.008544921875,0.111572265625,nan,0.0660400390625,nan,0.0660400390625,nan,1,0.879638671875,0.8961181640625,0.01293188320938752,8,3,24,50,87,20260920,761,10.869213800004218
depth_optimal,S1,6,0.003,1,8,1024,8192,0.8863525390625,0.8792978374855236,0.8930450673650088,0.285400390625,0.26171875,0.011474609375,nan,0.0118408203125,0.101806640625,nan,0.101806640625,nan,1,0.880615234375,0.8929443359375,0.009666594700788135,8,3,24,50,87,20260920,761,10.849478300020564
depth_optimal,S1,6,0.003,2,8,1024,8192,0.8887939453125,0.8818028971232119,0.8954205316126318,0.2264404296875,0.1363525390625,0.001953125,nan,0.0130615234375,nan,0.031982421875,nan,0.031982421875,1,0.88330078125,0.8935546875,0.007732526990510309,8,3,24,50,87,20260920,761,10.892077900003642
depth_optimal,S1,6,0.003,3,8,1024,8192,0.881103515625,0.8739153358111685,0.8879344426859442,0.231201171875,0.100830078125,0.025146484375,nan,0.001708984375,nan,0.016357421875,nan,0.016357421875,1,0.8741455078125,0.8875732421875,0.010423567166583783,8,3,24,50,87,20260920,761,10.823373300023377
depth_optimal,S1,6,0.003,4,8,1024,8192,0.8851318359375,0.878045687300104,0.8918569556077726,0.2236328125,-0.122314453125,0.001953125,nan,0.0224609375,nan,0.0262451171875,nan,0.0262451171875,1,0.8785400390625,0.891357421875,0.009861934413436862,8,3,24,50,87,20260920,761,10.596339100040495
depth_optimal,S1,6,0.003,5,8,1024,8192,0.8834228515625,0.8762930936007014,0.8901931825874574,0.2386474609375,-0.1656494140625,0.0108642578125,nan,0.0020751953125,nan,0.0286865234375,nan,0.0286865234375,1,0.8779296875,0.8878173828125,0.00768835338149075,8,3,24,50,87,20260920,761,10.81764150003437
depth_optimal,S1,6,0.003,6,8,1024,8192,0.8858642578125,0.8787969473813303,0.8925698526921398,0.265625,-0.249755859375,0.0079345703125,nan,0.009033203125,nan,0.0108642578125,nan,0.0108642578125,1,0.8807373046875,0.8914794921875,0.00837532996074669,8,3,24,50,87,20260920,761,10.530431199993473
depth_optimal,S1,6,0.005,0,8,1024,8192,0.8150634765625,0.8065091067390778,0.8233225006603612,0.5159912109375,0.5159912109375,0.0098876953125,0.1849365234375,nan,0.1090087890625,nan,0.1090087890625,nan,1,0.8067596435546875,0.8226318359375,0.012329878506062443,8,3,24,50,87,20260920,761,11.09356830001343
depth_optimal,S1,6,0.005,1,8,1024,8192,0.8116455078125,0.803033263702024,0.819965610257979,0.454833984375,0.40771484375,0.0184326171875,nan,0.0235595703125,0.164794921875,nan,0.164794921875,nan,1,0.802734375,0.819580078125,0.013043991566463823,8,3,24,50,87,20260920,761,10.772390600002836
depth_optimal,S1,6,0.005,2,8,1024,8192,0.8143310546875,0.8057641931375669,0.8226032570962786,0.38720703125,0.23388671875,0.00439453125,nan,0.0211181640625,nan,0.0555419921875,nan,0.0555419921875,1,0.80810546875,0.820068359375,0.009445614764508774,8,3,24,50,87,20260920,761,10.780353099980857
depth_optimal,S1,6,0.005,3,8,1024,8192,0.80908203125,0.8004270762392701,0.8174472476411557,0.37646484375,0.182373046875,0.0400390625,nan,0.003662109375,nan,0.0238037109375,nan,0.0238037109375,1,0.803466796875,0.81591796875,0.0097236822506845,8,3,24,50,87,20260920,761,10.759235800011083
depth_optimal,S1,6,0.005,4,8,1024,8192,0.8165283203125,0.8079990828707245,0.8247608388599011,0.37255859375,-0.21142578125,0.0035400390625,nan,0.041259765625,nan,0.0469970703125,nan,0.0469970703125,1,0.80712890625,0.8223876953125,0.01264086775872482,8,3,24,50,87,20260920,761,10.834311900020111
depth_optimal,S1,6,0.005,5,8,1024,8192,0.8172607421875,0.8087441458603766,0.8254799330358427,0.37646484375,-0.252685546875,0.01806640625,nan,0.0048828125,nan,0.0435791015625,nan,0.0435791015625,1,0.809326171875,0.8270263671875,0.01374578931665942,8,3,24,50,87,20260920,761,10.778504399990197
depth_optimal,S1,6,0.005,6,8,1024,8192,0.810546875,0.8019162539620427,0.81888638424957,0.459228515625,-0.43408203125,0.0125732421875,nan,0.01611328125,nan,0.0216064453125,nan,0.0216064453125,1,0.8046875,0.817138671875,0.009525507820932791,8,3,24,50,87,20260920,761,10.631228999991436
depth_optimal,S1,6,0.01,0,8,1024,8192,0.6717529296875,0.6615059585362342,0.6818388967954243,0.9251708984375,0.9251708984375,0.0228271484375,0.3282470703125,nan,0.1976318359375,nan,0.1976318359375,nan,1,0.6612548828125,0.68212890625,0.01615181151551216,8,3,24,50,87,20260920,761,10.994420500006527
depth_optimal,S1,6,0.01,1,8,1024,8192,0.6771240234375,0.6669178020344856,0.687164205844858,0.8106689453125,0.7325439453125,0.03271484375,nan,0.0390625,0.2838134765625,nan,0.2838134765625,nan,1,0.66455078125,0.688720703125,0.01871143189097629,8,3,24,50,87,20260920,761,10.816192600002978
depth_optimal,S1,6,0.01,2,8,1024,8192,0.6707763671875,0.6605221494779538,0.68087049629958,0.6787109375,0.39794921875,0.0135498046875,nan,0.0406494140625,nan,0.0997314453125,nan,0.0997314453125,1,0.65771484375,0.6826171875,0.019457432351540477,8,3,24,50,87,20260920,761,10.824036600010004
depth_optimal,S1,6,0.01,3,8,1024,8192,0.67529296875,0.6650726848722406,0.6853489300931195,0.6583251953125,0.2872314453125,0.0660400390625,nan,0.013671875,nan,0.0496826171875,nan,0.0496826171875,1,0.663818359375,0.68603515625,0.016954783596450158,8,3,24,50,87,20260920,761,10.89812869997695
depth_optimal,S1,6,0.01,4,8,1024,8192,0.6759033203125,0.6656877042619719,0.685954041674716,0.6505126953125,-0.3216552734375,0.01220703125,nan,0.0648193359375,nan,0.0777587890625,nan,0.0777587890625,1,0.6676025390625,0.6829833984375,0.0119539900608279,8,3,24,50,87,20260920,761,10.774028900021221
depth_optimal,S1,6,0.01,5,8,1024,8192,0.6773681640625,0.6671638310436685,0.6874062292242062,0.6766357421875,-0.4674072265625,0.0306396484375,nan,0.015380859375,nan,0.0765380859375,nan,0.0765380859375,1,0.6689453125,0.6868896484375,0.013898566068763617,8,3,24,50,87,20260920,761,11.037557800009381
depth_optimal,S1,6,0.01,6,8,1024,8192,0.6744384765625,0.6642116906917032,0.6845017409137978,0.7880859375,-0.740234375,0.02392578125,nan,0.0281982421875,nan,0.0435791015625,nan,0.0435791015625,1,0.666259765625,0.6832275390625,0.013028315256463717,8,3,24,50,87,20260920,761,10.841318299993873
depth_optimal,S1,6,0.02,0,8,1024,8192,0.468505859375,0.45771727020197384,0.47932397167750884,1.59619140625,1.59619140625,0.040771484375,0.531494140625,nan,0.352294921875,nan,0.352294921875,nan,1,0.46240234375,0.4754638671875,0.01010501219442598,8,3,24,50,87,20260920,761,11.034068799985107
depth_optimal,S1,6,0.02,1,8,1024,8192,0.46875,0.45796096425935456,0.4795683300086592,1.3974609375,1.273681640625,0.05810546875,nan,0.0618896484375,0.4693603515625,nan,0.4693603515625,nan,1,0.4573944091796875,0.482177734375,0.019384212149686726,8,3,24,50,87,20260920,761,10.853084100002889
depth_optimal,S1,6,0.02,2,8,1024,8192,0.475341796875,0.4645416839094711,0.4861650248488835,1.1463623046875,0.7384033203125,0.0367431640625,nan,0.0589599609375,nan,0.14501953125,nan,0.14501953125,1,0.4635009765625,0.4864501953125,0.017745897644135943,8,3,24,50,87,20260920,761,10.85621669999091
depth_optimal,S1,6,0.02,3,8,1024,8192,0.4739990234375,0.46320101373663725,0.48482140688479614,1.07470703125,0.395263671875,0.092529296875,nan,0.030029296875,nan,0.0999755859375,nan,0.0999755859375,1,0.4639892578125,0.4833984375,0.01491971190701493,8,3,24,50,87,20260920,761,10.75338249997003
depth_optimal,S1,6,0.02,4,8,1024,8192,0.4808349609375,0.4700270589494912,0.4916608285508141,1.06005859375,-0.4638671875,0.0333251953125,nan,0.0933837890625,nan,0.1243896484375,nan,0.1243896484375,1,0.4727783203125,0.4891357421875,0.012796189829291049,8,3,24,50,87,20260920,761,10.847841300012078
depth_optimal,S1,6,0.02,5,8,1024,8192,0.4637451171875,0.45296575507703246,0.47455846522609296,1.1842041015625,-0.8192138671875,0.0556640625,nan,0.038818359375,nan,0.1334228515625,nan,0.1334228515625,1,0.4573974609375,0.4697265625,0.009488786719483918,8,3,24,50,87,20260920,761,10.845375100034289
depth_optimal,S1,6,0.02,6,8,1024,8192,0.4730224609375,0.46222603009426716,0.48384418097304166,1.3485107421875,-1.2579345703125,0.0452880859375,nan,0.0498046875,nan,0.0860595703125,nan,0.0860595703125,1,0.4588623046875,0.485107421875,0.020142077155505166,8,3,24,50,87,20260920,761,10.764670100004878
depth_optimal,S1,6,0.03,0,8,1024,8192,0.3359375,0.32578859690772044,0.346240197999352,2.110107421875,2.110107421875,0.0567626953125,0.6640625,nan,0.465087890625,nan,0.465087890625,nan,1,0.32763671875,0.3431396484375,0.011960399134683487,8,3,24,50,87,20260920,761,10.999262199969962
depth_optimal,S1,6,0.03,1,8,1024,8192,0.346435546875,0.3362056232764439,0.35680942433746776,1.751708984375,1.5888671875,0.0665283203125,nan,0.0814208984375,0.5721435546875,nan,0.5721435546875,nan,1,0.333740234375,0.3583984375,0.018855136203099785,8,3,24,50,87,20260920,761,11.079284000035841
depth_optimal,S1,6,0.03,2,8,1024,8192,0.36279296875,0.35244779210728977,0.3732667655382083,1.4376220703125,0.9532470703125,0.0548095703125,nan,0.0689697265625,nan,0.1732177734375,nan,0.1732177734375,1,0.35400390625,0.37158203125,0.013359391316823786,8,3,24,50,87,20260920,761,10.811823199968785
depth_optimal,S1,6,0.03,3,8,1024,8192,0.35498046875,0.34468868937869723,0.36540819183380435,1.357177734375,0.44140625,0.107666015625,nan,0.05126953125,nan,0.1405029296875,nan,0.1405029296875,1,0.3438690185546875,0.365966796875,0.017233729427100736,8,3,24,50,87,20260920,761,10.829745199996978
depth_optimal,S1,6,0.03,4,8,1024,8192,0.359375,0.34905281665815674,0.36982900754790543,1.33447265625,-0.52099609375,0.0517578125,nan,0.1041259765625,nan,0.1572265625,nan,0.1572265625,1,0.3485107421875,0.36914367675781246,0.015969964309435473,8,3,24,50,87,20260920,761,10.848589700006414
depth_optimal,S1,6,0.03,5,8,1024,8192,0.340087890625,0.3299062869745678,0.3504193985375341,1.49365234375,-1.047607421875,0.069091796875,nan,0.0557861328125,nan,0.159423828125,nan,0.159423828125,1,0.331298828125,0.3505859375,0.014972694612176454,8,3,24,50,87,20260920,761,10.88643359998241
depth_optimal,S1,6,0.03,6,8,1024,8192,0.3463134765625,0.3360844630299626,0.3566865583896835,1.746337890625,-1.62060546875,0.0628662109375,nan,0.064453125,nan,0.1246337890625,nan,0.1246337890625,1,0.335205078125,0.3575439453125,0.017398461022930967,8,3,24,50,87,20260920,761,10.988350300001912
depth_optimal,S1,6,0.05,0,8,1024,8192,0.2012939453125,0.19275201416033624,0.21011588847181137,2.7769775390625,2.7769775390625,0.0841064453125,0.7987060546875,nan,0.6143798828125,nan,0.6143798828125,nan,1,0.1942138671875,0.208740234375,0.011152100645101772,8,3,24,50,87,20260920,761,11.356793600018136
depth_optimal,S1,6,0.05,1,8,1024,8192,0.2156982421875,0.20692586290931242,0.22473713064617262,2.2120361328125,2.0072021484375,0.08740234375,nan,0.1024169921875,0.681884765625,nan,0.681884765625,nan,1,0.2091064453125,0.2216796875,0.009546045616501036,8,3,24,50,87,20260920,761,11.046176599978935
depth_optimal,S1,6,0.05,2,8,1024,8192,0.222900390625,0.21401891263658304,0.23204162638057066,1.83740234375,1.2255859375,0.080322265625,nan,0.0928955078125,nan,0.2130126953125,nan,0.2130126953125,1,0.2169189453125,0.22900390625,0.009260808219725398,8,3,24,50,87,20260920,761,11.006935000012163
depth_optimal,S1,6,0.05,3,8,1024,8192,0.229736328125,0.2207549012926482,0.2389711046033775,1.6766357421875,0.4910888671875,0.1182861328125,nan,0.082763671875,nan,0.1922607421875,nan,0.1922607421875,1,0.2187469482421875,0.2415771484375,0.018065463597511815,8,3,24,50,87,20260920,761,11.082402599975467
depth_optimal,S1,6,0.05,4,8,1024,8192,0.22119140625,0.21233545883374316,0.23030871346369253,1.679931640625,-0.58154296875,0.0797119140625,nan,0.1177978515625,nan,0.204833984375,nan,0.204833984375,1,0.210693359375,0.2322998046875,0.016630260122975003,8,3,24,50,87,20260920,761,11.072326199966483
depth_optimal,S1,6,0.05,5,8,1024,8192,0.21826171875,0.2094500530279051,0.2273374906071569,1.8759765625,-1.3232421875,0.08935546875,nan,0.0889892578125,nan,0.2017822265625,nan,0.2017822265625,1,0.2080078125,0.228759765625,0.0162322700108223,8,3,24,50,87,20260920,761,10.927051900012884
depth_optimal,S1,6,0.05,6,8,1024,8192,0.205078125,0.19647402107702333,0.21395869357735703,2.2752685546875,-2.1107177734375,0.082275390625,nan,0.08984375,nan,0.1807861328125,nan,0.1807861328125,1,0.1937255859375,0.2152099609375,0.016548134879697224,8,3,24,50,87,20260920,761,10.963950499950442
depth_optimal,S2,2,0.0,0,8,1024,8192,0.9072265625,0.900751904941687,0.913319479128258,0.1605224609375,0.1605224609375,0.015380859375,0.0927734375,nan,0.0523681640625,nan,0.0927734375,nan,0,0.9017333984375,0.9117431640625,0.00774243132003996,8,2,8,33,22,20260920,761,2.154905100003816
depth_optimal,S2,2,0.0,1,8,1024,8192,0.909423828125,0.9030153913437764,0.915448464222949,0.1253662109375,0.0738525390625,0.0347900390625,nan,0.0257568359375,0.0648193359375,nan,nan,0.0257568359375,0,0.898681640625,0.91845703125,0.015126589712935,8,2,8,33,22,20260920,761,2.13701259996742
depth_optimal,S2,2,0.0,2,8,1024,8192,0.9139404296875,0.907671619705023,0.9198212050495285,0.1231689453125,-0.0914306640625,0.015869140625,nan,0.037109375,nan,0.0701904296875,nan,0.037109375,0,0.909423828125,0.91845703125,0.0069336428726881625,8,2,8,33,22,20260920,761,2.1288236000109464
depth_optimal,S2,2,0.001,0,8,1024,8192,0.897216796875,0.8904535073010662,0.903607728839102,0.1751708984375,0.1751708984375,0.0159912109375,0.102783203125,nan,0.056396484375,nan,0.102783203125,nan,0,0.8907470703125,0.903564453125,0.009817801462194083,8,2,8,33,22,20260920,761,2.737404699961189
depth_optimal,S2,2,0.001,1,8,1024,8192,0.9044189453125,0.897861222515213,0.9105975590866239,0.1322021484375,0.0750732421875,0.03662109375,nan,0.028564453125,0.0670166015625,nan,nan,0.028564453125,0,0.897216796875,0.910888671875,0.010406398253364665,8,2,8,33,22,20260920,761,2.3196368000353687
depth_optimal,S2,2,0.001,2,8,1024,8192,0.906982421875,0.9005004730208991,0.9130828586605148,0.1319580078125,-0.1002197265625,0.015869140625,nan,0.0389404296875,nan,0.0771484375,nan,0.0389404296875,0,0.9002685546875,0.9141845703125,0.010643443280736582,8,2,8,33,22,20260920,761,2.3204206999507733
depth_optimal,S2,2,0.003,0,8,1024,8192,0.884765625,0.8776700908401914,0.8915004734848885,0.18701171875,0.18701171875,0.01416015625,0.115234375,nan,0.0576171875,nan,0.115234375,nan,0,0.8809814453125,0.8883056640625,0.005694288959809864,8,2,8,33,22,20260920,761,2.731264900008682
depth_optimal,S2,2,0.003,1,8,1024,8192,0.88525390625,0.8781708910834907,0.8919757780186517,0.1563720703125,0.0811767578125,0.0416259765625,nan,0.03759765625,0.0771484375,nan,nan,0.03759765625,0,0.87646484375,0.8939208984375,0.013581894589142574,8,2,8,33,22,20260920,761,2.3436184000456706
depth_optimal,S2,2,0.003,2,8,1024,8192,0.8892822265625,0.8823040325003229,0.8958955010125833,0.1551513671875,-0.1182861328125,0.0184326171875,nan,0.04443359375,nan,0.09228515625,nan,0.04443359375,0,0.884033203125,0.89404296875,0.007898133844907486,8,2,8,33,22,20260920,761,2.346301899990067
depth_optimal,S2,2,0.005,0,8,1024,8192,0.8648681640625,0.857293921173087,0.8721003734867048,0.2257080078125,0.2257080078125,0.02099609375,0.1351318359375,nan,0.069580078125,nan,0.1351318359375,nan,0,0.860595703125,0.86865234375,0.006240783435282061,8,2,8,33,22,20260920,761,2.7707945000147447
depth_optimal,S2,2,0.005,1,8,1024,8192,0.867431640625,0.8599158336634366,0.8746030110759323,0.1796875,0.095703125,0.047119140625,nan,0.0419921875,0.090576171875,nan,nan,0.0419921875,0,0.858642578125,0.8760986328125,0.01349888565873579,8,2,8,33,22,20260920,761,2.3303580000065267
depth_optimal,S2,2,0.005,2,8,1024,8192,0.874755859375,0.8674121109972852,0.881748305398018,0.1746826171875,-0.1326904296875,0.02099609375,nan,0.0494384765625,nan,0.104248046875,nan,0.0494384765625,0,0.8673095703125,0.8815948486328125,0.010971204247906177,8,2,8,33,22,20260920,761,2.3425978000159375
depth_optimal,S2,2,0.01,0,8,1024,8192,0.82763671875,0.8193047189122445,0.8356615864965481,0.2806396484375,0.2806396484375,0.0223388671875,0.17236328125,nan,0.0859375,nan,0.17236328125,nan,0,0.82080078125,0.8350830078125,0.010999109009166867,8,2,8,33,22,20260920,761,2.7344355000532232
depth_optimal,S2,2,0.01,1,8,1024,8192,0.8345947265625,0.826392523420189,0.8424832750617413,0.2239990234375,0.1170654296875,0.05859375,nan,0.053466796875,0.1119384765625,nan,nan,0.053466796875,0,0.825927734375,0.8431396484375,0.013235806206806092,8,2,8,33,22,20260920,761,2.361211400013417
depth_optimal,S2,2,0.01,2,8,1024,8192,0.8338623046875,0.8256462027623097,0.8417654385540272,0.228515625,-0.1767578125,0.02587890625,nan,0.0623779296875,nan,0.1402587890625,nan,0.0623779296875,0,0.826416015625,0.840576171875,0.011041605110373885,8,2,8,33,22,20260920,761,2.2966396000119857
depth_optimal,S2,2,0.02,0,8,1024,8192,0.7503662109375,0.7408781264502811,0.7596195979884053,0.40478515625,0.40478515625,0.036865234375,0.2496337890625,nan,0.1182861328125,nan,0.2496337890625,nan,0,0.74462890625,0.7564697265625,0.00897978671416253,8,2,8,33,22,20260920,761,2.7748297000071034
depth_optimal,S2,2,0.02,1,8,1024,8192,0.7579345703125,0.7485396022228289,0.7670877462603228,0.31787109375,0.151123046875,0.0758056640625,nan,0.0833740234375,0.15869140625,nan,nan,0.0833740234375,0,0.751708984375,0.7645263671875,0.009827337097842939,8,2,8,33,22,20260920,761,2.366439699952025
depth_optimal,S2,2,0.02,2,8,1024,8192,0.7635498046875,0.7542264638425829,0.7726260895767851,0.3187255859375,-0.2462158203125,0.0362548828125,nan,0.082275390625,nan,0.2001953125,nan,0.082275390625,0,0.7547607421875,0.7708740234375,0.012445357645462798,8,2,8,33,22,20260920,761,2.2950599000323564
depth_optimal,S2,2,0.03,0,8,1024,8192,0.687255859375,0.6771306793247196,0.6972055026786663,0.5118408203125,0.5118408203125,0.050048828125,0.312744140625,nan,0.1490478515625,nan,0.312744140625,nan,0,0.6829833984375,0.6912841796875,0.006344972818787292,8,2,8,33,22,20260920,761,2.7089554000413045
depth_optimal,S2,2,0.03,1,8,1024,8192,0.700927734375,0.6909207746382494,0.7107463411228806,0.3887939453125,0.1898193359375,0.0897216796875,nan,0.0994873046875,0.1995849609375,nan,nan,0.0994873046875,0,0.6929931640625,0.7076416015625,0.01131356341655999,8,2,8,33,22,20260920,761,2.3838226000079885
depth_optimal,S2,2,0.03,2,8,1024,8192,0.697021484375,0.6869796899408863,0.7068785876037454,0.4111328125,-0.31591796875,0.047607421875,nan,0.108154296875,nan,0.25537109375,nan,0.108154296875,0,0.6903076171875,0.7032470703125,0.010172200515624834,8,2,8,33,22,20260920,761,2.3073341000126675
depth_optimal,S2,2,0.05,0,8,1024,8192,0.586669921875,0.5759682512776065,0.5972903466509489,0.6806640625,0.6806640625,0.06591796875,0.413330078125,nan,0.201416015625,nan,0.413330078125,nan,0,0.5740966796875,0.5986328125,0.01908495400238519,8,2,8,33,22,20260920,761,2.762717599980533
depth_optimal,S2,2,0.05,1,8,1024,8192,0.6002197265625,0.5895674910542367,0.6107780144377971,0.5185546875,0.2412109375,0.1187744140625,nan,0.138671875,0.2611083984375,nan,nan,0.138671875,0,0.5915496826171875,0.6112060546875,0.01526276454908264,8,2,8,33,22,20260920,761,2.359734199999366
depth_optimal,S2,2,0.05,2,8,1024,8192,0.584228515625,0.5735188258496777,0.5948592481935664,0.558349609375,-0.41552734375,0.0714111328125,nan,0.142578125,nan,0.3443603515625,nan,0.142578125,0,0.5780029296875,0.58984375,0.009082556268426892,8,2,8,33,22,20260920,761,2.3471313000191003
depth_optimal,S2,4,0.0,0,8,1024,8192,0.7462158203125,0.7366783020657537,0.7555225317679031,0.873291015625,0.873291015625,0.071533203125,0.2537841796875,nan,0.1827392578125,nan,0.1827392578125,nan,1,0.739501953125,0.752685546875,0.009896410779430107,8,3,16,49,57,20260920,761,5.57139559998177
depth_optimal,S2,4,0.0,1,8,1024,8192,0.7691650390625,0.7599155487510114,0.7781622096045728,0.6385498046875,0.5738525390625,0.0950927734375,nan,0.0323486328125,0.198486328125,nan,0.198486328125,nan,1,0.7642791748046875,0.7740478515625,0.007706053211261671,8,3,16,49,57,20260920,761,5.491075300029479
depth_optimal,S2,4,0.0,2,8,1024,8192,0.7591552734375,0.7497756900901804,0.7682919203356269,0.5462646484375,0.3106689453125,0.0777587890625,nan,0.037841796875,nan,0.0799560546875,nan,0.0799560546875,1,0.7510986328125,0.767333984375,0.012527191015720559,8,3,16,49,57,20260920,761,5.473042100027669
depth_optimal,S2,4,0.0,3,8,1024,8192,0.7635498046875,0.7542264638425829,0.7726260895767851,0.5355224609375,0.2288818359375,0.103515625,nan,0.0089111328125,nan,0.047119140625,nan,0.047119140625,1,0.7550048828125,0.7718505859375,0.012960165468737302,8,3,16,49,57,20260920,761,5.332194400019944
depth_optimal,S2,4,0.0,4,8,1024,8192,0.763916015625,0.7545974227568121,0.7729872092453526,0.529052734375,-0.300048828125,0.0665283203125,nan,0.0621337890625,nan,0.07080078125,nan,0.07080078125,1,0.75439453125,0.7733154296875,0.014650762464303189,8,3,16,49,57,20260920,761,5.406649299955461
depth_optimal,S2,4,0.001,0,8,1024,8192,0.729248046875,0.7195200034164552,0.7387611894142873,0.9013671875,0.9013671875,0.0714111328125,0.270751953125,nan,0.1900634765625,nan,0.1900634765625,nan,1,0.72314453125,0.7344970703125,0.008573274867710137,8,3,16,49,57,20260920,761,8.387874800013378
depth_optimal,S2,4,0.001,1,8,1024,8192,0.747802734375,0.7382839827741308,0.7570891915849784,0.690185546875,0.619140625,0.1014404296875,nan,0.0355224609375,0.2166748046875,nan,0.2166748046875,nan,1,0.7420654296875,0.7535400390625,0.008885415549068692,8,3,16,49,57,20260920,761,6.292315700033214
depth_optimal,S2,4,0.001,2,8,1024,8192,0.74365234375,0.7340848588433178,0.7529914249107621,0.5772705078125,0.3331298828125,0.0810546875,nan,0.0382080078125,nan,0.0838623046875,nan,0.0838623046875,1,0.7338836669921875,0.754150390625,0.015590083755244412,8,3,16,49,57,20260920,761,6.469189900031779
depth_optimal,S2,4,0.001,3,8,1024,8192,0.740966796875,0.7313683762737192,0.750339331206518,0.5753173828125,0.2308349609375,0.1094970703125,nan,0.0101318359375,nan,0.051513671875,nan,0.051513671875,1,0.7313232421875,0.7508544921875,0.015189505093197851,8,3,16,49,57,20260920,761,6.482344699965324
depth_optimal,S2,4,0.001,4,8,1024,8192,0.7445068359375,0.7349492922616726,0.7538351748522661,0.5645751953125,-0.3292236328125,0.068115234375,nan,0.06396484375,nan,0.0733642578125,nan,0.0733642578125,1,0.736083984375,0.7531768798828125,0.013297422163743734,8,3,16,49,57,20260920,761,6.436445600003935
depth_optimal,S2,4,0.003,0,8,1024,8192,0.699462890625,0.6894427676140672,0.7092960338158759,0.9991455078125,0.9991455078125,0.0809326171875,0.300537109375,nan,0.2098388671875,nan,0.2098388671875,nan,1,0.6943359375,0.70458984375,0.007860309903834531,8,3,16,49,57,20260920,761,8.26860479998868
depth_optimal,S2,4,0.003,1,8,1024,8192,0.7056884765625,0.6957251353183117,0.7154590020191754,0.7882080078125,0.6937255859375,0.1126708984375,nan,0.0472412109375,0.2470703125,nan,0.2470703125,nan,1,0.6978759765625,0.712890625,0.0115776651856322,8,3,16,49,57,20260920,761,6.528760400018655
depth_optimal,S2,4,0.003,2,8,1024,8192,0.7061767578125,0.6962179631879322,0.7159422789266174,0.658935546875,0.379638671875,0.09375,nan,0.042724609375,nan,0.096923828125,nan,0.096923828125,1,0.7001922607421875,0.7122802734375,0.009314898437152254,8,3,16,49,57,20260920,761,6.512830400024541
depth_optimal,S2,4,0.003,3,8,1024,8192,0.7103271484375,0.700407553011393,0.720049579708186,0.63623046875,0.248046875,0.119873046875,nan,0.011962890625,nan,0.057373046875,nan,0.057373046875,1,0.6983642578125,0.7220458984375,0.018164643777901487,8,3,16,49,57,20260920,761,6.410787799977697
depth_optimal,S2,4,0.003,4,8,1024,8192,0.70849609375,0.6985590822457748,0.7182376575598206,0.6331787109375,-0.3599853515625,0.0784912109375,nan,0.06884765625,nan,0.080078125,nan,0.080078125,1,0.6968994140625,0.720947265625,0.018299615412533998,8,3,16,49,57,20260920,761,6.496338500001002
depth_optimal,S2,4,0.005,0,8,1024,8192,0.6673583984375,0.6570792085088554,0.6774807038292426,1.0826416015625,1.0826416015625,0.0853271484375,0.3326416015625,nan,0.227783203125,nan,0.227783203125,nan,1,0.6611328125,0.6748046875,0.01043907661375858,8,3,16,49,57,20260920,761,8.286344300024211
depth_optimal,S2,4,0.005,1,8,1024,8192,0.6705322265625,0.6602762049849901,0.6806283884040126,0.8880615234375,0.7901611328125,0.1268310546875,nan,0.0489501953125,0.280517578125,nan,0.280517578125,nan,1,0.6612548828125,0.6795654296875,0.014218365770355528,8,3,16,49,57,20260920,761,6.474633700039703
depth_optimal,S2,4,0.005,2,8,1024,8192,0.679443359375,0.6692552052321864,0.689463300338203,0.7249755859375,0.4239501953125,0.1046142578125,nan,0.046142578125,nan,0.1043701171875,nan,0.1043701171875,1,0.66943359375,0.6883544921875,0.014378559311630257,8,3,16,49,57,20260920,761,6.437277499993797
depth_optimal,S2,4,0.005,3,8,1024,8192,0.6710205078125,0.6607680970777973,0.6811126010882679,0.7138671875,0.271484375,0.134765625,nan,0.012939453125,nan,0.0645751953125,nan,0.0645751953125,1,0.6607666015625,0.681884765625,0.0162527153345533,8,3,16,49,57,20260920,761,6.43141459999606
depth_optimal,S2,4,0.005,4,8,1024,8192,0.6783447265625,0.6681479786583899,0.6883742911636095,0.696044921875,-0.39306640625,0.083984375,nan,0.0738525390625,nan,0.0875244140625,nan,0.0875244140625,1,0.667236328125,0.689697265625,0.017367110653818723,8,3,16,49,57,20260920,761,6.284654900024179
depth_optimal,S2,4,0.01,0,8,1024,8192,0.5911865234375,0.5805004007432124,0.6017871663731691,1.314697265625,1.314697265625,0.1064453125,0.4088134765625,nan,0.2786865234375,nan,0.2786865234375,nan,1,0.5836181640625,0.5983917236328125,0.011554106386837874,8,3,16,49,57,20260920,761,8.310842600010801
depth_optimal,S2,4,0.01,1,8,1024,8192,0.5987548828125,0.5880968980544071,0.6093202931064398,1.0838623046875,0.9644775390625,0.1533203125,nan,0.0596923828125,0.341552734375,nan,0.341552734375,nan,1,0.59423828125,0.6026611328125,0.0065704484410038615,8,3,16,49,57,20260920,761,6.4883468999760225
depth_optimal,S2,4,0.01,2,8,1024,8192,0.601806640625,0.5911607449192603,0.6123571010982259,0.88623046875,0.510498046875,0.1263427734375,nan,0.0537109375,nan,0.1341552734375,nan,0.1341552734375,1,0.5955810546875,0.6083984375,0.009955601906073835,8,3,16,49,57,20260920,761,6.511342299985699
depth_optimal,S2,4,0.01,3,8,1024,8192,0.5982666015625,0.5876067223023342,0.6088343640814504,0.85205078125,0.294189453125,0.1583251953125,nan,0.0174560546875,nan,0.0791015625,nan,0.0791015625,1,0.592529296875,0.603759765625,0.008560353571945258,8,3,16,49,57,20260920,761,6.490859899960924
depth_optimal,S2,4,0.01,4,8,1024,8192,0.5966796875,0.5860137266720802,0.607255019186252,0.8656005859375,-0.4974365234375,0.0999755859375,nan,0.0889892578125,nan,0.1087646484375,nan,0.1087646484375,1,0.5860595703125,0.608642578125,0.017304731588544287,8,3,16,49,57,20260920,761,6.410929000005126
depth_optimal,S2,4,0.02,0,8,1024,8192,0.46826171875,0.4574735787396469,0.4790796107513047,1.72314453125,1.72314453125,0.144775390625,0.53173828125,nan,0.3736572265625,nan,0.3736572265625,nan,1,0.458740234375,0.4774169921875,0.014323973513498333,8,3,16,49,57,20260920,761,8.303064999985509
depth_optimal,S2,4,0.02,1,8,1024,8192,0.4744873046875,0.4636885210993844,0.4853100042991112,1.40185546875,1.24365234375,0.1895751953125,nan,0.0791015625,0.4464111328125,nan,0.4464111328125,nan,1,0.466064453125,0.4854736328125,0.015204633248979712,8,3,16,49,57,20260920,761,6.599426999979187
depth_optimal,S2,4,0.02,2,8,1024,8192,0.4876708984375,0.4768551311527321,0.49849822322644527,1.1214599609375,0.6087646484375,0.156494140625,nan,0.0760498046875,nan,0.1802978515625,nan,0.1802978515625,1,0.47900390625,0.4976806640625,0.014361375310928922,8,3,16,49,57,20260920,761,6.47001759998966
depth_optimal,S2,4,0.02,3,8,1024,8192,0.4698486328125,0.45905761962498676,0.48066791039141715,1.099609375,0.327392578125,0.1978759765625,nan,0.0303955078125,nan,0.10693359375,nan,0.10693359375,1,0.4632568359375,0.4774169921875,0.011213016573565729,8,3,16,49,57,20260920,761,6.500742900010664
depth_optimal,S2,4,0.02,4,8,1024,8192,0.4744873046875,0.4636885210993844,0.4853100042991112,1.120849609375,-0.581787109375,0.13916015625,nan,0.1019287109375,nan,0.1358642578125,nan,0.1358642578125,1,0.4639892578125,0.4849853515625,0.01607571801965892,8,3,16,49,57,20260920,761,6.385577499982901
depth_optimal,S2,4,0.03,0,8,1024,8192,0.3887939453125,0.37829223634047116,0.39939990068359366,1.990234375,1.990234375,0.172119140625,0.6112060546875,nan,0.4287109375,nan,0.4287109375,nan,1,0.379638671875,0.3973388671875,0.013656295930922983,8,3,16,49,57,20260920,761,8.308182299952023
depth_optimal,S2,4,0.03,1,8,1024,8192,0.3916015625,0.38108486165089,0.40221987784128294,1.6502685546875,1.4625244140625,0.2230224609375,nan,0.0938720703125,0.5145263671875,nan,0.5145263671875,nan,1,0.3785400390625,0.4049072265625,0.020122198361721865,8,3,16,49,57,20260920,761,6.631524900032673
depth_optimal,S2,4,0.03,2,8,1024,8192,0.3975830078125,0.38703558878871575,0.4082264342224701,1.35009765625,0.78173828125,0.1973876953125,nan,0.0826416015625,nan,0.2015380859375,nan,0.2015380859375,1,0.3890380859375,0.405517578125,0.012970673357739252,8,3,16,49,57,20260920,761,6.534669699962251
depth_optimal,S2,4,0.03,3,8,1024,8192,0.3868408203125,0.37634975750036015,0.39743796041545554,1.28759765625,0.31396484375,0.2244873046875,nan,0.0462646484375,nan,0.142333984375,nan,0.142333984375,1,0.383544921875,0.389892578125,0.0048249218915353284,8,3,16,49,57,20260920,761,6.459386000002269
depth_optimal,S2,4,0.03,4,8,1024,8192,0.3800048828125,0.3695524916775208,0.39056975935942284,1.322021484375,-0.63623046875,0.171142578125,nan,0.1046142578125,nan,0.1556396484375,nan,0.1556396484375,1,0.37353515625,0.3861083984375,0.009701765254302715,8,3,16,49,57,20260920,761,6.5213131000055
depth_optimal,S2,4,0.05,0,8,1024,8192,0.2718505859375,0.26232470096177035,0.28159034195587734,2.4471435546875,2.4471435546875,0.229736328125,0.7281494140625,nan,0.5341796875,nan,0.5341796875,nan,1,0.2657470703125,0.2769775390625,0.008733665634428235,8,3,16,49,57,20260920,761,8.353479599987622
depth_optimal,S2,4,0.05,1,8,1024,8192,0.2742919921875,0.26473805567836023,0.2840575111245989,2.0330810546875,1.8255615234375,0.2733154296875,nan,0.103759765625,0.6219482421875,nan,0.6219482421875,nan,1,0.26171875,0.2860107421875,0.0186713430781507,8,3,16,49,57,20260920,761,6.562539700011257
depth_optimal,S2,4,0.05,2,8,1024,8192,0.288818359375,0.279104923050834,0.298729760869728,1.6229248046875,0.9603271484375,0.241455078125,nan,0.0958251953125,nan,0.2354736328125,nan,0.2354736328125,1,0.2816162109375,0.296142578125,0.011361629754792612,8,3,16,49,57,20260920,761,6.538531599973794
depth_optimal,S2,4,0.05,3,8,1024,8192,0.285400390625,0.27572335947233195,0.29527859100879417,1.501708984375,0.285400390625,0.254638671875,nan,0.066650390625,nan,0.185546875,nan,0.185546875,1,0.276123046875,0.2962646484375,0.015570408958960408,8,3,16,49,57,20260920,761,6.579943100048695
depth_optimal,S2,4,0.05,4,8,1024,8192,0.2607421875,0.25134860662503533,0.2703600526144454,1.588623046875,-0.661865234375,0.2274169921875,nan,0.110595703125,nan,0.1844482421875,nan,0.1844482421875,1,0.2484130859375,0.2728271484375,0.01878455474772592,8,3,16,49,57,20260920,761,6.399639899958856
depth_optimal,S2,6,0.0,0,8,1024,8192,0.6575927734375,0.6472455481043689,0.6677922686924833,1.187744140625,1.187744140625,0.0413818359375,0.3424072265625,nan,0.2489013671875,nan,0.2489013671875,nan,1,0.6495361328125,0.666748046875,0.013287172679870876,8,3,24,50,87,20260920,761,10.9660189000424
depth_optimal,S2,6,0.0,1,8,1024,8192,0.6787109375,0.6685170470566734,0.6887373013481227,0.9013671875,0.81640625,0.0421142578125,nan,0.04248046875,0.27880859375,nan,0.27880859375,nan,1,0.6671142578125,0.68896484375,0.01678519111907928,8,3,24,50,87,20260920,761,10.584965899994131
depth_optimal,S2,6,0.0,2,8,1024,8192,0.6630859375,0.6527763814326866,0.6732426141061163,0.7684326171875,0.4700927734375,0.0150146484375,nan,0.0482177734375,nan,0.1009521484375,nan,0.1009521484375,1,0.654541015625,0.6708984375,0.012700677094577055,8,3,24,50,87,20260920,761,10.596304500009865
depth_optimal,S2,6,0.0,3,8,1024,8192,0.6715087890625,0.6612600016051702,0.6815968013379572,0.7318115234375,0.3299560546875,0.08154296875,nan,0.015869140625,nan,0.0643310546875,nan,0.0643310546875,1,0.6614990234375,0.6846923828125,0.01783157971209921,8,3,24,50,87,20260920,761,10.649474399979226
depth_optimal,S2,6,0.0,4,8,1024,8192,0.6761474609375,0.6659337175195602,0.6861960808056587,0.6990966796875,-0.3116455078125,0.0128173828125,nan,0.073486328125,nan,0.0875244140625,nan,0.0875244140625,1,0.666015625,0.6876220703125,0.016849493702020817,8,3,24,50,87,20260920,761,10.569372400001157
depth_optimal,S2,6,0.0,5,8,1024,8192,0.673828125,0.663596718356064,0.6838965822781091,0.7528076171875,-0.4981689453125,0.040771484375,nan,0.0147705078125,nan,0.0966796875,nan,0.0966796875,1,0.6644287109375,0.6824951171875,0.01392855354279987,8,3,24,50,87,20260920,761,10.886002999963239
depth_optimal,S2,6,0.0,6,8,1024,8192,0.6676025390625,0.6573251127707386,0.6777228519558905,0.952392578125,-0.880859375,0.0357666015625,nan,0.04443359375,nan,0.0584716796875,nan,0.0584716796875,1,0.6539306640625,0.677001953125,0.01870414940687035,8,3,24,50,87,20260920,761,11.35120850004023
depth_optimal,S2,6,0.001,0,8,1024,8192,0.6357421875,0.6252600838672451,0.6460970441560698,1.245361328125,1.245361328125,0.042724609375,0.3642578125,nan,0.2611083984375,nan,0.2611083984375,nan,1,0.62646484375,0.6458740234375,0.015002237788805875,8,3,24,50,87,20260920,761,17.214517600019462
depth_optimal,S2,6,0.001,1,8,1024,8192,0.651611328125,0.641224822125625,0.6618557111522142,0.952392578125,0.85546875,0.041748046875,nan,0.0484619140625,0.2999267578125,nan,0.2999267578125,nan,1,0.6429443359375,0.6583251953125,0.01187752833017442,8,3,24,50,87,20260920,761,12.698937999957707
depth_optimal,S2,6,0.001,2,8,1024,8192,0.6392822265625,0.6288203766381256,0.6496135110188909,0.8131103515625,0.4940185546875,0.0167236328125,nan,0.0501708984375,nan,0.109375,nan,0.109375,1,0.63330078125,0.646240234375,0.009903291649915116,8,3,24,50,87,20260920,761,12.606454499997199
depth_optimal,S2,6,0.001,3,8,1024,8192,0.6480712890625,0.6376623796035527,0.658341394040585,0.778076171875,0.34521484375,0.0865478515625,nan,0.017333984375,nan,0.0689697265625,nan,0.0689697265625,1,0.6373291015625,0.6628448486328125,0.01989023811375893,8,3,24,50,87,20260920,761,12.604820700013079
depth_optimal,S2,6,0.001,4,8,1024,8192,0.6536865234375,0.6433134416103166,0.6639155369700374,0.740478515625,-0.348388671875,0.0115966796875,nan,0.078857421875,nan,0.0938720703125,nan,0.0938720703125,1,0.643798828125,0.6641845703125,0.01583234272393945,8,3,24,50,87,20260920,761,12.678945099993143
depth_optimal,S2,6,0.001,5,8,1024,8192,0.646728515625,0.636311271348203,0.6570082141590133,0.8165283203125,-0.5526123046875,0.043212890625,nan,0.0169677734375,nan,0.104736328125,nan,0.104736328125,1,0.6353759765625,0.6583251953125,0.01749071458758387,8,3,24,50,87,20260920,761,12.68375579995336
depth_optimal,S2,6,0.001,6,8,1024,8192,0.6466064453125,0.6361884477572546,0.6568870115556962,0.998779296875,-0.923828125,0.0374755859375,nan,0.044921875,nan,0.062255859375,nan,0.062255859375,1,0.634033203125,0.655517578125,0.01710229536822749,8,3,24,50,87,20260920,761,12.717635099950712
depth_optimal,S2,6,0.003,0,8,1024,8192,0.59033203125,0.5796428959646247,0.6009364877918979,1.4080810546875,1.4080810546875,0.046630859375,0.40966796875,nan,0.2958984375,nan,0.2958984375,nan,1,0.5791015625,0.60400390625,0.018921854724537918,8,3,24,50,87,20260920,761,17.51837030000752
depth_optimal,S2,6,0.003,1,8,1024,8192,0.6051025390625,0.5944701819872354,0.6156363712754213,1.0924072265625,0.9927978515625,0.0496826171875,nan,0.0498046875,0.3450927734375,nan,0.3450927734375,nan,1,0.5927734375,0.61767578125,0.01913619365499557,8,3,24,50,87,20260920,761,12.846530999988317
depth_optimal,S2,6,0.003,2,8,1024,8192,0.6007080078125,0.5900577106575529,0.6112638996115434,0.886474609375,0.53515625,0.019775390625,nan,0.0555419921875,nan,0.1201171875,nan,0.1201171875,1,0.59521484375,0.60693359375,0.009107833750614715,8,3,24,50,87,20260920,761,12.76543250004761
depth_optimal,S2,6,0.003,3,8,1024,8192,0.6005859375,0.5899351547276557,0.6111424293471748,0.875,0.370849609375,0.0928955078125,nan,0.0205078125,nan,0.0802001953125,nan,0.0802001953125,1,0.5885009765625,0.6116943359375,0.01800692276815017,8,3,24,50,87,20260920,761,13.057319600018673
depth_optimal,S2,6,0.003,4,8,1024,8192,0.613037109375,0.602439413089411,0.6235288428005078,0.8148193359375,-0.3790283203125,0.0150146484375,nan,0.0838623046875,nan,0.1011962890625,nan,0.1011962890625,1,0.60693359375,0.618896484375,0.009304837667089184,8,3,24,50,87,20260920,761,12.727920499979518
depth_optimal,S2,6,0.003,5,8,1024,8192,0.60107421875,0.5904253825649911,0.6116283062869018,0.910400390625,-0.6083984375,0.05029296875,nan,0.0196533203125,nan,0.11279296875,nan,0.11279296875,1,0.593505859375,0.6092529296875,0.012252982707894244,8,3,24,50,87,20260920,761,12.854193300008774
depth_optimal,S2,6,0.003,6,8,1024,8192,0.6107177734375,0.600109642103558,0.621222116095315,1.084228515625,-0.997314453125,0.04345703125,nan,0.0489501953125,nan,0.068603515625,nan,0.068603515625,1,0.5958251953125,0.6229248046875,0.021048344582560996,8,3,24,50,87,20260920,761,12.945973100024275
depth_optimal,S2,6,0.005,0,8,1024,8192,0.5526123046875,0.5418228750094343,0.5633524147190268,1.489990234375,1.489990234375,0.0474853515625,0.4473876953125,nan,0.314697265625,nan,0.314697265625,nan,1,0.5421142578125,0.5648193359375,0.01712617709795282,8,3,24,50,87,20260920,761,17.520100400026422
depth_optimal,S2,6,0.005,1,8,1024,8192,0.5595703125,0.5487946203277679,0.5702901624738307,1.2081298828125,1.0987548828125,0.053466796875,nan,0.0546875,0.3857421875,nan,0.3857421875,nan,1,0.5494384765625,0.5699462890625,0.015893000178053174,8,3,24,50,87,20260920,761,13.049689100007527
depth_optimal,S2,6,0.005,2,8,1024,8192,0.5599365234375,0.5491616134996359,0.5706552478847594,0.994873046875,0.616455078125,0.0252685546875,nan,0.0595703125,nan,0.129638671875,nan,0.129638671875,1,0.552490234375,0.5666534423828125,0.01093622316965268,8,3,24,50,87,20260920,761,12.930326500034425
depth_optimal,S2,6,0.005,3,8,1024,8192,0.5550537109375,0.5442688583006013,0.5657869553131712,0.9635009765625,0.3990478515625,0.0968017578125,nan,0.0260009765625,nan,0.087890625,nan,0.087890625,1,0.5465087890625,0.5638427734375,0.01332812332360304,8,3,24,50,87,20260920,761,12.758438399992883
depth_optimal,S2,6,0.005,4,8,1024,8192,0.5718994140625,0.561153328474433,0.5825780999479884,0.9112548828125,-0.4053955078125,0.0205078125,nan,0.0906982421875,nan,0.11279296875,nan,0.11279296875,1,0.5653076171875,0.5784912109375,0.01029451593862696,8,3,24,50,87,20260920,761,12.974681799998507
depth_optimal,S2,6,0.005,5,8,1024,8192,0.561767578125,0.5509966683634714,0.5724805859349075,1.005859375,-0.6826171875,0.05078125,nan,0.0257568359375,nan,0.125,nan,0.125,1,0.551513671875,0.5731201171875,0.0167912774882111,8,3,24,50,87,20260920,761,12.97706400003517
depth_optimal,S2,6,0.005,6,8,1024,8192,0.5570068359375,0.5462258340754389,0.5677343986465828,1.2222900390625,-1.1295166015625,0.04638671875,nan,0.05126953125,nan,0.07861328125,nan,0.07861328125,1,0.5484619140625,0.5665283203125,0.014093250380593855,8,3,24,50,87,20260920,761,12.996000299986918
depth_optimal,S2,6,0.01,0,8,1024,8192,0.4569091796875,0.4461447963486631,0.46771395707559027,1.78955078125,1.78955078125,0.0577392578125,0.5430908203125,nan,0.3822021484375,nan,0.3822021484375,nan,1,0.4482421875,0.4639892578125,0.012190977166446081,8,3,24,50,87,20260920,761,17.507286500011105
depth_optimal,S2,6,0.01,1,8,1024,8192,0.4722900390625,0.46149481956658583,0.48311123433512954,1.4317626953125,1.2950439453125,0.0584716796875,nan,0.068359375,0.4593505859375,nan,0.4593505859375,nan,1,0.4642333984375,0.4793701171875,0.011601176143082736,8,3,24,50,87,20260920,761,12.957967399968766
depth_optimal,S2,6,0.01,2,8,1024,8192,0.48291015625,0.472099652456244,0.4937366803465761,1.1768798828125,0.7437744140625,0.0404052734375,nan,0.06591796875,nan,0.150634765625,nan,0.150634765625,1,0.4716796875,0.49389953613281246,0.017453676532403362,8,3,24,50,87,20260920,761,13.038354200019967
depth_optimal,S2,6,0.01,3,8,1024,8192,0.472412109375,0.46161668636829567,0.48323339372768526,1.1295166015625,0.4185791015625,0.105224609375,nan,0.035888671875,nan,0.1077880859375,nan,0.1077880859375,1,0.459716796875,0.4857177734375,0.02007305155380319,8,3,24,50,87,20260920,761,13.021790399972815
depth_optimal,S2,6,0.01,4,8,1024,8192,0.4776611328125,0.46685757138929174,0.4884856350601088,1.09228515625,-0.451416015625,0.0338134765625,nan,0.0963134765625,nan,0.128662109375,nan,0.128662109375,1,0.468017578125,0.485107421875,0.012939124090324609,8,3,24,50,87,20260920,761,13.037036299996544
depth_optimal,S2,6,0.01,5,8,1024,8192,0.4720458984375,0.46125108790686037,0.4828669136063239,1.2020263671875,-0.8175048828125,0.059814453125,nan,0.03759765625,nan,0.1400146484375,nan,0.1400146484375,1,0.461669921875,0.4808349609375,0.01478210498361387,8,3,24,50,87,20260920,761,13.067842299991753
depth_optimal,S2,6,0.01,6,8,1024,8192,0.4747314453125,0.46393227866545816,0.48555429912156867,1.426513671875,-1.319580078125,0.053466796875,nan,0.0592041015625,nan,0.0968017578125,nan,0.0968017578125,1,0.4671630859375,0.482421875,0.011735450107608436,8,3,24,50,87,20260920,761,12.929868500039447
depth_optimal,S2,6,0.02,0,8,1024,8192,0.3397216796875,0.32954292601172874,0.3500506809175765,2.1973876953125,2.1973876953125,0.064697265625,0.6602783203125,nan,0.4815673828125,nan,0.4815673828125,nan,1,0.330322265625,0.349365234375,0.014601277321259213,8,3,24,50,87,20260920,761,17.80717149999691
depth_optimal,S2,6,0.02,1,8,1024,8192,0.3421630859375,0.3319654611607134,0.3525086696539032,1.824951171875,1.66552734375,0.0748291015625,nan,0.0797119140625,0.578125,nan,0.578125,nan,1,0.33349609375,0.3504638671875,0.013307663753527108,8,3,24,50,87,20260920,761,13.098080900032073
depth_optimal,S2,6,0.02,2,8,1024,8192,0.3470458984375,0.3368114357279352,0.3574237428573042,1.4888916015625,0.9569091796875,0.054931640625,nan,0.0804443359375,nan,0.185546875,nan,0.185546875,1,0.3402099609375,0.3546142578125,0.011170410304131781,8,3,24,50,87,20260920,761,13.3798906999873
depth_optimal,S2,6,0.02,3,8,1024,8192,0.3489990234375,0.338750160999354,0.35938943669413465,1.380126953125,0.45556640625,0.107177734375,nan,0.0545654296875,nan,0.1436767578125,nan,0.1436767578125,1,0.3388671875,0.359375,0.01578062754999249,8,3,24,50,87,20260920,761,13.096677499997895
depth_optimal,S2,6,0.02,4,8,1024,8192,0.350341796875,0.34008314520255767,0.3607407406278522,1.368408203125,-0.483154296875,0.05712890625,nan,0.108154296875,nan,0.15869140625,nan,0.15869140625,1,0.3392303466796875,0.3604736328125,0.016496598987243594,8,3,24,50,87,20260920,761,13.139063499984331
depth_optimal,S2,6,0.02,5,8,1024,8192,0.3489990234375,0.338750160999354,0.35938943669413465,1.5081787109375,-1.0404052734375,0.0753173828125,nan,0.0565185546875,nan,0.16552734375,nan,0.16552734375,1,0.3436279296875,0.355224609375,0.00899494568121264,8,3,24,50,87,20260920,761,13.194015199958812
depth_optimal,S2,6,0.02,6,8,1024,8192,0.351806640625,0.34153741222517003,0.36221478793642675,1.7581787109375,-1.6239013671875,0.067138671875,nan,0.068115234375,nan,0.1220703125,nan,0.1220703125,1,0.3431396484375,0.3602294921875,0.012921343775518195,8,3,24,50,87,20260920,761,13.15489909995813
depth_optimal,S2,6,0.03,0,8,1024,8192,0.2596435546875,0.2502634822299195,0.2692489412611711,2.5234375,2.5234375,0.0770263671875,0.7403564453125,nan,0.5528564453125,nan,0.5528564453125,nan,1,0.2503662109375,0.2716064453125,0.016658397167065967,8,3,24,50,87,20260920,761,17.904840099974535
depth_optimal,S2,6,0.03,1,8,1024,8192,0.2686767578125,0.2591878875763717,0.2783824742903712,2.0440673828125,1.8648681640625,0.0816650390625,nan,0.089599609375,0.6417236328125,nan,0.6417236328125,nan,1,0.2625732421875,0.2750244140625,0.009673639041093238,8,3,24,50,87,20260920,761,13.199370499991346
depth_optimal,S2,6,0.03,2,8,1024,8192,0.2823486328125,0.27270468583060065,0.2921966097938861,1.67822265625,1.090087890625,0.070556640625,nan,0.0904541015625,nan,0.20361328125,nan,0.20361328125,1,0.27685546875,0.289306640625,0.009645430811795351,8,3,24,50,87,20260920,761,13.15140919998521
depth_optimal,S2,6,0.03,3,8,1024,8192,0.2738037109375,0.26425535559663704,0.2835641064292598,1.548828125,0.462890625,0.1124267578125,nan,0.068603515625,nan,0.1702880859375,nan,0.1702880859375,1,0.2669677734375,0.28076171875,0.010773057055772943,8,3,24,50,87,20260920,761,13.211961499997415
depth_optimal,S2,6,0.03,4,8,1024,8192,0.280029296875,0.2704108629519159,0.28985393498152506,1.5391845703125,-0.5262451171875,0.0733642578125,nan,0.114013671875,nan,0.1837158203125,nan,0.1837158203125,1,0.2733154296875,0.28576965332031246,0.009762136653755468,8,3,24,50,87,20260920,761,13.09340869996231
depth_optimal,S2,6,0.03,5,8,1024,8192,0.2706298828125,0.261118160687609,0.280356620287383,1.72509765625,-1.1884765625,0.0849609375,nan,0.07177734375,nan,0.1885986328125,nan,0.1885986328125,1,0.26220703125,0.2794189453125,0.013505822555890572,8,3,24,50,87,20260920,761,13.088796700001694
depth_optimal,S2,6,0.03,6,8,1024,8192,0.273193359375,0.2636520009510341,0.28294733010353484,2.0357666015625,-1.8790283203125,0.078369140625,nan,0.0831298828125,nan,0.1590576171875,nan,0.1590576171875,1,0.2628173828125,0.2816162109375,0.014463584385037958,8,3,24,50,87,20260920,761,13.299168099998496
depth_optimal,S2,6,0.05,0,8,1024,8192,0.1793212890625,0.17116496251781188,0.18777822514653297,2.9189453125,2.9189453125,0.0909423828125,0.8206787109375,nan,0.6495361328125,nan,0.6495361328125,nan,1,0.17138671875,0.1865234375,0.011518677843833446,8,3,24,50,87,20260920,761,18.006153300055303
depth_optimal,S2,6,0.05,1,8,1024,8192,0.1875,0.17919506718826553,0.19609787549187255,2.37451171875,2.1669921875,0.10009765625,nan,0.103759765625,0.708740234375,nan,0.708740234375,nan,1,0.18115234375,0.194091796875,0.010094895376744165,8,3,24,50,87,20260920,761,13.19597940001404
depth_optimal,S2,6,0.05,2,8,1024,8192,0.1951904296875,0.18675131978710197,0.2039152731317671,1.9332275390625,1.2435302734375,0.092041015625,nan,0.11083984375,nan,0.2340087890625,nan,0.2340087890625,1,0.1864013671875,0.2025146484375,0.0126084932710146,8,3,24,50,87,20260920,761,13.287904100026935
depth_optimal,S2,6,0.05,3,8,1024,8192,0.194580078125,0.18615142644347213,0.2032950355040691,1.7562255859375,0.4910888671875,0.1202392578125,nan,0.0887451171875,nan,0.2047119140625,nan,0.2047119140625,1,0.181396484375,0.2064208984375,0.019452617942868105,8,3,24,50,87,20260920,761,13.470405799977016
depth_optimal,S2,6,0.05,4,8,1024,8192,0.1961669921875,0.18771121638758528,0.20490758608540835,1.755615234375,-0.533203125,0.0928955078125,nan,0.11865234375,nan,0.211669921875,nan,0.211669921875,1,0.1878662109375,0.20495910644531246,0.013210048069701961,8,3,24,50,87,20260920,761,13.407901200000197
depth_optimal,S2,6,0.05,5,8,1024,8192,0.197021484375,0.18855119349097332,0.20577579234187932,1.966552734375,-1.36328125,0.0968017578125,nan,0.1009521484375,nan,0.215576171875,nan,0.215576171875,1,0.1885986328125,0.205322265625,0.01301589145430183,8,3,24,50,87,20260920,761,13.32098599994788
depth_optimal,S2,6,0.05,6,8,1024,8192,0.1796875,0.1715243849096494,0.18815088133749217,2.419921875,-2.24365234375,0.088134765625,nan,0.098876953125,nan,0.2064208984375,nan,0.2064208984375,1,0.171875,0.1873779296875,0.01208504901099761,8,3,24,50,87,20260920,761,13.280467200034764
qft_adder,S1,2,0.0,0,8,1024,8192,1.0,0.9995312917117791,1.0,0.0,0.0,0.0,0.0,nan,0.0,nan,0.0,nan,0,1.0,1.0,0.0,8,2,8,36,30,20260920,761,0.07950349996099249
qft_adder,S1,2,0.0,1,8,1024,8192,1.0,0.9995312917117791,1.0,0.0,0.0,0.0,nan,0.0,0.0,nan,nan,0.0,0,1.0,1.0,0.0,8,2,8,36,30,20260920,761,0.08703759999480098
qft_adder,S1,2,0.0,2,8,1024,8192,1.0,0.9995312917117791,1.0,0.0,0.0,0.0,nan,0.0,nan,0.0,nan,0.0,0,1.0,1.0,0.0,8,2,8,36,30,20260920,761,0.08726950001437217
qft_adder,S1,2,0.001,0,8,1024,8192,0.98193359375,0.9788153183472593,0.9846000966132152,0.0328369140625,0.0328369140625,0.005615234375,0.01806640625,nan,0.0091552734375,nan,0.01806640625,nan,0,0.979736328125,0.984130859375,0.003422947585486969,8,2,8,36,30,20260920,761,1.6521776000154205
qft_adder,S1,2,0.001,1,8,1024,8192,0.98681640625,0.984108340523589,0.9890681222075083,0.016357421875,0.005859375,0.003173828125,nan,0.0052490234375,0.0079345703125,nan,nan,0.0052490234375,0,0.9857177734375,0.988037109375,0.0018820783430848272,8,2,8,36,30,20260920,761,1.6037339000031352
qft_adder,S1,2,0.001,2,8,1024,8192,0.9808349609375,0.9776327710132597,0.9835864081988246,0.023681640625,-0.014892578125,0.00439453125,nan,0.0045166015625,nan,0.0147705078125,nan,0.0045166015625,0,0.978515625,0.98291015625,0.0034600604981126974,8,2,8,36,30,20260920,761,1.5977436999673955
qft_adder,S1,2,0.003,0,8,1024,8192,0.9517822265625,0.9469277163263876,0.956213228650491,0.0855712890625,0.0855712890625,0.0130615234375,0.0482177734375,nan,0.0242919921875,nan,0.0482177734375,nan,0,0.9486083984375,0.9544677734375,0.004548771997618058,8,2,8,36,30,20260920,761,1.6457629000069574
qft_adder,S1,2,0.003,1,8,1024,8192,0.9556884765625,0.9510145684127133,0.9599352147806636,0.0533447265625,0.0189208984375,0.009033203125,nan,0.0172119140625,0.027099609375,nan,nan,0.0172119140625,0,0.952880859375,0.9593505859375,0.005112816660964444,8,2,8,36,30,20260920,761,1.573592800006736
qft_adder,S1,2,0.003,2,8,1024,8192,0.9525146484375,0.9476933328925727,0.9569117692498992,0.05712890625,-0.029541015625,0.0137939453125,nan,0.0096435546875,nan,0.03369140625,nan,0.0096435546875,0,0.9501953125,0.9552001953125,0.0038690154804390062,8,2,8,36,30,20260920,761,1.5793961000163108
qft_adder,S1,2,0.005,0,8,1024,8192,0.9208984375,0.914854643521687,0.926547674306002,0.1409912109375,0.1409912109375,0.0230712890625,0.0791015625,nan,0.038818359375,nan,0.0791015625,nan,0,0.9156494140625,0.9261474609375,0.008153816515737978,8,2,8,36,30,20260920,761,1.6685543000348844
qft_adder,S1,2,0.005,1,8,1024,8192,0.92626953125,0.9204084617713943,0.9317310086039798,0.0904541015625,0.0340576171875,0.0167236328125,nan,0.0281982421875,0.0455322265625,nan,nan,0.0281982421875,0,0.9208984375,0.9312744140625,0.00791644026736111,8,2,8,36,30,20260920,761,1.604230800003279
qft_adder,S1,2,0.005,2,8,1024,8192,0.9224853515625,0.9164946849112988,0.9280799734418427,0.0965576171875,-0.0494384765625,0.0235595703125,nan,0.01904296875,nan,0.053955078125,nan,0.01904296875,0,0.9197998046875,0.9254150390625,0.004302499236186521,8,2,8,36,30,20260920,761,1.5951922999811359
qft_adder,S1,2,0.01,0,8,1024,8192,0.84912109375,0.8412066457870065,0.8567082698125267,0.2635498046875,0.2635498046875,0.039306640625,0.15087890625,nan,0.0733642578125,nan,0.15087890625,nan,0,0.8426513671875,0.85546875,0.009779565942143909,8,2,8,36,30,20260920,761,1.6540797000052407
qft_adder,S1,2,0.01,1,8,1024,8192,0.849609375,0.8417050160614324,0.857186004315163,0.183349609375,0.06787109375,0.032958984375,nan,0.0577392578125,0.0926513671875,nan,nan,0.0577392578125,0,0.843017578125,0.85888671875,0.01271139949167008,8,2,8,36,30,20260920,761,1.6217270999914035
qft_adder,S1,2,0.01,2,8,1024,8192,0.8485107421875,0.8405837224587802,0.8561110621694252,0.187255859375,-0.105224609375,0.041015625,nan,0.0357666015625,nan,0.1104736328125,nan,0.0357666015625,0,0.8448486328125,0.8521759033203125,0.0057285787437617855,8,2,8,36,30,20260920,761,1.6016306999954395
qft_adder,S1,2,0.02,0,8,1024,8192,0.732666015625,0.7229748884025866,0.7421390378675918,0.471435546875,0.471435546875,0.0694580078125,0.267333984375,nan,0.1346435546875,nan,0.267333984375,nan,0,0.72509765625,0.7408447265625,0.012261319016404492,8,2,8,36,30,20260920,761,1.6607284000492655
qft_adder,S1,2,0.02,1,8,1024,8192,0.7298583984375,0.7201368940917153,0.7393644297103549,0.3331298828125,0.1212158203125,0.06298828125,nan,0.10595703125,0.1641845703125,nan,nan,0.10595703125,0,0.721435546875,0.7391357421875,0.01372098859403717,8,2,8,36,30,20260920,761,1.5900048000039533
qft_adder,S1,2,0.02,2,8,1024,8192,0.728515625,0.7187797649177711,0.738037270747378,0.338623046875,-0.192138671875,0.0732421875,nan,0.067138671875,nan,0.1982421875,nan,0.067138671875,0,0.721923828125,0.7354736328125,0.010334966058846057,8,2,8,36,30,20260920,761,1.6027830999810249
qft_adder,S1,2,0.03,0,8,1024,8192,0.6451416015625,0.6347146221771497,0.6554325228046144,0.638671875,0.638671875,0.0963134765625,0.3548583984375,nan,0.1875,nan,0.3548583984375,nan,0,0.6375732421875,0.6533203125,0.012207728774714148,8,2,8,36,30,20260920,761,1.6518325000070035
qft_adder,S1,2,0.03,1,8,1024,8192,0.6346435546875,0.6241552892927865,0.6450056029821384,0.4517822265625,0.1661376953125,0.08642578125,nan,0.142822265625,0.2225341796875,nan,nan,0.142822265625,0,0.6220703125,0.6473388671875,0.0195133672318158,8,2,8,36,30,20260920,761,1.6226535000023432
qft_adder,S1,2,0.03,2,8,1024,8192,0.633544921875,0.6230505531973086,0.643914103329226,0.4578857421875,-0.2498779296875,0.10400390625,nan,0.0914306640625,nan,0.262451171875,nan,0.0914306640625,0,0.6268310546875,0.6417236328125,0.011516459941079887,8,2,8,36,30,20260920,761,1.5992454999941401
qft_adder,S1,2,0.05,0,8,1024,8192,0.501708984375,0.4908834106705827,0.5125329560491353,0.907470703125,0.907470703125,0.1396484375,0.498291015625,nan,0.26953125,nan,0.498291015625,nan,0,0.489501953125,0.512451171875,0.017891170234010826,8,2,8,36,30,20260920,761,1.6738437000312842
qft_adder,S1,2,0.05,1,8,1024,8192,0.49658203125,0.48575905019674953,0.5074082163638145,0.6365966796875,0.2662353515625,0.1331787109375,nan,0.1851806640625,0.3182373046875,nan,nan,0.1851806640625,0,0.4864501953125,0.507080078125,0.01578979778674209,8,2,8,36,30,20260920,761,1.62392570002703
qft_adder,S1,2,0.05,2,8,1024,8192,0.49755859375,0.4867350311492763,0.5083844449654122,0.6376953125,-0.337158203125,0.1502685546875,nan,0.13525390625,nan,0.3521728515625,nan,0.13525390625,0,0.4886474609375,0.5078125,0.014865394815817504,8,2,8,36,30,20260920,761,1.5753295000176877
qft_adder,S1,4,0.0,0,8,1024,8192,1.0,0.9995312917117791,1.0,0.0,0.0,0.0,0.0,nan,0.0,nan,0.0,nan,1,1.0,1.0,0.0,8,3,15,63,66,20260920,761,0.10176059999503195
qft_adder,S1,4,0.0,1,8,1024,8192,1.0,0.9995312917117791,1.0,0.0,0.0,0.0,nan,0.0,0.0,nan,0.0,nan,1,1.0,1.0,0.0,8,3,15,63,66,20260920,761,0.11144529999000952
qft_adder,S1,4,0.0,2,8,1024,8192,1.0,0.9995312917117791,1.0,0.0,0.0,0.0,nan,0.0,nan,0.0,nan,0.0,1,1.0,1.0,0.0,8,3,15,63,66,20260920,761,0.11242469999706373
qft_adder,S1,4,0.0,3,8,1024,8192,1.0,0.9995312917117791,1.0,0.0,0.0,0.0,nan,0.0,nan,0.0,nan,0.0,1,1.0,1.0,0.0,8,3,15,63,66,20260920,761,0.11346609995234758
qft_adder,S1,4,0.0,4,8,1024,8192,1.0,0.9995312917117791,1.0,0.0,0.0,0.0,nan,0.0,nan,0.0,nan,0.0,1,1.0,1.0,0.0,8,3,15,63,66,20260920,761,0.10951879998901859
qft_adder,S1,4,0.001,0,8,1024,8192,0.9622802734375,0.9579332685141903,0.9661939291695273,0.1268310546875,0.1268310546875,0.01416015625,0.0377197265625,nan,0.0224609375,nan,0.0224609375,nan,1,0.9580078125,0.966552734375,0.00670387217663378,8,3,15,63,66,20260920,761,3.6034787999815308
qft_adder,S1,4,0.001,1,8,1024,8192,0.9573974609375,0.9528054694403159,0.961560680472779,0.105224609375,0.08740234375,0.014404296875,nan,0.0089111328125,0.03369140625,nan,0.03369140625,nan,1,0.9534912109375,0.9613067626953125,0.006196968705250884,8,3,15,63,66,20260920,761,3.5315457000397146
qft_adder,S1,4,0.001,2,8,1024,8192,0.9603271484375,0.9558800975340297,0.9643426810414387,0.08642578125,0.055908203125,0.0133056640625,nan,0.00341796875,nan,0.0118408203125,nan,0.0118408203125,1,0.9559326171875,0.9642333984375,0.006560072677023634,8,3,15,63,66,20260920,761,3.5189115999964997
qft_adder,S1,4,0.001,3,8,1024,8192,0.9603271484375,0.9558800975340297,0.9643426810414387,0.075927734375,0.020751953125,0.011962890625,nan,0.003173828125,nan,0.005615234375,nan,0.005615234375,1,0.9559326171875,0.964599609375,0.006784675059655312,8,3,15,63,66,20260920,761,3.4291586999897845
qft_adder,S1,4,0.001,4,8,1024,8192,0.9642333984375,0.9599894138497447,0.968042202942222,0.0699462890625,-0.0206298828125,0.012451171875,nan,0.004638671875,nan,0.00732421875,nan,0.00732421875,1,0.95947265625,0.968017578125,0.006413049578400243,8,3,15,63,66,20260920,761,3.4153864000109024
qft_adder,S1,4,0.003,0,8,1024,8192,0.8917236328125,0.8848103398334362,0.8982697175647814,0.3560791015625,0.3560791015625,0.0367431640625,0.1082763671875,nan,0.0653076171875,nan,0.0653076171875,nan,1,0.8837890625,0.8994140625,0.01187394331052493,8,3,15,63,66,20260920,761,3.536148899991531
qft_adder,S1,4,0.003,1,8,1024,8192,0.8857421875,0.8786717311260779,0.8924510427531267,0.2674560546875,0.2213134765625,0.034423828125,nan,0.0230712890625,0.0911865234375,nan,0.0911865234375,nan,1,0.880615234375,0.8917236328125,0.008481408567840772,8,3,15,63,66,20260920,761,3.424996799963992
qft_adder,S1,4,0.003,2,8,1024,8192,0.8990478515625,0.8923358373041848,0.905385791749967,0.20751953125,0.123291015625,0.0302734375,nan,0.0087890625,nan,0.0333251953125,nan,0.0333251953125,1,0.8922119140625,0.90576171875,0.010542966734124219,8,3,15,63,66,20260920,761,3.4186283000162803
qft_adder,S1,4,0.003,3,8,1024,8192,0.8900146484375,0.8830558138361784,0.8966078768423211,0.206298828125,0.0498046875,0.032470703125,nan,0.0076904296875,nan,0.01611328125,nan,0.01611328125,1,0.882080078125,0.8968505859375,0.011435584402959345,8,3,15,63,66,20260920,761,3.3896557000116445
qft_adder,S1,4,0.003,4,8,1024,8192,0.892333984375,0.8854370831883611,0.8988631051811842,0.2056884765625,-0.0885009765625,0.0341796875,nan,0.0162353515625,nan,0.02392578125,nan,0.02392578125,1,0.8870849609375,0.8974609375,0.008014784910985687,8,3,15,63,66,20260920,761,3.472536399960518
qft_adder,S1,4,0.005,0,8,1024,8192,0.827392578125,0.8190561136393192,0.8354221393809423,0.565673828125,0.565673828125,0.0570068359375,0.172607421875,nan,0.1038818359375,nan,0.1038818359375,nan,1,0.817626953125,0.8355712890625,0.013669383542120543,8,3,15,63,66,20260920,761,3.5745902999769896
qft_adder,S1,4,0.005,1,8,1024,8192,0.8231201171875,0.8147064792137931,0.8312308570071735,0.4329833984375,0.3631591796875,0.0574951171875,nan,0.034912109375,0.1419677734375,nan,0.1419677734375,nan,1,0.81689453125,0.8282470703125,0.008788093634594422,8,3,15,63,66,20260920,761,3.4552433000062592
qft_adder,S1,4,0.005,2,8,1024,8192,0.827392578125,0.8190561136393192,0.8354221393809423,0.3651123046875,0.2213134765625,0.054443359375,nan,0.0137939453125,nan,0.05810546875,nan,0.05810546875,1,0.8216552734375,0.8338623046875,0.00949327250743339,8,3,15,63,66,20260920,761,3.4343444999540225
qft_adder,S1,4,0.005,3,8,1024,8192,0.82568359375,0.8173160433728394,0.8337458429277042,0.331298828125,0.088623046875,0.053955078125,nan,0.0133056640625,nan,0.026123046875,nan,0.026123046875,1,0.820068359375,0.8311767578125,0.008593115845108534,8,3,15,63,66,20260920,761,3.452806600020267
qft_adder,S1,4,0.005,4,8,1024,8192,0.825439453125,0.8170674855937421,0.8335063483182703,0.33544921875,-0.125,0.0582275390625,nan,0.0262451171875,nan,0.03662109375,nan,0.03662109375,1,0.8134735107421875,0.837646484375,0.01887680048010765,8,3,15,63,66,20260920,761,3.4547782000154257
qft_adder,S1,4,0.01,0,8,1024,8192,0.694091796875,0.6840244350700767,0.7039772138121813,0.9935302734375,0.9935302734375,0.0985107421875,0.305908203125,nan,0.186767578125,nan,0.186767578125,nan,1,0.6866455078125,0.70263671875,0.012579420373348228,8,3,15,63,66,20260920,761,3.520477599988226
qft_adder,S1,4,0.01,1,8,1024,8192,0.6895751953125,0.6794693455294011,0.6995033341650309,0.762451171875,0.64404296875,0.099853515625,nan,0.0592041015625,0.251220703125,nan,0.251220703125,nan,1,0.6800537109375,0.6990966796875,0.014657154214547075,8,3,15,63,66,20260920,761,3.404778999974951
qft_adder,S1,4,0.01,2,8,1024,8192,0.6876220703125,0.6774999229503323,0.6975683376358505,0.68017578125,0.422119140625,0.1031494140625,nan,0.025390625,nan,0.1036376953125,nan,0.1036376953125,1,0.6781005859375,0.6986114501953125,0.016033287809024264,8,3,15,63,66,20260920,761,3.487334400007967
qft_adder,S1,4,0.01,3,8,1024,8192,0.6822509765625,0.6720850764939453,0.6922460315445523,0.6143798828125,0.1600341796875,0.098388671875,nan,0.0257568359375,nan,0.05029296875,nan,0.05029296875,1,0.673828125,0.690673828125,0.013153202611348998,8,3,15,63,66,20260920,761,3.426881699997466
qft_adder,S1,4,0.01,4,8,1024,8192,0.6883544921875,0.6782384320698831,0.698293985681893,0.6177978515625,-0.2327880859375,0.103515625,nan,0.0482177734375,nan,0.0703125,nan,0.0703125,1,0.6800537109375,0.696533203125,0.012716087697337617,8,3,15,63,66,20260920,761,3.461565600009635
qft_adder,S1,4,0.02,0,8,1024,8192,0.4866943359375,0.4758795682767161,0.4975215765483367,1.7552490234375,1.7552490234375,0.182373046875,0.5133056640625,nan,0.3427734375,nan,0.3427734375,nan,1,0.4798583984375,0.4937744140625,0.010760403335880265,8,3,15,63,66,20260920,761,3.5264945999952033
qft_adder,S1,4,0.02,1,8,1024,8192,0.489013671875,0.4781965975605109,0.4998410449555877,1.348876953125,1.1669921875,0.1820068359375,nan,0.0909423828125,0.4200439453125,nan,0.4200439453125,nan,1,0.4779052734375,0.49951171875,0.016587195069788115,8,3,15,63,66,20260920,761,3.42924700002186
qft_adder,S1,4,0.02,2,8,1024,8192,0.4852294921875,0.4744163014360459,0.49605652905782,1.153076171875,0.74951171875,0.1767578125,nan,0.0452880859375,nan,0.156494140625,nan,0.156494140625,1,0.4757080078125,0.4940185546875,0.0139426070539304,8,3,15,63,66,20260920,761,3.3691012000199407
qft_adder,S1,4,0.02,3,8,1024,8192,0.491455078125,0.48063582745038363,0.5022823389510265,1.03759765625,0.28759765625,0.1773681640625,nan,0.0457763671875,nan,0.0975341796875,nan,0.0975341796875,1,0.480712890625,0.5015869140625,0.016422103177147613,8,3,15,63,66,20260920,761,3.4375468000071123
qft_adder,S1,4,0.02,4,8,1024,8192,0.4886474609375,0.4778307353405594,0.4994748285927425,1.018310546875,-0.320068359375,0.1846923828125,nan,0.0662841796875,nan,0.1090087890625,nan,0.1090087890625,1,0.47705078125,0.5028076171875,0.01993812731564429,8,3,15,63,66,20260920,761,3.3532038999837823
qft_adder,S1,4,0.03,0,8,1024,8192,0.36328125,0.3529328350959311,0.3737578273266293,2.2193603515625,2.2193603515625,0.2333984375,0.63671875,nan,0.442626953125,nan,0.442626953125,nan,1,0.35595703125,0.3687744140625,0.01030856763499507,8,3,15,63,66,20260920,761,3.61230420001084
qft_adder,S1,4,0.03,1,8,1024,8192,0.3740234375,0.36360669673445034,0.38455827078348037,1.7158203125,1.505126953125,0.2288818359375,nan,0.1053466796875,0.5206298828125,nan,0.5206298828125,nan,1,0.3656005859375,0.3818359375,0.012538740886507433,8,3,15,63,66,20260920,761,3.4899577999603935
qft_adder,S1,4,0.03,2,8,1024,8192,0.368408203125,0.35802648454562735,0.3789132780360871,1.4481201171875,0.9163818359375,0.2236328125,nan,0.0660400390625,nan,0.1998291015625,nan,0.1998291015625,1,0.356689453125,0.381103515625,0.018702783625412733,8,3,15,63,66,20260920,761,3.467017700022552
qft_adder,S1,4,0.03,3,8,1024,8192,0.373779296875,0.3633640474051166,0.3843128677242829,1.283935546875,0.302978515625,0.2174072265625,nan,0.0626220703125,nan,0.133544921875,nan,0.133544921875,1,0.362060546875,0.3837890625,0.016864142583337866,8,3,15,63,66,20260920,761,3.4528416999964975
qft_adder,S1,4,0.03,4,8,1024,8192,0.3665771484375,0.35620717801495605,0.37707219165277484,1.2960205078125,-0.3931884765625,0.2342529296875,nan,0.0843505859375,nan,0.1427001953125,nan,0.1427001953125,1,0.3590087890625,0.3743896484375,0.011787575744006448,8,3,15,63,66,20260920,761,3.449054899974726
qft_adder,S1,4,0.05,0,8,1024,8192,0.22509765625,0.21618367494136626,0.23426933557256774,2.7908935546875,2.7908935546875,0.2939453125,0.77490234375,nan,0.5804443359375,nan,0.5804443359375,nan,1,0.2154541015625,0.23486328125,0.014911148678445745,8,3,15,63,66,20260920,761,3.5200349999940954
qft_adder,S1,4,0.05,1,8,1024,8192,0.2320556640625,0.22304110282652498,0.24132140076054656,2.1954345703125,1.9503173828125,0.2911376953125,nan,0.12255859375,0.6453857421875,nan,0.6453857421875,nan,1,0.2232666015625,0.2403564453125,0.013132470528539783,8,3,15,63,66,20260920,761,3.485797700006515
qft_adder,S1,4,0.05,2,8,1024,8192,0.2371826171875,0.22809617811061947,0.24651542563560605,1.8289794921875,1.1810302734375,0.2901611328125,nan,0.0924072265625,nan,0.2315673828125,nan,0.2315673828125,1,0.2313232421875,0.2425537109375,0.00874146181150789,8,3,15,63,66,20260920,761,3.4846621999749914
qft_adder,S1,4,0.05,3,8,1024,8192,0.2459716796875,0.23676629737102917,0.25541519236231747,1.643310546875,0.441650390625,0.298828125,nan,0.0855712890625,nan,0.1790771484375,nan,0.1790771484375,1,0.2327880859375,0.260009765625,0.02134720249015365,8,3,15,63,66,20260920,761,3.4314011999522336
qft_adder,S1,4,0.05,4,8,1024,8192,0.2255859375,0.21666478203769537,0.2347643332533009,1.66552734375,-0.46533203125,0.3048095703125,nan,0.106689453125,nan,0.1905517578125,nan,0.1905517578125,1,0.2203369140625,0.230224609375,0.007618260570020115,8,3,15,63,66,20260920,761,3.4160397000377998
qft_adder,S1,6,0.0,0,8,1024,8192,1.0,0.9995312917117791,1.0,0.0,0.0,0.0,0.0,nan,0.0,nan,0.0,nan,1,1.0,1.0,0.0,8,3,21,71,90,20260920,761,0.1059681000187993
qft_adder,S1,6,0.0,1,8,1024,8192,1.0,0.9995312917117791,1.0,0.0,0.0,0.0,nan,0.0,0.0,nan,0.0,nan,1,1.0,1.0,0.0,8,3,21,71,90,20260920,761,0.12776830000802875
qft_adder,S1,6,0.0,2,8,1024,8192,1.0,0.9995312917117791,1.0,0.0,0.0,0.0,nan,0.0,nan,0.0,nan,0.0,1,1.0,1.0,0.0,8,3,21,71,90,20260920,761,0.1497718999744393
qft_adder,S1,6,0.0,3,8,1024,8192,1.0,0.9995312917117791,1.0,0.0,0.0,0.0,nan,0.0,nan,0.0,nan,0.0,1,1.0,1.0,0.0,8,3,21,71,90,20260920,761,0.12709979998180643
qft_adder,S1,6,0.0,4,8,1024,8192,1.0,0.9995312917117791,1.0,0.0,0.0,0.0,nan,0.0,nan,0.0,nan,0.0,1,1.0,1.0,0.0,8,3,21,71,90,20260920,761,0.1339041999890469
qft_adder,S1,6,0.0,5,8,1024,8192,1.0,0.9995312917117791,1.0,0.0,0.0,0.0,nan,0.0,nan,0.0,nan,0.0,1,1.0,1.0,0.0,8,3,21,71,90,20260920,761,0.13029509998159483
qft_adder,S1,6,0.0,6,8,1024,8192,1.0,0.9995312917117791,1.0,0.0,0.0,0.0,nan,0.0,nan,0.0,nan,0.0,1,1.0,1.0,0.0,8,3,21,71,90,20260920,761,0.1258123000152409
qft_adder,S1,6,0.001,0,8,1024,8192,0.945068359375,0.9399225351236706,0.9497969691686015,0.1739501953125,0.1739501953125,0.0072021484375,0.054931640625,nan,0.03125,nan,0.03125,nan,1,0.9407958984375,0.9493408203125,0.006576924981207125,8,3,21,71,90,20260920,761,6.001872199994978
qft_adder,S1,6,0.001,1,8,1024,8192,0.9537353515625,0.9489700321565006,0.9580753319286271,0.09619140625,0.072509765625,0.001220703125,nan,0.0118408203125,0.034423828125,nan,0.034423828125,nan,1,0.9510498046875,0.9566650390625,0.004518721977528392,8,3,21,71,90,20260920,761,5.9266617000103
qft_adder,S1,6,0.001,2,8,1024,8192,0.9520263671875,0.9471828888357353,0.9564461085296744,0.0926513671875,0.0589599609375,0.003662109375,nan,0.0025634765625,nan,0.0142822265625,nan,0.0142822265625,1,0.947265625,0.9566650390625,0.0072034783786448855,8,3,21,71,90,20260920,761,5.887798199953977
qft_adder,S1,6,0.001,3,8,1024,8192,0.953125,0.9483315761589772,0.9574936569548225,0.0845947265625,0.0296630859375,0.0076904296875,nan,0.0025634765625,nan,0.00537109375,nan,0.00537109375,1,0.947509765625,0.9580078125,0.008069840883917172,8,3,21,71,90,20260920,761,5.851883399998769
qft_adder,S1,6,0.001,4,8,1024,8192,0.9554443359375,0.9507588752823388,0.9597028555225067,0.0799560546875,-0.0201416015625,0.00390625,nan,0.0050048828125,nan,0.0084228515625,nan,0.0084228515625,1,0.9522705078125,0.958251953125,0.004578624800355479,8,3,21,71,90,20260920,761,5.8352484999923036
qft_adder,S1,6,0.001,5,8,1024,8192,0.948486328125,0.9434859955672722,0.9530662421644359,0.1011962890625,-0.0667724609375,0.0030517578125,nan,0.0054931640625,nan,0.0113525390625,nan,0.0113525390625,1,0.945068359375,0.9517822265625,0.005213417115249664,8,3,21,71,90,20260920,761,5.837730899977032
qft_adder,S1,6,0.001,6,8,1024,8192,0.9515380859375,0.9466725765132495,0.9559803160750977,0.1051025390625,-0.0904541015625,0.00732421875,nan,0.0028076171875,nan,0.00732421875,nan,0.00732421875,1,0.9468994140625,0.9554443359375,0.006724163928456876,8,3,21,71,90,20260920,761,5.922248799994122
qft_adder,S1,6,0.003,0,8,1024,8192,0.8658447265625,0.8582926389722649,0.8730538652416515,0.41064453125,0.41064453125,0.0162353515625,0.1341552734375,nan,0.07470703125,nan,0.07470703125,nan,1,0.8582763671875,0.87158203125,0.010134461894804858,8,3,21,71,90,20260920,761,6.087794499995653
qft_adder,S1,6,0.003,1,8,1024,8192,0.8629150390625,0.8552968714908028,0.8701930040607398,0.3101806640625,0.2498779296875,0.0087890625,nan,0.0301513671875,0.10693359375,nan,0.10693359375,nan,1,0.85400390625,0.8717041015625,0.01366128316597682,8,3,21,71,90,20260920,761,6.167919199971948
qft_adder,S1,6,0.003,2,8,1024,8192,0.861572265625,0.8539241944034703,0.8688813930111512,0.27783203125,0.167724609375,0.01318359375,nan,0.0123291015625,nan,0.042724609375,nan,0.042724609375,1,0.85595703125,0.866943359375,0.008573274867710137,8,3,21,71,90,20260920,761,5.943441300012637
qft_adder,S1,6,0.003,3,8,1024,8192,0.8643798828125,0.8567946107325931,0.8716235791501364,0.246337890625,0.0703125,0.0167236328125,nan,0.010498046875,nan,0.0201416015625,nan,0.0201416015625,1,0.858642578125,0.8704833984375,0.00907786752913945,8,3,21,71,90,20260920,761,5.816614100011066
qft_adder,S1,6,0.003,4,8,1024,8192,0.8641357421875,0.8565449675627171,0.8713851699314813,0.2490234375,-0.08837890625,0.009765625,nan,0.0179443359375,nan,0.0284423828125,nan,0.0284423828125,1,0.857177734375,0.8707275390625,0.010754070892585982,8,3,21,71,90,20260920,761,5.847592299978714
qft_adder,S1,6,0.003,5,8,1024,8192,0.8612060546875,0.8535498691169706,0.868523639714854,0.2777099609375,-0.1829833984375,0.010009765625,nan,0.0133056640625,nan,0.029052734375,nan,0.029052734375,1,0.8551025390625,0.866455078125,0.008803582685845295,8,3,21,71,90,20260920,761,5.894305599969812
qft_adder,S1,6,0.003,6,8,1024,8192,0.860595703125,0.8529260325950518,0.867927345265445,0.313232421875,-0.271728515625,0.020751953125,nan,0.0069580078125,nan,0.022705078125,nan,0.022705078125,1,0.8524169921875,0.869140625,0.012644235334179165,8,3,21,71,90,20260920,761,5.809865600022022
qft_adder,S1,6,0.005,0,8,1024,8192,0.7802734375,0.7711768162290541,0.7891073258046971,0.688720703125,0.688720703125,0.0269775390625,0.2197265625,nan,0.1260986328125,nan,0.1260986328125,nan,1,0.7701416015625,0.7884521484375,0.013996855090607153,8,3,21,71,90,20260920,761,6.053428499959409
qft_adder,S1,6,0.005,1,8,1024,8192,0.780517578125,0.7714244203724798,0.7893477740498025,0.5091552734375,0.4222412109375,0.0155029296875,nan,0.04345703125,0.176025390625,nan,0.176025390625,nan,1,0.771240234375,0.7901611328125,0.014669348913215863,8,3,21,71,90,20260920,761,5.970965399988927
qft_adder,S1,6,0.005,2,8,1024,8192,0.7811279296875,0.7720434506328628,0.7899488747607473,0.4508056640625,0.2796630859375,0.02294921875,nan,0.0181884765625,nan,0.0673828125,nan,0.0673828125,1,0.771728515625,0.7904083251953125,0.014422905749747979,8,3,21,71,90,20260920,761,5.980530800006818
qft_adder,S1,6,0.005,3,8,1024,8192,0.785400390625,0.7763774653074675,0.7941557768854375,0.3985595703125,0.1241455078125,0.0303955078125,nan,0.0159912109375,nan,0.0308837890625,nan,0.0308837890625,1,0.7806396484375,0.7896728515625,0.007056587222957855,8,3,21,71,90,20260920,761,6.034677600022405
qft_adder,S1,6,0.005,4,8,1024,8192,0.78369140625,0.774643689948487,0.7924731855247003,0.3951416015625,-0.1317138671875,0.0172119140625,nan,0.0260009765625,nan,0.044677734375,nan,0.044677734375,1,0.7789306640625,0.78857421875,0.007528313372339309,8,3,21,71,90,20260920,761,5.7936769999796525
qft_adder,S1,6,0.005,5,8,1024,8192,0.7767333984375,0.7675870637044344,0.7856203186956152,0.46435546875,-0.3193359375,0.0157470703125,nan,0.02197265625,nan,0.0528564453125,nan,0.0528564453125,1,0.77099609375,0.783203125,0.00940948682656052,8,3,21,71,90,20260920,761,5.9515056000091136
qft_adder,S1,6,0.005,6,8,1024,8192,0.78173828125,0.7726625093928431,0.7905499469720948,0.49658203125,-0.42529296875,0.03564453125,nan,0.0126953125,nan,0.035400390625,nan,0.035400390625,1,0.773193359375,0.789306640625,0.012440567416075866,8,3,21,71,90,20260920,761,5.937107899982948
qft_adder,S1,6,0.01,0,8,1024,8192,0.6185302734375,0.6079582979510737,0.6289911366807958,1.2418212890625,1.2418212890625,0.0501708984375,0.3814697265625,nan,0.2371826171875,nan,0.2371826171875,nan,1,0.60791015625,0.6287841796875,0.01614759350629601,8,3,21,71,90,20260920,761,6.041584399994463
qft_adder,S1,6,0.01,1,8,1024,8192,0.6214599609375,0.6109022848349287,0.6319037784593146,0.92236328125,0.77734375,0.030517578125,nan,0.072509765625,0.3060302734375,nan,0.3060302734375,nan,1,0.6080291748046875,0.635498046875,0.02118383477004724,8,3,21,71,90,20260920,761,6.007646400015801
qft_adder,S1,6,0.01,2,8,1024,8192,0.62548828125,0.6149509316355347,0.6359079960694723,0.7999267578125,0.5267333984375,0.041748046875,nan,0.0279541015625,nan,0.108642578125,nan,0.108642578125,1,0.618408203125,0.6312255859375,0.009917897649093874,8,3,21,71,90,20260920,761,5.96936149999965
qft_adder,S1,6,0.01,3,8,1024,8192,0.6239013671875,0.6133559180151804,0.6343306691643742,0.7193603515625,0.1822509765625,0.046630859375,nan,0.03515625,nan,0.0687255859375,nan,0.0687255859375,1,0.6119384765625,0.636962890625,0.019316886555354944,8,3,21,71,90,20260920,761,5.911180299997795
qft_adder,S1,6,0.01,4,8,1024,8192,0.62109375,0.610534264257806,0.6315397204536406,0.721923828125,-0.213623046875,0.0343017578125,nan,0.0457763671875,nan,0.0821533203125,nan,0.0821533203125,1,0.61376953125,0.6295166015625,0.012230724773606969,8,3,21,71,90,20260920,761,5.98233629995957
qft_adder,S1,6,0.01,5,8,1024,8192,0.6142578125,0.6036657094565651,0.6247428083760095,0.81884765625,-0.560302734375,0.02978515625,nan,0.0413818359375,nan,0.08984375,nan,0.08984375,1,0.603271484375,0.6253662109375,0.01713860231912524,8,3,21,71,90,20260920,761,5.924680299998727
qft_adder,S1,6,0.01,6,8,1024,8192,0.6279296875,0.6174050334777025,0.6383344181126159,0.9134521484375,-0.8048095703125,0.0543212890625,nan,0.0281982421875,nan,0.070556640625,nan,0.070556640625,1,0.616943359375,0.6405029296875,0.018217537213064093,8,3,21,71,90,20260920,761,5.798521499964409
qft_adder,S1,6,0.02,0,8,1024,8192,0.405517578125,0.3949319565154459,0.41619176912300215,2.019775390625,2.019775390625,0.0760498046875,0.594482421875,nan,0.401123046875,nan,0.401123046875,nan,1,0.39794921875,0.411376953125,0.010449675077652683,8,3,21,71,90,20260920,761,5.965284499980044
qft_adder,S1,6,0.02,1,8,1024,8192,0.4156494140625,0.4050191904809811,0.4263587092815093,1.50439453125,1.308837890625,0.0533447265625,nan,0.0977783203125,0.486572265625,nan,0.486572265625,nan,1,0.403076171875,0.42822265625,0.019752772076336703,8,3,21,71,90,20260920,761,5.847974800039083
qft_adder,S1,6,0.02,2,8,1024,8192,0.412109375,0.4014942053403421,0.4228069347884468,1.3079833984375,0.8538818359375,0.0625,nan,0.0589599609375,nan,0.1680908203125,nan,0.1680908203125,1,0.3992919921875,0.42431640625,0.0192502101681477,8,3,21,71,90,20260920,761,5.936928900016937
qft_adder,S1,6,0.02,3,8,1024,8192,0.416015625,0.4053838764773121,0.426726101867975,1.1639404296875,0.3062744140625,0.0770263671875,nan,0.060302734375,nan,0.1173095703125,nan,0.1173095703125,1,0.4073486328125,0.426025390625,0.014475353924283127,8,3,21,71,90,20260920,761,5.816197599982843
qft_adder,S1,6,0.02,4,8,1024,8192,0.4219970703125,0.4113412704214746,0.43272599144282553,1.15576171875,-0.325927734375,0.0614013671875,nan,0.0755615234375,nan,0.1336669921875,nan,0.1336669921875,1,0.4146728515625,0.43005676269531246,0.012033504352730534,8,3,21,71,90,20260920,761,5.870030999998562
qft_adder,S1,6,0.02,5,8,1024,8192,0.4041748046875,0.39359544510764655,0.41484399239388015,1.336669921875,-0.921875,0.054443359375,nan,0.0672607421875,nan,0.145263671875,nan,0.145263671875,1,0.3885498046875,0.4193115234375,0.023974488618494983,8,3,21,71,90,20260920,761,5.908369900018442
qft_adder,S1,6,0.02,6,8,1024,8192,0.413330078125,0.402709653349051,0.4240317487223935,1.5302734375,-1.357666015625,0.0863037109375,nan,0.0572509765625,nan,0.12548828125,nan,0.12548828125,1,0.4022216796875,0.4241943359375,0.01690448747971171,8,3,21,71,90,20260920,761,5.9303856999613345
qft_adder,S1,6,0.03,0,8,1024,8192,0.2808837890625,0.27125591832564017,0.2907170629676598,2.5450439453125,2.5450439453125,0.09228515625,0.7191162109375,nan,0.5208740234375,nan,0.5208740234375,nan,1,0.275634765625,0.286376953125,0.008186125495376083,8,3,21,71,90,20260920,761,6.085283100022934
qft_adder,S1,6,0.03,1,8,1024,8192,0.2989501953125,0.28913280538656105,0.3089560526580434,1.9222412109375,1.7032470703125,0.0782470703125,nan,0.1094970703125,0.591552734375,nan,0.591552734375,nan,1,0.2891845703125,0.3087158203125,0.015096725861013257,8,3,21,71,90,20260920,761,5.961310299986508
qft_adder,S1,6,0.03,2,8,1024,8192,0.2977294921875,0.28792431673491015,0.3077242793670386,1.641357421875,1.10400390625,0.0906982421875,nan,0.07275390625,nan,0.1959228515625,nan,0.1959228515625,1,0.2879638671875,0.3070068359375,0.014582604111066258,8,3,21,71,90,20260920,761,5.874612600018736
qft_adder,S1,6,0.03,3,8,1024,8192,0.3043212890625,0.29445114956786334,0.31437486102442624,1.427978515625,0.353271484375,0.0872802734375,nan,0.0787353515625,nan,0.1593017578125,nan,0.1593017578125,1,0.2938232421875,0.3157958984375,0.017177806944869246,8,3,21,71,90,20260920,761,5.932593600009568
qft_adder,S1,6,0.03,4,8,1024,8192,0.2998046875,0.2899787974459397,0.30981824395852375,1.4447021484375,-0.4129638671875,0.078857421875,nan,0.0906982421875,nan,0.1729736328125,nan,0.1729736328125,1,0.2935791015625,0.30615234375,0.0097236822506845,8,3,21,71,90,20260920,761,5.898633299977519
qft_adder,S1,6,0.03,5,8,1024,8192,0.288818359375,0.279104923050834,0.298729760869728,1.6624755859375,-1.1431884765625,0.07568359375,nan,0.0919189453125,nan,0.1851806640625,nan,0.1851806640625,1,0.2769775390625,0.30078125,0.01860052198389555,8,3,21,71,90,20260920,761,5.938935299986042
qft_adder,S1,6,0.03,6,8,1024,8192,0.2869873046875,0.27729328625525695,0.2968810047513215,1.9359130859375,-1.7310791015625,0.1024169921875,nan,0.0767822265625,nan,0.16650390625,nan,0.16650390625,1,0.2744140625,0.298583984375,0.018605556883817303,8,3,21,71,90,20260920,761,5.996781499998178
qft_adder,S1,6,0.05,0,8,1024,8192,0.1793212890625,0.17116496251781188,0.18777822514653297,3.056884765625,3.056884765625,0.104248046875,0.8206787109375,nan,0.64990234375,nan,0.64990234375,nan,1,0.1729736328125,0.18603515625,0.010107539816642799,8,3,21,71,90,20260920,761,6.056733600038569
qft_adder,S1,6,0.05,1,8,1024,8192,0.1864013671875,0.17811603580813654,0.19498067112361142,2.365966796875,2.121337890625,0.10400390625,nan,0.122314453125,0.6912841796875,nan,0.6912841796875,nan,1,0.177734375,0.1944580078125,0.012970673357739252,8,3,21,71,90,20260920,761,5.989847299992107
qft_adder,S1,6,0.05,2,8,1024,8192,0.1968994140625,0.18843119291299848,0.2056517667255886,1.97216796875,1.318603515625,0.1126708984375,nan,0.100830078125,nan,0.2259521484375,nan,0.2259521484375,1,0.18994140625,0.2039794921875,0.010760403335880265,8,3,21,71,90,20260920,761,5.964041500003077
qft_adder,S1,6,0.05,3,8,1024,8192,0.203369140625,0.194792967572297,0.21222338036236535,1.717041015625,0.394287109375,0.1075439453125,nan,0.1024169921875,nan,0.2088623046875,nan,0.2088623046875,1,0.1912841796875,0.216064453125,0.01908495400238519,8,3,21,71,90,20260920,761,5.981590999988839
qft_adder,S1,6,0.05,4,8,1024,8192,0.1978759765625,0.18939123334273203,0.20664393584997962,1.7294921875,-0.4453125,0.1016845703125,nan,0.1072998046875,nan,0.2049560546875,nan,0.2049560546875,1,0.18896484375,0.208251953125,0.0150107490535777,8,3,21,71,90,20260920,761,5.948556299961638
qft_adder,S1,6,0.05,5,8,1024,8192,0.194091796875,0.1856715351416038,0.20279882202887514,1.98095703125,-1.346923828125,0.0985107421875,nan,0.1064453125,nan,0.2200927734375,nan,0.2200927734375,1,0.1844482421875,0.203857421875,0.01496359266932182,8,3,21,71,90,20260920,761,5.880177899962291
qft_adder,S1,6,0.05,6,8,1024,8192,0.177734375,0.16960761431290786,0.18616323282598454,2.4119873046875,-2.1871337890625,0.1124267578125,nan,0.105712890625,nan,0.21484375,nan,0.21484375,1,0.1710205078125,0.184814453125,0.010710433994235064,8,3,21,71,90,20260920,761,5.900434300012421
qft_adder,S2,2,0.0,0,8,1024,8192,0.911376953125,0.9050283044286316,0.917339970246343,0.146484375,0.146484375,0.0147705078125,0.088623046875,nan,0.0430908203125,nan,0.088623046875,nan,0,0.9066162109375,0.91552734375,0.006920120996225395,8,2,8,36,30,20260920,761,1.679090499994345
qft_adder,S2,2,0.0,1,8,1024,8192,0.9073486328125,0.9008776258444259,0.9134377844197846,0.125,0.056640625,0.0323486328125,nan,0.0341796875,0.0584716796875,nan,nan,0.0341796875,0,0.9010009765625,0.9122314453125,0.00897219762621131,8,2,8,36,30,20260920,761,1.6661997999763116
qft_adder,S2,2,0.0,2,8,1024,8192,0.903076171875,0.8964793187102434,0.9092951747546721,0.1278076171875,-0.0689697265625,0.0294189453125,nan,0.0308837890625,nan,0.0675048828125,nan,0.0308837890625,0,0.8983154296875,0.907958984375,0.007432697407908752,8,2,8,36,30,20260920,761,1.6682174999732524
qft_adder,S2,2,0.001,0,8,1024,8192,0.8951416015625,0.8883209812538607,0.9015918095837928,0.1754150390625,0.1754150390625,0.01904296875,0.1048583984375,nan,0.051513671875,nan,0.1048583984375,nan,0,0.889404296875,0.9010009765625,0.008934155489104813,8,2,8,36,30,20260920,761,2.272404599993024
qft_adder,S2,2,0.001,1,8,1024,8192,0.893798828125,0.8869415440219232,0.900286958678809,0.1405029296875,0.0589599609375,0.0343017578125,nan,0.040771484375,0.0654296875,nan,nan,0.040771484375,0,0.8878173828125,0.89990234375,0.009435693371232786,8,2,8,36,30,20260920,761,1.8700926000019535
qft_adder,S2,2,0.001,2,8,1024,8192,0.888671875,0.8816776197669668,0.8953017827746114,0.1451416015625,-0.0797119140625,0.03271484375,nan,0.0338134765625,nan,0.07861328125,nan,0.0338134765625,0,0.8843994140625,0.893310546875,0.006925041097093112,8,2,8,36,30,20260920,761,1.8491636000107974
qft_adder,S2,2,0.003,0,8,1024,8192,0.8641357421875,0.8565449675627171,0.8713851699314813,0.23046875,0.23046875,0.02783203125,0.1358642578125,nan,0.0667724609375,nan,0.1358642578125,nan,0,0.85498046875,0.8729248046875,0.01401084009234001,8,2,8,36,30,20260920,761,2.3125071999966167
qft_adder,S2,2,0.003,1,8,1024,8192,0.86328125,0.8556712794222956,0.870550674712044,0.175048828125,0.068359375,0.038330078125,nan,0.0533447265625,0.0833740234375,nan,nan,0.0533447265625,0,0.85693359375,0.8704833984375,0.01036129722523836,8,2,8,36,30,20260920,761,1.8612233999883756
qft_adder,S2,2,0.003,2,8,1024,8192,0.8621826171875,0.8545481090239299,0.8694776093620195,0.1787109375,-0.09765625,0.04052734375,nan,0.0408935546875,nan,0.0972900390625,nan,0.0408935546875,0,0.85693359375,0.8670654296875,0.007923965913369845,8,2,8,36,30,20260920,761,1.8651307999971323
qft_adder,S2,2,0.005,0,8,1024,8192,0.83984375,0.8317428281221834,0.8476260967131665,0.270263671875,0.270263671875,0.0343017578125,0.16015625,nan,0.0758056640625,nan,0.16015625,nan,0,0.833251953125,0.8470458984375,0.010786485368346935,8,2,8,36,30,20260920,761,2.280474800034426
qft_adder,S2,2,0.005,1,8,1024,8192,0.83544921875,0.8272633023476389,0.8433206794941505,0.2108154296875,0.0816650390625,0.0462646484375,nan,0.0645751953125,0.0999755859375,nan,nan,0.0645751953125,0,0.8284912109375,0.843505859375,0.011637085242004868,8,2,8,36,30,20260920,761,1.866188800020609
qft_adder,S2,2,0.005,2,8,1024,8192,0.8370361328125,0.8288806690642595,0.8448756533029821,0.21142578125,-0.1123046875,0.049560546875,nan,0.0484619140625,nan,0.1134033203125,nan,0.0484619140625,0,0.8316650390625,0.843017578125,0.00874146181150789,8,2,8,36,30,20260920,761,1.8601132999756373
qft_adder,S2,2,0.01,0,8,1024,8192,0.778564453125,0.7694437140652078,0.7874240612488254,0.3858642578125,0.3858642578125,0.0517578125,0.221435546875,nan,0.1126708984375,nan,0.221435546875,nan,0,0.7740478515625,0.783935546875,0.007649492223077708,8,2,8,36,30,20260920,761,2.2702437000116333
qft_adder,S2,2,0.01,1,8,1024,8192,0.7720947265625,0.7628846682318611,0.7810497187860967,0.2891845703125,0.1143798828125,0.061279296875,nan,0.08740234375,0.1405029296875,nan,nan,0.08740234375,0,0.7646484375,0.7789306640625,0.011010715120878594,8,2,8,36,30,20260920,761,1.8813203999889083
qft_adder,S2,2,0.01,2,8,1024,8192,0.771240234375,0.7620186104645389,0.78020759319356,0.2928466796875,-0.1566162109375,0.068115234375,nan,0.0640869140625,nan,0.16064453125,nan,0.0640869140625,0,0.7674560546875,0.7762451171875,0.006820973737071504,8,2,8,36,30,20260920,761,1.8547852999763563
qft_adder,S2,2,0.02,0,8,1024,8192,0.679443359375,0.6692552052321864,0.689463300338203,0.572021484375,0.572021484375,0.082763671875,0.320556640625,nan,0.168701171875,nan,0.320556640625,nan,0,0.6697998046875,0.6907958984375,0.016213374520992845,8,2,8,36,30,20260920,761,2.2787254999857396
qft_adder,S2,2,0.02,1,8,1024,8192,0.6689453125,0.6586776413899866,0.6790546114735636,0.4171142578125,0.1671142578125,0.0860595703125,nan,0.125,0.2060546875,nan,nan,0.125,0,0.6606414794921875,0.6779815673828125,0.013389950391408289,8,2,8,36,30,20260920,761,1.895538300042972
qft_adder,S2,2,0.02,2,8,1024,8192,0.6669921875,0.6567103578954891,0.677117475859812,0.422607421875,-0.232421875,0.0950927734375,nan,0.089599609375,nan,0.2379150390625,nan,0.089599609375,0,0.6627197265625,0.671875,0.007042092334890604,8,2,8,36,30,20260920,761,1.871906999964267
qft_adder,S2,2,0.03,0,8,1024,8192,0.5999755859375,0.5893223853678002,0.6105350677357024,0.72900390625,0.72900390625,0.1077880859375,0.4000244140625,nan,0.22119140625,nan,0.4000244140625,nan,0,0.5948486328125,0.60498046875,0.0077939494465499755,8,2,8,36,30,20260920,761,2.2842259999597445
qft_adder,S2,2,0.03,1,8,1024,8192,0.58447265625,0.5737637562607422,0.5951023701710331,0.5238037109375,0.1998291015625,0.1082763671875,nan,0.1619873046875,0.2535400390625,nan,nan,0.1619873046875,0,0.57373046875,0.593994140625,0.015720619807669062,8,2,8,36,30,20260920,761,1.8749477000092156
qft_adder,S2,2,0.03,2,8,1024,8192,0.5830078125,0.5722942141819148,0.5936435979186735,0.5321044921875,-0.2965087890625,0.1177978515625,nan,0.1151123046875,nan,0.2991943359375,nan,0.1151123046875,0,0.5726318359375,0.5933837890625,0.015884425588716833,8,2,8,36,30,20260920,761,1.8712234999984503
qft_adder,S2,2,0.05,0,8,1024,8192,0.469482421875,0.45869206199943613,0.4803013894341711,0.9835205078125,0.9835205078125,0.1517333984375,0.530517578125,nan,0.30126953125,nan,0.530517578125,nan,0,0.46142578125,0.4775390625,0.012338852971603758,8,2,8,36,30,20260920,761,2.283671899989713
qft_adder,S2,2,0.05,1,8,1024,8192,0.467041015625,0.45625516036232944,0.47785776718596634,0.679443359375,0.2919921875,0.146484375,nan,0.1937255859375,0.3392333984375,nan,nan,0.1937255859375,0,0.452880859375,0.4825439453125,0.02254720670589952,8,2,8,36,30,20260920,761,1.8993322999449447
qft_adder,S2,2,0.05,2,8,1024,8192,0.464599609375,0.45381851837976994,0.4754138852832145,0.6861572265625,-0.3822021484375,0.1519775390625,nan,0.1507568359375,nan,0.3834228515625,nan,0.1507568359375,0,0.4561767578125,0.47412109375,0.013926108006209555,8,2,8,36,30,20260920,761,1.8539066999801435
qft_adder,S2,4,0.0,0,8,1024,8192,0.8271484375,0.8188075143378781,0.8351826862938523,0.5274658203125,0.5274658203125,0.036865234375,0.1728515625,nan,0.1104736328125,nan,0.1104736328125,nan,1,0.8177490234375,0.8358154296875,0.013938331398368994,8,3,15,63,66,20260920,761,3.7268013999564573
qft_adder,S2,4,0.0,1,8,1024,8192,0.8128662109375,0.8042745137314414,0.8211646221712171,0.46240234375,0.375,0.0655517578125,nan,0.043701171875,0.1434326171875,nan,0.1434326171875,nan,1,0.802978515625,0.8218994140625,0.014294815570287932,8,3,15,63,66,20260920,761,3.5883556999615394
qft_adder,S2,4,0.0,2,8,1024,8192,0.805908203125,0.7972011779711249,0.8143284648583963,0.43359375,0.253173828125,0.06591796875,nan,0.02587890625,nan,0.0643310546875,nan,0.0643310546875,1,0.799072265625,0.8135986328125,0.011349632254345194,8,3,15,63,66,20260920,761,3.517228899989277
qft_adder,S2,4,0.0,3,8,1024,8192,0.7978515625,0.7890162772357682,0.8064076367722252,0.4268798828125,0.1307373046875,0.0726318359375,nan,0.009521484375,nan,0.038330078125,nan,0.038330078125,1,0.7899169921875,0.8060302734375,0.012462450577079964,8,3,15,63,66,20260920,761,3.5034247000003234
qft_adder,S2,4,0.0,4,8,1024,8192,0.7991943359375,0.7903800443196523,0.8077281578252624,0.4212646484375,-0.1827392578125,0.0679931640625,nan,0.0419921875,nan,0.0555419921875,nan,0.0555419921875,1,0.791259765625,0.8070068359375,0.012241163219454761,8,3,15,63,66,20260920,761,3.49543300003279
qft_adder,S2,4,0.001,0,8,1024,8192,0.800537109375,0.7917439630684041,0.8090485272134319,0.6263427734375,0.6263427734375,0.04931640625,0.199462890625,nan,0.127685546875,nan,0.127685546875,nan,1,0.789794921875,0.8109130859375,0.016188146225854017,8,3,15,63,66,20260920,761,5.886325599974953
qft_adder,S2,4,0.001,1,8,1024,8192,0.7830810546875,0.7740245394084024,0.7918722050934568,0.537109375,0.438720703125,0.074462890625,nan,0.0491943359375,0.167724609375,nan,0.167724609375,nan,1,0.7734344482421875,0.79248046875,0.014601277321259213,8,3,15,63,66,20260920,761,4.32044759998098
qft_adder,S2,4,0.001,2,8,1024,8192,0.7762451171875,0.7670919994374956,0.7851392781854918,0.5006103515625,0.2901611328125,0.076416015625,nan,0.02880859375,nan,0.076416015625,nan,0.076416015625,1,0.7639129638671875,0.7889434814453125,0.0195133672318158,8,3,15,63,66,20260920,761,4.268867300008424
qft_adder,S2,4,0.001,3,8,1024,8192,0.773193359375,0.7639982497149551,0.7821323730513929,0.4718017578125,0.1329345703125,0.079833984375,nan,0.0128173828125,nan,0.0435791015625,nan,0.0435791015625,1,0.7646484375,0.7806396484375,0.012382940125806924,8,3,15,63,66,20260920,761,4.333426599972881
qft_adder,S2,4,0.001,4,8,1024,8192,0.769287109375,0.7600392496170116,0.7782825349328382,0.4901123046875,-0.2073974609375,0.076416015625,nan,0.0482177734375,nan,0.06298828125,nan,0.06298828125,1,0.7593994140625,0.7796630859375,0.015631538113125242,8,3,15,63,66,20260920,761,4.279990000010002
qft_adder,S2,4,0.003,0,8,1024,8192,0.7421875,0.7326030832850025,0.7515448861378905,0.82275390625,0.82275390625,0.0704345703125,0.2578125,nan,0.164306640625,nan,0.164306640625,nan,1,0.737060546875,0.747802734375,0.008153816515737978,8,3,15,63,66,20260920,761,5.863894000009168
qft_adder,S2,4,0.003,1,8,1024,8192,0.73193359375,0.7222344948393078,0.7414152742652773,0.6732177734375,0.5616455078125,0.0926513671875,nan,0.0557861328125,0.2122802734375,nan,0.2122802734375,nan,1,0.7218017578125,0.7401123046875,0.013948102399497755,8,3,15,63,66,20260920,761,4.328219400020316
qft_adder,S2,4,0.003,2,8,1024,8192,0.7235107421875,0.7137223470938904,0.7330896146063702,0.6134033203125,0.3621826171875,0.0928955078125,nan,0.0335693359375,nan,0.092041015625,nan,0.092041015625,1,0.714111328125,0.7332763671875,0.014960747176556571,8,3,15,63,66,20260920,761,4.3295928000006825
qft_adder,S2,4,0.003,3,8,1024,8192,0.71875,0.7089130383633181,0.7283819017605851,0.5694580078125,0.1541748046875,0.0946044921875,nan,0.017333984375,nan,0.052734375,nan,0.052734375,1,0.7078857421875,0.7281494140625,0.015563845166512918,8,3,15,63,66,20260920,761,4.373257500003092
qft_adder,S2,4,0.003,4,8,1024,8192,0.7174072265625,0.7075568114559926,0.7270538405309895,0.589111328125,-0.249755859375,0.09423828125,nan,0.0548095703125,nan,0.07470703125,nan,0.07470703125,1,0.7117919921875,0.72314453125,0.00878033886261464,8,3,15,63,66,20260920,761,4.3858712000073865
qft_adder,S2,4,0.005,0,8,1024,8192,0.6865234375,0.6763922139069357,0.6964798109308569,1.025146484375,1.025146484375,0.0919189453125,0.3134765625,nan,0.2047119140625,nan,0.2047119140625,nan,1,0.6781005859375,0.6951904296875,0.013205535230133071,8,3,15,63,66,20260920,761,5.88418700004695
qft_adder,S2,4,0.005,1,8,1024,8192,0.6749267578125,0.6647036826606678,0.6849858537218956,0.8218994140625,0.6856689453125,0.112060546875,nan,0.068115234375,0.2569580078125,nan,0.2569580078125,nan,1,0.6624755859375,0.6859130859375,0.017843036529501425,8,3,15,63,66,20260920,761,4.3696173000498675
qft_adder,S2,4,0.005,2,8,1024,8192,0.6773681640625,0.6671638310436685,0.6874062292242062,0.7203369140625,0.4461669921875,0.11181640625,nan,0.0338134765625,nan,0.103271484375,nan,0.103271484375,1,0.6700439453125,0.683837890625,0.010722352578724264,8,3,15,63,66,20260920,761,4.37546900002053
qft_adder,S2,4,0.005,3,8,1024,8192,0.6715087890625,0.6612600016051702,0.6815968013379572,0.66943359375,0.181884765625,0.112060546875,nan,0.0245361328125,nan,0.06201171875,nan,0.06201171875,1,0.6612548828125,0.6812744140625,0.015325120890666614,8,3,15,63,66,20260920,761,4.253630299994256
qft_adder,S2,4,0.005,4,8,1024,8192,0.66650390625,0.6562185678570802,0.6766331611211587,0.6724853515625,-0.2576904296875,0.1146240234375,nan,0.0572509765625,nan,0.079345703125,nan,0.079345703125,1,0.6588134765625,0.673828125,0.011531237901658383,8,3,15,63,66,20260920,761,4.322670199966524
qft_adder,S2,4,0.01,0,8,1024,8192,0.58203125,0.5713145732721949,0.5926710292742687,1.3829345703125,1.3829345703125,0.1319580078125,0.41796875,nan,0.27197265625,nan,0.27197265625,nan,1,0.5750732421875,0.5887451171875,0.01060818407343771,8,3,15,63,66,20260920,761,5.906694600009359
qft_adder,S2,4,0.01,1,8,1024,8192,0.5701904296875,0.5594398365590523,0.5808752251436511,1.1044921875,0.93603515625,0.1483154296875,nan,0.084228515625,0.3455810546875,nan,0.3455810546875,nan,1,0.5618896484375,0.576904296875,0.011688921067562334,8,3,15,63,66,20260920,761,4.3842964000068605
qft_adder,S2,4,0.01,2,8,1024,8192,0.5697021484375,0.558950291368739,0.5803886655569022,0.9654541015625,0.5963134765625,0.1510009765625,nan,0.045166015625,nan,0.139404296875,nan,0.139404296875,1,0.55517578125,0.58544921875,0.023477792165881042,8,3,15,63,66,20260920,761,4.436277800006792
qft_adder,S2,4,0.01,3,8,1024,8192,0.552978515625,0.5421897557710177,0.5637176125402402,0.9039306640625,0.2291259765625,0.149169921875,nan,0.0377197265625,nan,0.083984375,nan,0.083984375,1,0.5445556640625,0.562255859375,0.013669383542120543,8,3,15,63,66,20260920,761,4.361638300004415
qft_adder,S2,4,0.01,4,8,1024,8192,0.5592041015625,0.548427633085824,0.569925071132978,0.889404296875,-0.308349609375,0.1551513671875,nan,0.067138671875,nan,0.0999755859375,nan,0.0999755859375,1,0.55029296875,0.5667724609375,0.012965420477759632,8,3,15,63,66,20260920,761,4.399092999985442
qft_adder,S2,4,0.02,0,8,1024,8192,0.42431640625,0.4136517131262081,0.43505204642913786,1.9649658203125,1.9649658203125,0.19580078125,0.57568359375,nan,0.39892578125,nan,0.39892578125,nan,1,0.4169921875,0.432373046875,0.011983159191681034,8,3,15,63,66,20260920,761,5.9464408999774605
qft_adder,S2,4,0.02,1,8,1024,8192,0.4189453125,0.408301582367781,0.42966502463987977,1.5166015625,1.299072265625,0.19921875,nan,0.1087646484375,0.4722900390625,nan,0.4722900390625,nan,1,0.4085693359375,0.4290771484375,0.015755246765498186,8,3,15,63,66,20260920,761,4.452696399996057
qft_adder,S2,4,0.02,2,8,1024,8192,0.4127197265625,0.4021019209005166,0.42341935019960014,1.3328857421875,0.8302001953125,0.2059326171875,nan,0.06494140625,nan,0.1864013671875,nan,0.1864013671875,1,0.4044189453125,0.4207763671875,0.01246176730996264,8,3,15,63,66,20260920,761,4.354880099999718
qft_adder,S2,4,0.02,3,8,1024,8192,0.4071044921875,0.396511576229964,0.41778448993393635,1.2164306640625,0.3092041015625,0.2098388671875,nan,0.054443359375,nan,0.12109375,nan,0.12109375,1,0.4002685546875,0.414306640625,0.010829815834974365,8,3,15,63,66,20260920,761,4.389432800002396
qft_adder,S2,4,0.02,4,8,1024,8192,0.4071044921875,0.396511576229964,0.41778448993393635,1.2222900390625,-0.4071044921875,0.2158203125,nan,0.084716796875,nan,0.1416015625,nan,0.1416015625,1,0.3963623046875,0.4183349609375,0.017078380243270942,8,3,15,63,66,20260920,761,4.3952707999851555
qft_adder,S2,4,0.03,0,8,1024,8192,0.316162109375,0.30618130706061264,0.32631524437543735,2.380615234375,2.380615234375,0.239501953125,0.683837890625,nan,0.4871826171875,nan,0.4871826171875,nan,1,0.3104248046875,0.32177734375,0.00883929716387471,8,3,15,63,66,20260920,761,5.920649499981664
qft_adder,S2,4,0.03,1,8,1024,8192,0.324462890625,0.31440902291752554,0.3346813097285833,1.8466796875,1.606689453125,0.2474365234375,nan,0.1199951171875,0.5555419921875,nan,0.5555419921875,nan,1,0.3153076171875,0.3338623046875,0.01433110519106914,8,3,15,63,66,20260920,761,4.385243199998513
qft_adder,S2,4,0.03,2,8,1024,8192,0.31689453125,0.30690713397656466,0.3270535746250788,1.5938720703125,1.0103759765625,0.249755859375,nan,0.077880859375,nan,0.2138671875,nan,0.2138671875,1,0.3018798828125,0.32666015625,0.020230237787192205,8,3,15,63,66,20260920,761,4.461741400009487
qft_adder,S2,4,0.03,3,8,1024,8192,0.3218994140625,0.3118677195807796,0.33209806298575223,1.4324951171875,0.3743896484375,0.253173828125,nan,0.0694580078125,nan,0.149658203125,nan,0.149658203125,1,0.30712890625,0.337158203125,0.02338476151185742,8,3,15,63,66,20260920,761,4.3691719000344165
qft_adder,S2,4,0.03,4,8,1024,8192,0.311279296875,0.3013432012432765,0.32139230242215067,1.4434814453125,-0.4276123046875,0.2596435546875,nan,0.0927734375,nan,0.1629638671875,nan,0.1629638671875,1,0.3043212890625,0.3194580078125,0.011704208798221044,8,3,15,63,66,20260920,761,4.293027300038375
qft_adder,S2,4,0.05,0,8,1024,8192,0.209228515625,0.2005575742606985,0.21817203099871127,2.9053955078125,2.9053955078125,0.3082275390625,0.790771484375,nan,0.6005859375,nan,0.6005859375,nan,1,0.2037353515625,0.2142333984375,0.00811613500541115,8,3,15,63,66,20260920,761,5.917797999980394
qft_adder,S2,4,0.05,1,8,1024,8192,0.216796875,0.20800759651531062,0.22585163278856454,2.2696533203125,2.0238037109375,0.305419921875,nan,0.1229248046875,0.6602783203125,nan,0.6602783203125,nan,1,0.2076416015625,0.225830078125,0.013908977210507274,8,3,15,63,66,20260920,761,4.377673199982382
qft_adder,S2,4,0.05,2,8,1024,8192,0.2230224609375,0.21413916774218544,0.23216539746923381,1.880126953125,1.2236328125,0.3013916015625,nan,0.09521484375,nan,0.2330322265625,nan,0.2330322265625,1,0.2176513671875,0.228759765625,0.008686741638016209,8,3,15,63,66,20260920,761,4.426754799962509
qft_adder,S2,4,0.05,3,8,1024,8192,0.2196044921875,0.21077244950480842,0.22869938226717487,1.708984375,0.405029296875,0.3037109375,nan,0.091552734375,nan,0.2000732421875,nan,0.2000732421875,1,0.205810546875,0.231201171875,0.019596970205546963,8,3,15,63,66,20260920,761,4.358571799995843
qft_adder,S2,4,0.05,4,8,1024,8192,0.2061767578125,0.19755482518402823,0.21507412521874225,1.73388671875,-0.46826171875,0.314697265625,nan,0.109130859375,nan,0.20068359375,nan,0.20068359375,1,0.1978759765625,0.2158203125,0.01380512927120513,8,3,15,63,66,20260920,761,4.37239660002524
qft_adder,S2,6,0.0,0,8,1024,8192,0.791015625,0.7820757737622638,0.7996826733668577,0.6195068359375,0.6195068359375,0.0137939453125,0.208984375,nan,0.12841796875,nan,0.12841796875,nan,1,0.781982421875,0.7998046875,0.013859915409620303,8,3,21,71,90,20260920,761,6.054549099993892
qft_adder,S2,6,0.0,1,8,1024,8192,0.7725830078125,0.7633795823906185,0.7815309094044017,0.5440673828125,0.4569091796875,0.0169677734375,nan,0.0435791015625,0.183837890625,nan,0.183837890625,nan,1,0.760986328125,0.7840606689453125,0.018032911911170197,8,3,21,71,90,20260920,761,5.92860699997982
qft_adder,S2,6,0.0,2,8,1024,8192,0.7823486328125,0.77328159673848,0.7911509905977859,0.4765625,0.2734375,0.0140380859375,nan,0.0321044921875,nan,0.0694580078125,nan,0.0694580078125,1,0.7716064453125,0.7923583984375,0.015845245144599455,8,3,21,71,90,20260920,761,5.968481599993538
qft_adder,S2,6,0.0,3,8,1024,8192,0.7626953125,0.7533609297865381,0.7717834402729707,0.4798583984375,0.1705322265625,0.0455322265625,nan,0.011474609375,nan,0.0400390625,nan,0.0400390625,1,0.7537841796875,0.77197265625,0.014045438558764754,8,3,21,71,90,20260920,761,5.8611477999947965
qft_adder,S2,6,0.0,4,8,1024,8192,0.7720947265625,0.7628846682318611,0.7810497187860967,0.462890625,-0.16064453125,0.016845703125,nan,0.04345703125,nan,0.0570068359375,nan,0.0570068359375,1,0.7672119140625,0.7764892578125,0.007343955921196348,8,3,21,71,90,20260920,761,5.849524100020062
qft_adder,S2,6,0.0,5,8,1024,8192,0.7476806640625,0.7381604629823789,0.7569686851824647,0.5462646484375,-0.3665771484375,0.025146484375,nan,0.022216796875,nan,0.06884765625,nan,0.06884765625,1,0.7430419921875,0.752685546875,0.007399400225749591,8,3,21,71,90,20260920,761,5.957676399964839
qft_adder,S2,6,0.0,6,8,1024,8192,0.7508544921875,0.7413722986246736,0.760101530591075,0.6029052734375,-0.5211181640625,0.0408935546875,nan,0.0166015625,nan,0.038818359375,nan,0.038818359375,1,0.7390106201171875,0.7628173828125,0.018280527848173706,8,3,21,71,90,20260920,761,5.94271650002338
qft_adder,S2,6,0.001,0,8,1024,8192,0.746337890625,0.7368018100856143,0.755643049942308,0.7685546875,0.7685546875,0.0206298828125,0.253662109375,nan,0.1561279296875,nan,0.1561279296875,nan,1,0.73486328125,0.7568359375,0.017096817773448826,8,3,21,71,90,20260920,761,10.949609999952372
qft_adder,S2,6,0.001,1,8,1024,8192,0.7392578125,0.7296399473855545,0.7486513933749647,0.6295166015625,0.5306396484375,0.019287109375,nan,0.0494384765625,0.2113037109375,nan,0.2113037109375,nan,1,0.7235107421875,0.7532958984375,0.023168564930712923,8,3,21,71,90,20260920,761,7.565388000046369
qft_adder,S2,6,0.001,2,8,1024,8192,0.741455078125,0.731862247551692,0.7508215647056076,0.5557861328125,0.3311767578125,0.0152587890625,nan,0.0330810546875,nan,0.0792236328125,nan,0.0792236328125,1,0.729248046875,0.7530517578125,0.018379474061841365,8,3,21,71,90,20260920,761,7.657196899992414
qft_adder,S2,6,0.001,3,8,1024,8192,0.7310791015625,0.7213707445381446,0.7405708412065813,0.53076171875,0.17578125,0.046875,nan,0.014404296875,nan,0.0458984375,nan,0.0458984375,1,0.7177734375,0.743408203125,0.019662903799037366,8,3,21,71,90,20260920,761,7.430151199980173
qft_adder,S2,6,0.001,4,8,1024,8192,0.7396240234375,0.7300103092496805,0.7490131100936356,0.5302734375,-0.1728515625,0.021728515625,nan,0.046630859375,nan,0.06591796875,nan,0.06591796875,1,0.7335205078125,0.745849609375,0.009524613868716387,8,3,21,71,90,20260920,761,7.407302099978551
qft_adder,S2,6,0.001,5,8,1024,8192,0.71630859375,0.7064472507476011,0.7259671654909908,0.6085205078125,-0.4134521484375,0.0262451171875,nan,0.02587890625,nan,0.074951171875,nan,0.074951171875,1,0.712158203125,0.720703125,0.006582101625047684,8,3,21,71,90,20260920,761,7.500465199991595
qft_adder,S2,6,0.001,6,8,1024,8192,0.7161865234375,0.7063239706283747,0.7258464194159516,0.67919921875,-0.587646484375,0.0457763671875,nan,0.017333984375,nan,0.0440673828125,nan,0.0440673828125,1,0.7044677734375,0.72900390625,0.019193064752936705,8,3,21,71,90,20260920,761,7.245789300010074
qft_adder,S2,6,0.003,0,8,1024,8192,0.684326171875,0.6741769918236615,0.6943025615173508,0.9615478515625,0.9615478515625,0.0264892578125,0.315673828125,nan,0.1907958984375,nan,0.1907958984375,nan,1,0.676025390625,0.69091796875,0.011409493599167894,8,3,21,71,90,20260920,761,10.99915620003594
qft_adder,S2,6,0.003,1,8,1024,8192,0.677001953125,0.6667947887127785,0.6870431929722995,0.7901611328125,0.6722412109375,0.0264892578125,nan,0.0589599609375,0.2640380859375,nan,0.2640380859375,nan,1,0.66552734375,0.6884765625,0.017845422440661316,8,3,21,71,90,20260920,761,7.5070431000203826
qft_adder,S2,6,0.003,2,8,1024,8192,0.67822265625,0.6680249574410051,0.6882532861867285,0.687744140625,0.4248046875,0.023681640625,nan,0.036865234375,nan,0.0946044921875,nan,0.0946044921875,1,0.6739501953125,0.6820068359375,0.006263935357322447,8,3,21,71,90,20260920,761,7.576111799979117
qft_adder,S2,6,0.003,3,8,1024,8192,0.66259765625,0.6522846894762612,0.6727582012854795,0.6685791015625,0.2210693359375,0.057373046875,nan,0.0234375,nan,0.05615234375,nan,0.05615234375,1,0.6507568359375,0.6728515625,0.017296856852487576,8,3,21,71,90,20260920,761,7.449357800011057
qft_adder,S2,6,0.003,4,8,1024,8192,0.6724853515625,0.6622438480202302,0.6825651644770216,0.6568603515625,-0.2340087890625,0.0263671875,nan,0.0565185546875,nan,0.0799560546875,nan,0.0799560546875,1,0.664794921875,0.680419921875,0.01200516684877368,8,3,21,71,90,20260920,761,7.413888100010809
qft_adder,S2,6,0.003,5,8,1024,8192,0.6572265625,0.6468768803995886,0.6674288578144669,0.73974609375,-0.50146484375,0.03271484375,nan,0.0321044921875,nan,0.087158203125,nan,0.087158203125,1,0.6517333984375,0.6627197265625,0.008561348210137421,8,3,21,71,90,20260920,761,7.5818544999929145
qft_adder,S2,6,0.003,6,8,1024,8192,0.658935546875,0.6485973878202087,0.6691247171135648,0.8367919921875,-0.7327880859375,0.052001953125,nan,0.0228271484375,nan,0.0595703125,nan,0.0595703125,1,0.6529541015625,0.667236328125,0.011241078548067713,8,3,21,71,90,20260920,761,7.5076862999703735
qft_adder,S2,6,0.005,0,8,1024,8192,0.626953125,0.6164233585416085,0.6373638834945855,1.161376953125,1.161376953125,0.0361328125,0.373046875,nan,0.2274169921875,nan,0.2274169921875,nan,1,0.6176727294921875,0.6358673095703125,0.014074508141899096,8,3,21,71,90,20260920,761,10.891047099954449
qft_adder,S2,6,0.005,1,8,1024,8192,0.6181640625,0.607590328112352,0.6286270279367208,0.92626953125,0.78125,0.028564453125,nan,0.072509765625,0.309326171875,nan,0.309326171875,nan,1,0.6082763671875,0.6279296875,0.015191747252054731,8,3,21,71,90,20260920,761,7.601789199979976
qft_adder,S2,6,0.005,2,8,1024,8192,0.624755859375,0.614214756590831,0.6351800139485827,0.8111572265625,0.4954833984375,0.0303955078125,nan,0.044677734375,nan,0.1131591796875,nan,0.1131591796875,1,0.614990234375,0.63330078125,0.014226148946929104,8,3,21,71,90,20260920,761,7.62435880000703
qft_adder,S2,6,0.005,3,8,1024,8192,0.60888671875,0.5982705265882238,0.6194008386966656,0.7752685546875,0.2462158203125,0.0633544921875,nan,0.0281982421875,nan,0.0673828125,nan,0.0673828125,1,0.6019287109375,0.6148681640625,0.009945333103025455,8,3,21,71,90,20260920,761,7.610418700031005
qft_adder,S2,6,0.005,4,8,1024,8192,0.6226806640625,0.6121290660336722,0.6331172592032266,0.753662109375,-0.2529296875,0.0343017578125,nan,0.060546875,nan,0.092041015625,nan,0.092041015625,1,0.61572265625,0.630859375,0.011718023368469306,8,3,21,71,90,20260920,761,7.494163400027901
qft_adder,S2,6,0.005,5,8,1024,8192,0.6016845703125,0.5910381828095634,0.6122356370136572,0.8619384765625,-0.5919189453125,0.03466796875,nan,0.041015625,nan,0.10107421875,nan,0.10107421875,1,0.5977783203125,0.605224609375,0.005799487007643656,8,3,21,71,90,20260920,761,7.68918390001636
qft_adder,S2,6,0.005,6,8,1024,8192,0.5963134765625,0.5856461286917252,0.6068905385838104,0.999755859375,-0.885498046875,0.05712890625,nan,0.0284423828125,nan,0.071533203125,nan,0.071533203125,1,0.5869140625,0.6055908203125,0.014521750349573292,8,3,21,71,90,20260920,761,7.400835300039034
qft_adder,S2,6,0.01,0,8,1024,8192,0.5047607421875,0.49393416536143375,0.5155828562149236,1.6148681640625,1.6148681640625,0.055908203125,0.4952392578125,nan,0.3238525390625,nan,0.3238525390625,nan,1,0.4951171875,0.51318359375,0.013991378893479015,8,3,21,71,90,20260920,761,11.048632899997756
qft_adder,S2,6,0.01,1,8,1024,8192,0.501220703125,0.4903953273263272,0.5120449346163286,1.2642822265625,1.0877685546875,0.0416259765625,nan,0.0882568359375,0.4105224609375,nan,0.4105224609375,nan,1,0.48779296875,0.5133056640625,0.01979970362497878,8,3,21,71,90,20260920,761,7.522886399994604
qft_adder,S2,6,0.01,2,8,1024,8192,0.5045166015625,0.49369009015204396,0.515338879035782,1.1103515625,0.711669921875,0.0526123046875,nan,0.0535888671875,nan,0.145751953125,nan,0.145751953125,1,0.4970703125,0.5107421875,0.010542966734124219,8,3,21,71,90,20260920,761,7.529524700017646
qft_adder,S2,6,0.01,3,8,1024,8192,0.4957275390625,0.4849051007233074,0.5065539824773976,1.0072021484375,0.2674560546875,0.072998046875,nan,0.0455322265625,nan,0.1014404296875,nan,0.1014404296875,1,0.48583984375,0.5069580078125,0.016164458939191415,8,3,21,71,90,20260920,761,7.563040399982128
qft_adder,S2,6,0.01,4,8,1024,8192,0.48828125,0.4774648789292705,0.49910860642123467,1.0244140625,-0.33349609375,0.04736328125,nan,0.076904296875,nan,0.12353515625,nan,0.12353515625,1,0.47998046875,0.4957275390625,0.012374685748625384,8,3,21,71,90,20260920,761,7.527344800007995
qft_adder,S2,6,0.01,5,8,1024,8192,0.4759521484375,0.4651511053351621,0.48677573439452043,1.1588134765625,-0.7943115234375,0.0484619140625,nan,0.0560302734375,nan,0.132080078125,nan,0.132080078125,1,0.46630859375,0.48681640625,0.016029038610563894,8,3,21,71,90,20260920,761,7.563800200005062
qft_adder,S2,6,0.01,6,8,1024,8192,0.4866943359375,0.4758795682767161,0.4975215765483367,1.30712890625,-1.155517578125,0.0758056640625,nan,0.0465087890625,nan,0.100341796875,nan,0.100341796875,1,0.4739990234375,0.5000030517578125,0.02026346177010267,8,3,21,71,90,20260920,761,7.6119022000348195
qft_adder,S2,6,0.02,0,8,1024,8192,0.34765625,0.3374172668609477,0.3580380426956196,2.23388671875,2.23388671875,0.0780029296875,0.65234375,nan,0.452880859375,nan,0.452880859375,nan,1,0.336669921875,0.3580322265625,0.016399273070065102,8,3,21,71,90,20260920,761,11.2993298000074
qft_adder,S2,6,0.02,1,8,1024,8192,0.3466796875,0.3364479460137796,0.35705515398866317,1.7440185546875,1.5330810546875,0.0660400390625,nan,0.10546875,0.5478515625,nan,0.5478515625,nan,1,0.3348388671875,0.3590087890625,0.01873371688794031,8,3,21,71,90,20260920,761,7.5638066999963485
qft_adder,S2,6,0.02,2,8,1024,8192,0.345947265625,0.335720986781496,0.3563179560553533,1.49365234375,0.95849609375,0.070068359375,nan,0.07666015625,nan,0.19091796875,nan,0.19091796875,1,0.3360595703125,0.35595703125,0.01523428557093715,8,3,21,71,90,20260920,761,7.564442900009453
qft_adder,S2,6,0.02,3,8,1024,8192,0.3394775390625,0.3293006891632447,0.34980486537752936,1.357177734375,0.37255859375,0.0911865234375,nan,0.06982421875,nan,0.1424560546875,nan,0.1424560546875,1,0.328125,0.353759765625,0.01989023811375893,8,3,21,71,90,20260920,761,7.557537800050341
qft_adder,S2,6,0.02,4,8,1024,8192,0.3489990234375,0.338750160999354,0.35938943669413465,1.347900390625,-0.398681640625,0.0714111328125,nan,0.0899658203125,nan,0.161865234375,nan,0.161865234375,1,0.340087890625,0.3572998046875,0.01327691528362635,8,3,21,71,90,20260920,761,7.532053700007964
qft_adder,S2,6,0.02,5,8,1024,8192,0.3304443359375,0.3203400742119805,0.34070754195314124,1.536376953125,-1.05224609375,0.0687255859375,nan,0.08251953125,nan,0.169189453125,nan,0.169189453125,1,0.31689453125,0.3438720703125,0.021496657786603708,8,3,21,71,90,20260920,761,7.620379799976945
qft_adder,S2,6,0.02,6,8,1024,8192,0.330810546875,0.320703260478786,0.34107643426913253,1.792724609375,-1.59814453125,0.0972900390625,nan,0.0684814453125,nan,0.149658203125,nan,0.149658203125,1,0.3206787109375,0.341064453125,0.015605369225165384,8,3,21,71,90,20260920,761,7.576676900032908
qft_adder,S2,6,0.03,0,8,1024,8192,0.249755859375,0.24050088764879055,0.25924541410678875,2.693603515625,2.693603515625,0.0947265625,0.750244140625,nan,0.55859375,nan,0.55859375,nan,1,0.2423095703125,0.2568359375,0.011082401726806296,8,3,21,71,90,20260920,761,10.906325799995102
qft_adder,S2,6,0.03,1,8,1024,8192,0.25732421875,0.24797291882629477,0.26690300697374997,2.06640625,1.8388671875,0.0836181640625,nan,0.11376953125,0.62890625,nan,0.62890625,nan,1,0.2454833984375,0.2694091796875,0.018135087536929568,8,3,21,71,90,20260920,761,7.563375499972608
qft_adder,S2,6,0.03,2,8,1024,8192,0.26025390625,0.2508663195735725,0.26986623488884587,1.7337646484375,1.1453857421875,0.0889892578125,nan,0.0833740234375,nan,0.2108154296875,nan,0.2108154296875,1,0.252197265625,0.267578125,0.01179984958358845,8,3,21,71,90,20260920,761,7.62687769997865
qft_adder,S2,6,0.03,3,8,1024,8192,0.2672119140625,0.25774033811725416,0.27690170941830183,1.5264892578125,0.3553466796875,0.0926513671875,nan,0.0855712890625,nan,0.1748046875,nan,0.1748046875,1,0.2606201171875,0.273193359375,0.009848110072435938,8,3,21,71,90,20260920,761,7.648434699978679
qft_adder,S2,6,0.03,4,8,1024,8192,0.2587890625,0.24941955012520797,0.26838469000602366,1.5714111328125,-0.4486083984375,0.0889892578125,nan,0.10009765625,nan,0.189208984375,nan,0.189208984375,1,0.251220703125,0.26611328125,0.011765161072716527,8,3,21,71,90,20260920,761,7.473281199985649
qft_adder,S2,6,0.03,5,8,1024,8192,0.2545166015625,0.24520059779922038,0.2640627255327162,1.7801513671875,-1.2327880859375,0.08203125,nan,0.1016845703125,nan,0.1981201171875,nan,0.1981201171875,1,0.2401123046875,0.267822265625,0.0211774025127858,8,3,21,71,90,20260920,761,7.560699000023305
qft_adder,S2,6,0.03,6,8,1024,8192,0.2437744140625,0.23459826961827995,0.2531907486182864,2.1119384765625,-1.8988037109375,0.1065673828125,nan,0.0872802734375,nan,0.18408203125,nan,0.18408203125,1,0.2313232421875,0.256591796875,0.01953081402973242,8,3,21,71,90,20260920,761,7.593725299986545
qft_adder,S2,6,0.05,0,8,1024,8192,0.1688232421875,0.16086710765079193,0.1770898273067138,3.0927734375,3.0927734375,0.10009765625,0.8311767578125,nan,0.665283203125,nan,0.665283203125,nan,1,0.1636962890625,0.173828125,0.007889504359845114,8,3,21,71,90,20260920,761,11.009289100009482
qft_adder,S2,6,0.05,1,8,1024,8192,0.1700439453125,0.16206396566629605,0.1783332312338654,2.3997802734375,2.1422119140625,0.099365234375,nan,0.1287841796875,0.701171875,nan,0.701171875,nan,1,0.1602783203125,0.17822265625,0.01386421524830674,8,3,21,71,90,20260920,761,7.611120799963828
qft_adder,S2,6,0.05,2,8,1024,8192,0.1790771484375,0.1709253547240644,0.1875297805517493,2.025146484375,1.34765625,0.1158447265625,nan,0.106689453125,nan,0.2320556640625,nan,0.2320556640625,1,0.1746826171875,0.182861328125,0.0064342585642120104,8,3,21,71,90,20260920,761,7.85413829999743
qft_adder,S2,6,0.05,3,8,1024,8192,0.18603515625,0.17775638320244583,0.1946082451465054,1.761474609375,0.396728515625,0.1103515625,nan,0.105712890625,nan,0.2137451171875,nan,0.2137451171875,1,0.1810302734375,0.19189453125,0.008384475000734776,8,3,21,71,90,20260920,761,7.573553800000809
qft_adder,S2,6,0.05,4,8,1024,8192,0.18310546875,0.1748796077843321,0.19162839190224545,1.7708740234375,-0.4786376953125,0.099609375,nan,0.11279296875,nan,0.213134765625,nan,0.213134765625,1,0.1751708984375,0.1929931640625,0.014074508141899096,8,3,21,71,90,20260920,761,7.542613999976311
qft_adder,S2,6,0.05,5,8,1024,8192,0.1778564453125,0.16972740170806833,0.18628747162508968,2.031982421875,-1.388916015625,0.100830078125,nan,0.1114501953125,nan,0.226806640625,nan,0.226806640625,1,0.16796875,0.1861572265625,0.013706086619948234,8,3,21,71,90,20260920,761,7.7459144000313245
qft_adder,S2,6,0.05,6,8,1024,8192,0.1705322265625,0.16254275149634234,0.1788305501808814,2.4737548828125,-2.2469482421875,0.1134033203125,nan,0.1114501953125,nan,0.2264404296875,nan,0.2264404296875,1,0.1622314453125,0.1778564453125,0.01209561317485902,8,3,21,71,90,20260920,761,7.884231300035026
